dataset,system,seed,split,draws,windows,ensemble_mean_mae,ensemble_mean_rmse,expected_sample_mae,expected_sample_rmse,empirical_crps,normalized_energy_score,weighted_interval_score,picp_50,mpiw_50,interval_score_50,picp_80,mpiw_80,interval_score_80,picp_90,mpiw_90,interval_score_90,picp_95,mpiw_95,interval_score_95,mean_ensemble_std,median_ensemble_std,spread_skill_ratio,mean_absolute_coverage_error,slope_mae,curvature_mae,high_curvature_mae,derivative_sign_agreement,turning_point_f1_pm2,boundary_jump_mae,spectral_log_amplitude_mae,acf_mae_lags_1_32,dominant_frequency_index_error,cross_correlation_phase_lag_mae
ETTh,TS_REC_ORIGINAL,0,FINAL_TEST,10,1679,2.125814199447632,3.84778094291687,2.397252559661865,4.136711597442627,1.728796124458313,13.086575271707632,6.900642395019531,0.2514331447290053,1.5529609738114758,7.551194775456001,0.4301920254403131,2.7837996836537204,13.71138009324732,0.5108004339317621,3.409685454218001,21.81795339063052,0.545504339317621,3.722628339520492,37.79077118760061,1.2346028089523315,0.822913646697998,0.3208609916385785,0.3530175141453245,1.0295886993408203,1.4335442781448364,6.06689977645874,0.57844467944017,0.8534187007816091,0.7768855690956116,0.4765119244509818,0.2266272308825527,0.6245213987917978,20.78371479622224
ETTh,TS_REC_ORIGINAL,42,FINAL_TEST,10,1679,2.053383111953736,3.745582342147827,2.2558038234710693,3.884906768798828,1.7134873270988464,12.99318431597707,7.057501792907715,0.2206032502339828,1.2540218409243085,7.421914461503151,0.3806980132732068,2.253746786752847,14.142199648137538,0.4567410980175274,2.769243993862526,23.361773308826177,0.4899759635837658,3.026992597404773,41.60844361924742,0.9996531009674072,0.6706181764602661,0.2668885662233704,0.4004954187228793,0.9901261925697328,1.4086995124816897,5.915455341339111,0.5960193884979046,0.8667580518037148,0.7721719741821289,0.4606714541643219,0.2222141556842796,0.5806177146260529,20.70977622734621
ETTh,TS_REC_ORIGINAL,123,FINAL_TEST,10,1679,2.191070318222046,3.9916508197784415,2.5155017375946045,4.336302280426025,1.781763195991516,13.307270902227245,7.056769371032715,0.2705147090104654,1.7048766809813916,7.785566711409274,0.4573180783629711,3.0566772307081465,14.002045893516048,0.5395111886326895,3.742783470367345,22.090772265175023,0.5734838977282396,4.085836590230907,37.98527485038127,1.358039617538452,0.901902973651886,0.340220044000199,0.3272930315664085,1.0505750179290771,1.4367337226867676,6.0553154945373535,0.5692514845922486,0.84992768779011,0.7631332874298096,0.4755338807150631,0.2325028966505604,0.6290308857313026,21.062962647834595
ETTh,PETS_SHTRAIN_SH64_REC,0,FINAL_TEST,10,1679,2.084437847137451,3.747368097305298,2.2432403564453125,3.849603176116944,1.7538740634918213,13.545585333121194,7.336141109466553,0.1968579830681528,1.1238438813493836,7.570508793661279,0.3455886263081766,2.02832775495601,14.749884251627108,0.4170610695141666,2.502500617614789,24.79554185073299,0.4494876308176636,2.7395870489204954,44.69280262856864,0.902908205986023,0.6722944974899292,0.2409446263459671,0.4352511725729601,1.0865507125854492,1.5199779272079468,5.825233459472656,0.5895299950434809,0.9079721172946604,0.8704046607017517,0.4499814669287552,0.2148084090883191,0.6565983153237471,20.10576023143028
ETTh,PETS_SHTRAIN_SH64_REC,42,FINAL_TEST,10,1679,2.0558550357818604,3.690728187561035,2.2700345516204834,3.849498271942138,1.702695071697235,12.884047425387283,6.9471282958984375,0.2294680081681273,1.3089146989090414,7.402229586458676,0.3966939292095635,2.3557517921795914,13.888375504880765,0.4752097868629286,2.8982592736896606,22.661114774941154,0.5092994873649281,3.169513014453288,40.01414318576403,1.045796036720276,0.7549911737442017,0.2833576420623311,0.3848321970986131,1.0709956884384155,1.504939317703247,5.796532154083252,0.589873034780718,0.9022549967114434,0.8145790696144104,0.441649335095858,0.2095658712686918,0.5107632093933464,19.75248872628265
ETTh,PETS_SHTRAIN_SH64_REC,123,FINAL_TEST,10,1679,2.057882785797119,3.717160940170288,2.224470853805542,3.775947332382202,1.7306120991706848,13.449837014671926,7.225186347961426,0.2089905236960776,1.1414684858760291,7.469400790498152,0.3627850336084404,2.053387506239305,14.501202828187996,0.4355310878073683,2.522084159959067,24.377954997763588,0.4682554454181911,2.75643248680038,43.91993999493341,0.9078410267829896,0.6902600526809692,0.2442296799614493,0.4186094773674806,1.0715395212173462,1.5080922842025757,5.855862617492676,0.5927280977906351,0.9014671227600798,0.8462010025978088,0.4436135557456327,0.2064725430501979,0.542244533310644,19.96230749595848
ETTh,PETS_SHTRAIN_CG64_REC,0,FINAL_TEST,10,1679,2.130256414413452,4.061062812805176,2.256309747695923,4.0837483406066895,1.842172533273697,13.72819449363294,7.931664943695068,0.1709576810176125,0.941205753421202,7.863839350224069,0.3018178869224879,1.71197388063592,16.044967635286106,0.3652910427124989,2.1223658704320867,27.941651546915782,0.3943022526163532,2.3275618653517576,51.52040794261988,0.7665126323699951,0.5262227058410645,0.1887468053813546,0.4794077841827618,1.069709300994873,1.4588720798492432,5.831761837005615,0.5979992950128235,0.8810587270134083,0.9202170968055724,0.4618693502146306,0.2153281829146455,0.5874244873649281,20.697268782438528
ETTh,PETS_SHTRAIN_CG64_REC,42,FINAL_TEST,10,1679,2.0376088619232178,3.603047609329224,2.226625680923462,3.755173444747925,1.705151379108429,12.530997952809138,7.058987140655518,0.2117610929124478,1.195066028348777,7.380557911283402,0.3696955032757594,2.162086090552635,14.163473730199788,0.4462318131540883,2.6677561025793115,23.529931924432493,0.4795796817833744,2.9205911085701683,42.081377407982494,0.9618147611618042,0.6594486236572266,0.266944782708787,0.4106829772185825,1.0432641506195068,1.4686565399169922,5.806065082550049,0.5897190720640053,0.89434968480882,0.8252251148223877,0.4444429557896165,0.2157383410223833,0.499957457670382,20.25040415213137
ETTh,PETS_SHTRAIN_CG64_REC,123,FINAL_TEST,10,1679,2.0032925605773926,3.66454553604126,2.1678919792175293,3.7190425395965576,1.694281667470932,12.977467770083932,7.097118854522705,0.2049662852037777,1.0953217765472685,7.302538966681803,0.3544879498851357,1.969656834136113,14.257827515888277,0.4257915532204543,2.418335276928194,24.067590393783448,0.4568501127371734,2.6426744983000043,43.48597562893691,0.8729016184806824,0.6405272483825684,0.2382018752108786,0.4269760247383647,1.0538110733032229,1.4704675674438477,5.87674617767334,0.5919407270551659,0.8930879691938409,0.7976752519607544,0.4526727877380649,0.2111584697265436,0.5827448311069514,20.65191865906577
Energy,TS_REC_ORIGINAL,0,FINAL_TEST,10,1910,5.729442119598389,20.224027633666992,6.058778762817383,18.531784057617188,4.981587052345276,26.181964914662032,21.68536758422852,0.1061027486910994,2.5834143266249026,21.06358951774164,0.1822787140052356,4.5340502878102855,43.75624626175825,0.2174796652954375,5.457713048670535,77.89683996178154,0.2345763018885564,5.919544429212433,145.5864036188677,1.9836238622665403,0.3563784956932068,0.0980825332222349,0.6023906425299177,2.500622034072876,3.9449501037597656,37.31257247924805,0.416454155833363,0.5436946516441362,2.8185577392578125,0.3486074071738659,0.4434687198678246,1.4962976813762154,18.166305160807777
Energy,TS_REC_ORIGINAL,42,FINAL_TEST,10,1910,5.907627105712891,20.7269229888916,6.28502082824707,19.93294906616211,5.061374187469482,25.214700630058694,21.83997917175293,0.1067259372662677,2.9305576327000105,21.44409981452276,0.1846326897905759,5.152449858075004,43.97969138269524,0.2204366702505609,6.201263383565354,77.66083996332964,0.2374634793380703,6.72567014655434,144.31163140326623,2.276948928833008,0.3259200751781463,0.1098546528133151,0.6001853058386313,2.53212308883667,3.9694900512695312,37.42512893676758,0.4203796701926844,0.5321464221897587,2.69783878326416,0.3402333360887191,0.4406345807580849,1.4290762902019447,18.38539640987285
Energy,TS_REC_ORIGINAL,123,FINAL_TEST,10,1910,5.750402450561523,19.52254295349121,6.132587909698486,18.650754928588867,4.955396056175232,26.075307470262683,21.36417961120605,0.118148431656694,2.8148439875670954,21.017638587181324,0.2004350341249065,4.941928717167834,43.05646520220919,0.2376934134255796,5.966720285911479,75.79035044032484,0.2555263065632012,6.47911607042787,140.62775163480387,2.1879470348358154,0.3595253825187683,0.1120728503478357,0.5845492035574047,2.504021406173706,3.942066431045532,37.34043502807617,0.4236447982334295,0.5384719573047733,2.6273584365844727,0.3453008993933693,0.4415069236071512,1.4697456993268512,17.7189229618549
Energy,PETS_SHTRAIN_SH64_REC,0,FINAL_TEST,10,1910,6.514265060424805,25.26526260375977,6.857143878936768,22.79155921936035,5.561257243156433,27.128422895533024,23.959753036499023,0.1141454749439042,3.0910403414336,23.642054962377003,0.1931455100037397,5.437993350589373,48.23495330987932,0.2293073929506357,6.572366888051316,84.78769517703192,0.2467844287584143,7.139553656924309,157.06356355821922,2.4232547283172607,0.391632080078125,0.0959125090572639,0.5916542983358265,2.59710431098938,4.025202751159668,37.622371673583984,0.3979170376702164,0.5301592739544801,2.8379549980163574,0.3439416589792153,0.4378771254216699,1.5787210172026926,18.063145100972328
Energy,PETS_SHTRAIN_SH64_REC,42,FINAL_TEST,10,1910,5.899524211883545,21.23287773132324,6.271928787231445,19.615646362304688,5.109809994697571,26.83341734439224,22.07368469238281,0.1061696545437546,2.836681603552416,21.648344069010168,0.1824204141735228,4.910877142766121,44.39490668297768,0.2173023209611069,5.863670578681512,78.51318292027858,0.2341696077973074,6.3400672968180505,146.21927131680033,2.1620891094207764,0.3640670776367187,0.1018274176858849,0.6024845006310771,2.5669307708740234,4.025125503540039,37.567344665527344,0.3959619973643908,0.528938723977168,2.8005928993225098,0.3459738398857773,0.4427097723693261,1.5634255796559462,18.09302543006732
Energy,PETS_SHTRAIN_SH64_REC,123,FINAL_TEST,10,1910,6.167240142822266,23.8464469909668,6.530751705169678,22.25090980529785,5.228508830070496,25.94630604226029,22.4011287689209,0.1197892319558713,3.0785375710506253,22.278108444414155,0.203309356301421,5.456790607936576,45.08698187019473,0.2415169806469708,6.617431093526637,78.7089165725158,0.2599812429880329,7.1977513363632415,145.1013596824349,2.442323923110962,0.3884928524494171,0.102418776433912,0.5813507970269259,2.573888063430786,3.985072135925293,37.32440948486328,0.403461611520699,0.5241683829509514,2.944287061691284,0.3483518435707277,0.4384970380161296,1.5766267763649962,17.664285714285715
Energy,PETS_SHTRAIN_CG64_REC,0,FINAL_TEST,10,1910,6.310594081878662,22.112001419067383,6.569727420806885,19.90017890930176,5.636140286922455,29.260254105115106,25.05654525756836,0.0764932568249813,2.2604638963696644,23.6218028777629,0.131722139117427,3.936898148362157,50.6999980246351,0.15735847513089,4.719244766253859,92.45646047812288,0.1699502150336574,5.110418075213701,175.4774831888427,1.7562729120254517,0.2631155848503113,0.0794262300702912,0.653618978473261,2.535290479660034,3.974796772003174,37.39719772338867,0.3891091165960276,0.5311619320644085,3.323880672454834,0.3646769302816967,0.4429272808665541,1.8931937172774869,18.024289454001497
Energy,PETS_SHTRAIN_CG64_REC,42,FINAL_TEST,10,1910,6.244630813598633,22.71495819091797,6.53306770324707,20.361143112182617,5.704130709171295,26.32787140559468,25.717029571533203,0.0960172026925953,2.104924704616495,23.684642654068387,0.1487182708489154,3.530384895994244,52.1075678230206,0.172651575355273,4.142604838798627,96.81344434226774,0.1844632339192221,4.448714810352009,185.87109537628749,1.5427451133728027,0.1947931945323944,0.0679175854256968,0.6370374292959985,2.5046749114990234,3.962137460708618,37.36232376098633,0.4036453324785412,0.5265484884412283,3.605935096740722,0.3779191981063269,0.4291428148057914,1.6834330590875093,17.651645474943905
Energy,PETS_SHTRAIN_CG64_REC,123,FINAL_TEST,10,1910,5.894097805023193,21.564828872680664,6.11030912399292,19.571916580200195,5.322373986244202,26.68810506005469,23.849523544311523,0.0750391501495886,1.8513644061117709,22.27103121489156,0.1279894353029169,3.2978804684588026,48.41910172239704,0.1526505235602094,4.010188657537243,88.77280085444276,0.1648008017015707,4.366342752060545,169.08593590411778,1.4878690242767334,0.200650930404663,0.068995169544871,0.6573800223214286,2.4951138496398926,3.9303793907165527,37.16334915161133,0.3916616210183899,0.5317687862427131,3.245615005493164,0.3850884575275938,0.4421656414088332,1.6991959611069558,17.722980553477935
AirQuality,TS_REC_ORIGINAL,0,FINAL_TEST,10,872,124.95040130615234,237.57980346679688,135.50830078125,246.6549835205078,101.54813385009766,17.282969006299506,415.281982421875,0.1718929185779816,76.96175406959081,441.45064172373407,0.3066525707186544,140.36851310714837,830.1718416998851,0.3731185493119266,174.14268111016384,1359.3788298355837,0.4031680045871559,191.02976511243853,2400.7748757886425,63.04936981201172,32.51659393310547,0.2653818586091356,0.4737919892010703,49.9091682434082,63.195743560791016,245.30870056152344,0.6881704771613029,0.8333790128604194,35.38142776489258,0.4071092355614163,0.2670713588681452,1.0736493374108054,19.48369011213048
AirQuality,TS_REC_ORIGINAL,42,FINAL_TEST,10,872,138.10304260253906,256.8226623535156,152.55162048339844,273.2379455566406,109.82769393920898,18.21831124915916,438.65087890625,0.1942891501019368,98.2045128795742,480.3975296480032,0.3424439347604485,177.79657152201102,871.7413659804001,0.4109944412589195,218.43671067680268,1387.237666589279,0.44198561735474,238.7567802531445,2395.858028641612,79.3655014038086,44.44279479980469,0.3090284193634058,0.4400717141309888,56.939449310302734,67.53278350830078,267.9215393066406,0.6841779525265764,0.8507739219506314,38.11025619506836,0.4198535490166568,0.2557442249139795,1.2054026503567787,20.19393476044852
AirQuality,TS_REC_ORIGINAL,123,FINAL_TEST,10,872,138.92198181152344,258.4700012207031,152.12911987304688,271.16094970703125,111.86300659179688,18.1959432958072,449.2319641113281,0.1965309633027523,94.2318687015756,489.6548156091021,0.3389279115698267,168.08235918621335,893.4244822620078,0.4070065621814475,205.0858352718644,1427.6609876536454,0.4387702280835882,223.58757331547807,2477.3214793049297,74.21532440185547,42.38056945800781,0.287133222622939,0.4421910837155963,58.979827880859375,69.4969253540039,271.4706726074219,0.6856544180703202,0.8509536049375828,38.68694305419922,0.4194716881572544,0.2514035205570916,1.305810397553517,20.085626911314986
AirQuality,PETS_SHTRAIN_SH64_REC,0,FINAL_TEST,10,872,136.99264526367188,245.4812164306641,153.0403594970703,267.49517822265625,111.84003448486328,18.80052142342175,445.48876953125,0.1916312277013251,93.92128281001924,490.6619360948739,0.3394774146279307,171.4644026421403,886.58699638268,0.4103732638888889,211.0896859044744,1395.85891012691,0.4425112289755352,230.90232753504245,2413.0536774879656,77.37398529052734,38.374603271484375,0.3151930987452213,0.4415017162015799,59.804237365722656,73.28543090820312,253.43002319335932,0.6398496027700921,0.8708898954772597,40.52066040039063,0.4171197816488039,0.2830719892824607,1.2284658511722732,20.14971967380224
AirQuality,PETS_SHTRAIN_SH64_REC,42,FINAL_TEST,10,872,126.6374282836914,233.7906188964844,140.77166748046875,248.4297637939453,103.86429595947266,17.283958184280507,419.6042175292969,0.1941677019622834,85.28027491024896,452.63743614902063,0.3388940653669725,153.8621078235307,836.5054121978083,0.4075341647553517,188.5387004836724,1349.572937484474,0.4374143890163099,205.87699681409424,2364.155506838655,68.51679992675781,32.8701057434082,0.293069072874541,0.4429974197247706,55.102142333984375,68.58092498779297,244.37860107421875,0.6466352766046956,0.8736691449009882,38.364524841308594,0.4021699175754988,0.2650665942565733,1.1410550458715596,19.20412844036697
AirQuality,PETS_SHTRAIN_SH64_REC,123,FINAL_TEST,10,872,145.91659545898438,265.3949890136719,157.9153594970703,274.2850952148437,121.86277389526369,19.660203985298832,503.3101196289063,0.1668896534148827,82.24596832834828,529.3089324496746,0.2961861302242609,149.5598821174598,1012.1218502654002,0.361081246814475,184.6566973313592,1665.8801273443194,0.3917240061162079,202.20510493727687,2964.592313518179,67.33711242675781,34.59708404541016,0.253724128993592,0.4835297408575433,61.10422897338867,74.2046127319336,251.93194580078125,0.6326108764946685,0.8712832347367495,41.889915466308594,0.4204918755106248,0.2759793892588398,1.258664627930683,20.09722222222222
AirQuality,PETS_SHTRAIN_CG64_REC,0,FINAL_TEST,10,872,129.0604705810547,232.50509643554688,137.790283203125,242.27061462402344,108.55165100097656,18.078733204806746,455.456298828125,0.1399301573649337,65.60527397703122,468.6519432442808,0.2508780103211009,120.68143331506349,918.2328278073536,0.309338366462793,150.29205291847714,1543.8853543843893,0.3364372292303771,165.09736271942225,2786.078659634981,54.88733673095703,23.79403305053711,0.2360693919075982,0.5283540591551987,54.3157844543457,66.96266174316406,258.8374938964844,0.6468516900474087,0.8534227566144467,39.7388916015625,0.4326041089394997,0.2744041726772052,1.1634811416921509,20.65519877675841
AirQuality,PETS_SHTRAIN_CG64_REC,42,FINAL_TEST,10,872,135.37672424316406,251.6213531494141,146.25814819335938,259.3016357421875,112.12908172607422,18.04562913721363,463.21575927734375,0.1610442150866463,78.88266427250608,485.9660026080495,0.2855046667940876,142.17737298063363,926.9022996725852,0.3462386913863404,174.3241285775854,1538.1675454024064,0.3741399082568807,190.39750637659645,2746.3346685973243,63.23145294189453,30.30639266967773,0.2512960531785526,0.4957681296190112,54.36587905883789,66.39566802978516,248.28472900390625,0.6479701632606831,0.8609694260394967,39.20103073120117,0.4122886648486613,0.2693239618427747,1.1258919469928643,20.037079510703364
AirQuality,PETS_SHTRAIN_CG64_REC,123,FINAL_TEST,10,872,136.58290100097656,246.04428100585932,144.6846466064453,250.75596618652344,115.407958984375,18.35879228834017,488.8282775878906,0.1402307912844036,66.63702804652908,496.4370467389739,0.251542988659531,121.34468183935527,985.626336604798,0.306752118374108,150.01472107314828,1681.0200330129323,0.3328156855249745,164.34974069011776,3057.434895449589,54.397239685058594,27.60782241821289,0.2210871939907563,0.5296646040392456,56.26210784912109,68.80562591552734,253.2824249267578,0.6449464427293173,0.8648846530851425,40.63351058959961,0.4195933517837077,0.2775096232913543,1.194317023445464,20.36264016309888
ETTh,PETS_SELECTED_UNCALIBRATED,0,FINAL_TEST,10,1679,2.130256414413452,4.061062812805176,2.256309747695923,4.0837483406066895,1.842172533273697,13.72819449363294,7.931664943695068,0.1709576810176125,0.941205753421202,7.863839350224069,0.3018178869224879,1.71197388063592,16.044967635286106,0.3652910427124989,2.1223658704320867,27.941651546915782,0.3943022526163532,2.3275618653517576,51.52040794261988,0.7665126323699951,0.5262227058410645,0.1887468053813546,0.4794077841827618,1.069709300994873,1.4588720798492432,5.831761837005615,0.5979992950128235,0.8810587270134083,0.9202170968055724,0.4618693502146306,0.2153281829146455,0.5874244873649281,20.697268782438528
ETTh,PETS_SELECTED_UNCALIBRATED,42,FINAL_TEST,10,1679,2.0376088619232178,3.603047609329224,2.226625680923462,3.755173444747925,1.705151379108429,12.530997952809138,7.058987140655518,0.2117610929124478,1.195066028348777,7.380557911283402,0.3696955032757594,2.162086090552635,14.163473730199788,0.4462318131540883,2.6677561025793115,23.529931924432493,0.4795796817833744,2.9205911085701683,42.081377407982494,0.9618147611618042,0.6594486236572266,0.266944782708787,0.4106829772185825,1.0432641506195068,1.4686565399169922,5.806065082550049,0.5897190720640053,0.89434968480882,0.8252251148223877,0.4444429557896165,0.2157383410223833,0.499957457670382,20.25040415213137
ETTh,PETS_SELECTED_UNCALIBRATED,123,FINAL_TEST,10,1679,2.0032925605773926,3.66454553604126,2.1678919792175293,3.7190425395965576,1.694281667470932,12.977467770083932,7.097118854522705,0.2049662852037777,1.0953217765472685,7.302538966681803,0.3544879498851357,1.969656834136113,14.257827515888277,0.4257915532204543,2.418335276928194,24.067590393783448,0.4568501127371734,2.6426744983000043,43.48597562893691,0.8729016184806824,0.6405272483825684,0.2382018752108786,0.4269760247383647,1.0538110733032229,1.4704675674438477,5.87674617767334,0.5919407270551659,0.8930879691938409,0.7976752519607544,0.4526727877380649,0.2111584697265436,0.5827448311069514,20.65191865906577
Energy,PETS_SELECTED_UNCALIBRATED,0,FINAL_TEST,10,1910,6.310594081878662,22.112001419067383,6.569727420806885,19.90017890930176,5.636140286922455,29.260254105115106,25.05654525756836,0.0764932568249813,2.2604638963696644,23.6218028777629,0.131722139117427,3.936898148362157,50.6999980246351,0.15735847513089,4.719244766253859,92.45646047812288,0.1699502150336574,5.110418075213701,175.4774831888427,1.7562729120254517,0.2631155848503113,0.0794262300702912,0.653618978473261,2.535290479660034,3.974796772003174,37.39719772338867,0.3891091165960276,0.5311619320644085,3.323880672454834,0.3646769302816967,0.4429272808665541,1.8931937172774869,18.024289454001497
Energy,PETS_SELECTED_UNCALIBRATED,42,FINAL_TEST,10,1910,6.244630813598633,22.71495819091797,6.53306770324707,20.361143112182617,5.704130709171295,26.32787140559468,25.717029571533203,0.0960172026925953,2.104924704616495,23.684642654068387,0.1487182708489154,3.530384895994244,52.1075678230206,0.172651575355273,4.142604838798627,96.81344434226774,0.1844632339192221,4.448714810352009,185.87109537628749,1.5427451133728027,0.1947931945323944,0.0679175854256968,0.6370374292959985,2.5046749114990234,3.962137460708618,37.36232376098633,0.4036453324785412,0.5265484884412283,3.605935096740722,0.3779191981063269,0.4291428148057914,1.6834330590875093,17.651645474943905
Energy,PETS_SELECTED_UNCALIBRATED,123,FINAL_TEST,10,1910,5.894097805023193,21.564828872680664,6.11030912399292,19.571916580200195,5.322373986244202,26.68810506005469,23.849523544311523,0.0750391501495886,1.8513644061117709,22.27103121489156,0.1279894353029169,3.2978804684588026,48.41910172239704,0.1526505235602094,4.010188657537243,88.77280085444276,0.1648008017015707,4.366342752060545,169.08593590411778,1.4878690242767334,0.200650930404663,0.068995169544871,0.6573800223214286,2.4951138496398926,3.9303793907165527,37.16334915161133,0.3916616210183899,0.5317687862427131,3.245615005493164,0.3850884575275938,0.4421656414088332,1.6991959611069558,17.722980553477935
AirQuality,PETS_SELECTED_UNCALIBRATED,0,FINAL_TEST,10,872,129.0604705810547,232.50509643554688,137.790283203125,242.27061462402344,108.55165100097656,18.078733204806746,455.456298828125,0.1399301573649337,65.60527397703122,468.6519432442808,0.2508780103211009,120.68143331506349,918.2328278073536,0.309338366462793,150.29205291847714,1543.8853543843893,0.3364372292303771,165.09736271942225,2786.078659634981,54.88733673095703,23.79403305053711,0.2360693919075982,0.5283540591551987,54.3157844543457,66.96266174316406,258.8374938964844,0.6468516900474087,0.8534227566144467,39.7388916015625,0.4326041089394997,0.2744041726772052,1.1634811416921509,20.65519877675841
AirQuality,PETS_SELECTED_UNCALIBRATED,42,FINAL_TEST,10,872,135.37672424316406,251.6213531494141,146.25814819335938,259.3016357421875,112.12908172607422,18.04562913721363,463.21575927734375,0.1610442150866463,78.88266427250608,485.9660026080495,0.2855046667940876,142.17737298063363,926.9022996725852,0.3462386913863404,174.3241285775854,1538.1675454024064,0.3741399082568807,190.39750637659645,2746.3346685973243,63.23145294189453,30.30639266967773,0.2512960531785526,0.4957681296190112,54.36587905883789,66.39566802978516,248.28472900390625,0.6479701632606831,0.8609694260394967,39.20103073120117,0.4122886648486613,0.2693239618427747,1.1258919469928643,20.037079510703364
AirQuality,PETS_SELECTED_UNCALIBRATED,123,FINAL_TEST,10,872,136.58290100097656,246.04428100585932,144.6846466064453,250.75596618652344,115.407958984375,18.35879228834017,488.8282775878906,0.1402307912844036,66.63702804652908,496.4370467389739,0.251542988659531,121.34468183935527,985.626336604798,0.306752118374108,150.01472107314828,1681.0200330129323,0.3328156855249745,164.34974069011776,3057.434895449589,54.397239685058594,27.60782241821289,0.2210871939907563,0.5296646040392456,56.26210784912109,68.80562591552734,253.2824249267578,0.6449464427293173,0.8648846530851425,40.63351058959961,0.4195933517837077,0.2775096232913543,1.194317023445464,20.36264016309888
ETTh,PETS_SELECTED,0,FINAL_TEST,10,1679,2.130256414413452,4.061062812805176,2.256309747695923,4.0837483406066895,1.842172533273697,13.72819449363294,7.931664943695068,0.1709576810176125,0.941205753421202,7.863839350224069,0.3018178869224879,1.71197388063592,16.044967635286106,0.3652910427124989,2.1223658704320867,27.941651546915782,0.3943022526163532,2.3275618653517576,51.52040794261988,0.7665126323699951,0.5262227058410645,0.1887468053813546,0.4794077841827618,1.069709300994873,1.4588720798492432,5.831761837005615,0.5979992950128235,0.8810587270134083,0.9202170968055724,0.4618693502146306,0.2153281829146455,0.5874244873649281,20.697268782438528
ETTh,PETS_SELECTED,42,FINAL_TEST,10,1679,2.0376088619232178,3.603047609329224,2.226625680923462,3.755173444747925,1.705151379108429,12.530997952809138,7.058987140655518,0.2117610929124478,1.195066028348777,7.380557911283402,0.3696955032757594,2.162086090552635,14.163473730199788,0.4462318131540883,2.6677561025793115,23.529931924432493,0.4795796817833744,2.9205911085701683,42.081377407982494,0.9618147611618042,0.6594486236572266,0.266944782708787,0.4106829772185825,1.0432641506195068,1.4686565399169922,5.806065082550049,0.5897190720640053,0.89434968480882,0.8252251148223877,0.4444429557896165,0.2157383410223833,0.499957457670382,20.25040415213137
ETTh,PETS_SELECTED,123,FINAL_TEST,10,1679,2.0032925605773926,3.66454553604126,2.1678919792175293,3.7190425395965576,1.694281667470932,12.977467770083932,7.097118854522705,0.2049662852037777,1.0953217765472685,7.302538966681803,0.3544879498851357,1.969656834136113,14.257827515888277,0.4257915532204543,2.418335276928194,24.067590393783448,0.4568501127371734,2.6426744983000043,43.48597562893691,0.8729016184806824,0.6405272483825684,0.2382018752108786,0.4269760247383647,1.0538110733032229,1.4704675674438477,5.87674617767334,0.5919407270551659,0.8930879691938409,0.7976752519607544,0.4526727877380649,0.2111584697265436,0.5827448311069514,20.65191865906577
Energy,PETS_SELECTED,0,FINAL_TEST,10,1910,6.310594081878662,22.112001419067383,6.569727420806885,19.90017890930176,5.636140286922455,29.260254105115106,25.05654525756836,0.0764932568249813,2.2604638963696644,23.6218028777629,0.131722139117427,3.936898148362157,50.6999980246351,0.15735847513089,4.719244766253859,92.45646047812288,0.1699502150336574,5.110418075213701,175.4774831888427,1.7562729120254517,0.2631155848503113,0.0794262300702912,0.653618978473261,2.535290479660034,3.974796772003174,37.39719772338867,0.3891091165960276,0.5311619320644085,3.323880672454834,0.3646769302816967,0.4429272808665541,1.8931937172774869,18.024289454001497
Energy,PETS_SELECTED,42,FINAL_TEST,10,1910,6.244630813598633,22.71495819091797,6.53306770324707,20.361143112182617,5.704130709171295,26.32787140559468,25.717029571533203,0.0960172026925953,2.104924704616495,23.684642654068387,0.1487182708489154,3.530384895994244,52.1075678230206,0.172651575355273,4.142604838798627,96.81344434226774,0.1844632339192221,4.448714810352009,185.87109537628749,1.5427451133728027,0.1947931945323944,0.0679175854256968,0.6370374292959985,2.5046749114990234,3.962137460708618,37.36232376098633,0.4036453324785412,0.5265484884412283,3.605935096740722,0.3779191981063269,0.4291428148057914,1.6834330590875093,17.651645474943905
Energy,PETS_SELECTED,123,FINAL_TEST,10,1910,5.894097805023193,21.564828872680664,6.11030912399292,19.571916580200195,5.322373986244202,26.68810506005469,23.849523544311523,0.0750391501495886,1.8513644061117709,22.27103121489156,0.1279894353029169,3.2978804684588026,48.41910172239704,0.1526505235602094,4.010188657537243,88.77280085444276,0.1648008017015707,4.366342752060545,169.08593590411778,1.4878690242767334,0.200650930404663,0.068995169544871,0.6573800223214286,2.4951138496398926,3.9303793907165527,37.16334915161133,0.3916616210183899,0.5317687862427131,3.245615005493164,0.3850884575275938,0.4421656414088332,1.6991959611069558,17.722980553477935
AirQuality,PETS_SELECTED,0,FINAL_TEST,10,872,129.0604705810547,232.50509643554688,137.790283203125,242.27061462402344,108.55165100097656,18.078733204806746,455.456298828125,0.1399301573649337,65.60527397703122,468.6519432442808,0.2508780103211009,120.68143331506349,918.2328278073536,0.309338366462793,150.29205291847714,1543.8853543843893,0.3364372292303771,165.09736271942225,2786.078659634981,54.88733673095703,23.79403305053711,0.2360693919075982,0.5283540591551987,54.3157844543457,66.96266174316406,258.8374938964844,0.6468516900474087,0.8534227566144467,39.7388916015625,0.4326041089394997,0.2744041726772052,1.1634811416921509,20.65519877675841
AirQuality,PETS_SELECTED,42,FINAL_TEST,10,872,135.37672424316406,251.6213531494141,146.25814819335938,259.3016357421875,112.12908172607422,18.04562913721363,463.21575927734375,0.1610442150866463,78.88266427250608,485.9660026080495,0.2855046667940876,142.17737298063363,926.9022996725852,0.3462386913863404,174.3241285775854,1538.1675454024064,0.3741399082568807,190.39750637659645,2746.3346685973243,63.23145294189453,30.30639266967773,0.2512960531785526,0.4957681296190112,54.36587905883789,66.39566802978516,248.28472900390625,0.6479701632606831,0.8609694260394967,39.20103073120117,0.4122886648486613,0.2693239618427747,1.1258919469928643,20.037079510703364
AirQuality,PETS_SELECTED,123,FINAL_TEST,10,872,136.58290100097656,246.04428100585932,144.6846466064453,250.75596618652344,115.407958984375,18.35879228834017,488.8282775878906,0.1402307912844036,66.63702804652908,496.4370467389739,0.251542988659531,121.34468183935527,985.626336604798,0.306752118374108,150.01472107314828,1681.0200330129323,0.3328156855249745,164.34974069011776,3057.434895449589,54.397239685058594,27.60782241821289,0.2210871939907563,0.5296646040392456,56.26210784912109,68.80562591552734,253.2824249267578,0.6449464427293173,0.8648846530851425,40.63351058959961,0.4195933517837077,0.2775096232913543,1.194317023445464,20.36264016309888
ETTh,PETS_SELECTED_CALIBRATED,0,FINAL_TEST,10,1679,2.130256414413452,4.061062812805176,2.397616386413574,4.302582263946533,1.7764124870300293,13.025760723668938,7.246622562408447,0.2503217263677359,1.4118086294066878,7.6981506103133555,0.4271183421254148,2.567960820027115,14.51120872348397,0.5081747745256531,3.1835488049861627,23.72020819534565,0.5423921020165064,3.491342797491262,41.943115083819215,1.1497694253921509,0.7893339395523071,0.2831203254888709,0.3554982637411724,1.0697094202041626,1.4588720798492432,5.831761837005615,0.5979992950128235,0.8810587270134083,0.928217351436615,0.4618693521764095,0.2153281828665694,0.5874244873649281,20.697268782438528
ETTh,PETS_SELECTED_CALIBRATED,42,FINAL_TEST,10,1679,2.0376088619232178,3.603047609329224,2.4303643703460693,4.070236682891846,1.6481533646583555,12.004567680873231,6.379088878631592,0.3041178316174593,1.7925990423216789,7.233109096583471,0.5087490959754957,3.2431291362912087,12.611128596063091,0.5969566280949545,4.001634154188968,19.29909127821404,0.6313321598740746,4.380886663112716,32.44891473335337,1.4427213668823242,0.9891728162765504,0.4004169590062437,0.2772110711095039,1.0432641506195068,1.4686565399169922,5.806064128875732,0.5897190720640053,0.89434968480882,0.8384667634963989,0.4444429567660261,0.2157383408348305,0.499957457670382,20.25040415213137
ETTh,PETS_SELECTED_CALIBRATED,123,FINAL_TEST,10,1679,2.003292322158813,3.6645452976226807,2.3495092391967773,3.975656509399414,1.6390929222106934,12.40943272420383,6.4478535652160645,0.2943942504041521,1.6429826643419685,7.164714555015342,0.4895890942738024,2.95448525139654,12.7925657408053,0.5742350357355569,3.627502915625808,20.00960089320916,0.6086092380668765,3.9640117477561168,34.21577945925511,1.3093523979187012,0.9607908725738524,0.3573028279301456,0.295793095379903,1.0538110733032229,1.4704675674438477,5.87674617767334,0.5919393765050193,0.8930878314551327,0.8111836910247803,0.4526727885215106,0.2111584702508981,0.5827448311069514,20.65191865906577
Energy,PETS_SELECTED_CALIBRATED,0,FINAL_TEST,10,1910,6.310594081878662,22.11199951171875,6.894382476806641,20.607240676879883,5.493998169898987,27.78187566151692,23.496938705444336,0.1129230553477935,3.3906958394051845,23.2854827125805,0.193127687920718,5.905347229545611,47.23475576389077,0.2303279263275991,7.078867149229696,82.66730013097057,0.2478844310957367,7.665627109082679,153.23219414339243,2.634407997131348,0.394673079252243,0.1191392933839015,0.5914342248270381,2.535290479660034,3.974796772003174,37.39719772338867,0.3891064453704693,0.5311637672995323,3.40049409866333,0.3646769281970662,0.4429272995951467,1.8930254300673148,18.02834704562453
Energy,PETS_SELECTED_CALIBRATED,42,FINAL_TEST,10,1910,6.244630813598633,22.71495819091797,6.874070644378662,20.94184112548828,5.630667448043823,24.961818888121183,24.66761016845703,0.1294552285901271,3.157387056445433,23.561237527191697,0.2048712719708302,5.295577346960456,49.7779934220454,0.2387154076290202,6.213907260457338,89.92836648067447,0.2541703674270755,6.673072217218503,169.891419423481,2.314116716384888,0.2921904027462005,0.1018763361541264,0.5806969310957367,2.5046749114990234,3.96213698387146,37.36232376098633,0.4036444420700217,0.5265382755142958,3.6773061752319336,0.3779191872977633,0.429142764028074,1.682292445774121,17.64925205684368
Energy,PETS_SELECTED_CALIBRATED,123,FINAL_TEST,10,1910,5.894097805023193,21.56482696533203,6.37848424911499,20.198909759521484,5.196588635444641,25.348677510299314,22.48263931274414,0.1068775710545998,2.7770466099504434,21.979091440387837,0.1851746564136125,4.946820705038277,45.37071490688861,0.2217011616492146,6.015282986672451,80.1769199508147,0.2387732563575168,6.549514127473068,149.5778680205606,2.2318029403686523,0.3009761869907379,0.1034927358312002,0.599368338631264,2.4951138496398926,3.93038010597229,37.16334915161133,0.3916580593843122,0.5317610490844839,3.2904157638549805,0.3850884507059847,0.4421656578901587,1.699943904263276,17.722157816005982
AirQuality,PETS_SELECTED_CALIBRATED,0,FINAL_TEST,10,872,129.0604705810547,232.50509643554688,147.84658813476562,262.0143737792969,103.98861694335938,17.237176888221853,407.6669006347656,0.2076822916666666,98.40791091120356,456.5594231259267,0.3640417940876656,181.02215003933847,809.6296079200379,0.4414400962028542,225.438079387156,1250.537151913179,0.4742709129714577,247.64604405912235,2127.75025200922,82.33098602294922,35.69104766845703,0.3541040058266952,0.4156412262678389,54.3157844543457,66.96266174316406,258.8375244140625,0.6468516900474087,0.8534227566144467,39.04357147216797,0.4326041083297045,0.2744041727026255,1.1634811416921509,20.65519877675841
AirQuality,PETS_SELECTED_CALIBRATED,42,FINAL_TEST,10,872,135.37672424316406,251.6213531494141,158.66188049316406,283.8883972167969,107.46826553344728,17.233435921057954,412.7991027832031,0.2391194412589194,118.32399641789212,473.01785050231285,0.4117310939092762,213.26605960115324,812.4544935937695,0.4903418864678899,261.4861929708911,1229.991086033352,0.5234175904689092,285.5962596550989,2050.3640615465097,94.84718322753906,45.45958709716797,0.3769440949282961,0.3713474969737512,54.36587905883789,66.39567565917969,248.28472900390625,0.6479701632606831,0.8609694260394967,38.64307022094727,0.4122886635457377,0.2693239619646995,1.1258919469928643,20.037079510703364
AirQuality,PETS_SELECTED_CALIBRATED,123,FINAL_TEST,10,872,136.58290100097656,246.04428100585935,154.2226104736328,269.1959533691406,110.3075180053711,17.466547511823894,438.0886535644531,0.2082596680682976,99.9555419858436,482.7495705563296,0.3639024273700306,182.0170228624007,871.9610273104095,0.4373486875637105,225.0220816645596,1372.8976326299185,0.4693054759174312,246.52461106725383,2363.0425172759496,81.59585571289062,41.41173553466797,0.3316307754820258,0.4177959352701325,56.26210784912109,68.80562591552734,253.28240966796875,0.6449464427293173,0.8648850325450141,40.02043533325195,0.4195933510356061,0.2775096235798285,1.194317023445464,20.36264016309888
