dataset,system,seed,split,draws,windows,scope,horizon,ensemble_mean_mae,ensemble_mean_rmse,expected_sample_mae,expected_sample_rmse,empirical_crps,normalized_energy_score,weighted_interval_score,picp_50,mpiw_50,interval_score_50,picp_80,mpiw_80,interval_score_80,picp_90,mpiw_90,interval_score_90,picp_95,mpiw_95,interval_score_95,mean_ensemble_std,median_ensemble_std,spread_skill_ratio,mean_absolute_coverage_error,slope_mae,curvature_mae,high_curvature_mae,derivative_sign_agreement,turning_point_f1_pm2,boundary_jump_mae
ETTh,TS_REC_ORIGINAL,0,DEV_VAL,5,1679,cumulative,1-16,1.844417691230774,3.434309244155884,2.024708032608032,3.368831157684326,1.5287814140319824,6.457554124594062,6.449490070343018,0.1945567089253807,1.078074095413915,6.659842171238372,0.3449651152897132,1.967531923986788,12.631831068132657,0.3892250914660087,2.264017866811123,21.904645867005502,0.4099166170339487,2.41226083822329,40.180901015920064,0.9372299313545228,0.5661521553993225,0.2729020203842719,0.4528341168212371,0.9345502257347108,1.2656623125076294,4.987041473388672,0.5774752545449389,0.854346220059793,0.7516661286354065
ETTh,TS_REC_ORIGINAL,0,DEV_VAL,5,1679,cumulative,1-32,2.0612661838531494,3.7157022953033447,2.249344110488892,3.813912868499756,1.7182424068450928,10.1707842930902,7.289087295532227,0.1848756700416914,1.162297491957374,7.471213059898335,0.3292350889134689,2.107861855718596,14.289802067549385,0.3722746320088488,2.423049976965752,24.93174159420789,0.3924848974729856,2.5806440375893307,45.93084903374001,1.0034675598144531,0.609362006187439,0.2700613450875325,0.4677824278907513,0.946782112121582,1.262916922569275,4.963861465454102,0.5762536950071773,0.869338534512857,0.7516661286354065
ETTh,TS_REC_ORIGINAL,0,DEV_VAL,5,1679,cumulative,1-64,2.27236270904541,3.977987289428711,2.4781718254089355,4.195446491241455,1.9060320854187007,15.471381242560154,8.114161491394043,0.1785328745852122,1.255351886484659,8.277666263413655,0.3185051157151365,2.271061072078699,15.919066607626672,0.3605462435122947,2.609630800603259,27.896199908508564,0.3803603335318642,2.7789156648655395,51.54408750426564,1.0828499794006348,0.6515301465988159,0.2722105176852251,0.4780138581638731,0.9659260511398317,1.273238182067871,4.976082801818848,0.5739162847986127,0.8799140955814988,0.7516661286354065
ETTh,TS_REC_ORIGINAL,0,DEV_VAL,5,1679,disjoint,1-16,1.844417691230774,3.434309244155884,2.024708032608032,3.368831157684326,1.5287814140319824,6.457554124594062,6.449490070343018,0.1945567089253807,1.078074095413915,6.659842171238372,0.3449651152897132,1.967531923986788,12.631831068132657,0.3892250914660087,2.264017866811123,21.904645867005502,0.4099166170339487,2.41226083822329,40.180901015920064,0.9372299313545228,0.5661521553993225,0.2729020203842719,0.4528341168212371,0.9345502257347108,1.2656623125076294,4.987041473388672,0.5774752545449389,0.854346220059793,0.7516661286354065
ETTh,TS_REC_ORIGINAL,0,DEV_VAL,5,1679,disjoint,17-32,2.2781147956848145,3.977236747741699,2.4739818572998047,3.955071449279785,1.907704472541809,7.633650258821668,8.128684043884277,0.1751946311580022,1.2465208885008334,8.282583948558297,0.3135050625372245,2.2481917874504047,15.947773066966102,0.3553241725516889,2.5820820871203827,27.95883732141028,0.3750531779120225,2.7490272369553708,51.68079705155993,1.0697050094604492,0.6548210382461548,0.2689568354380298,0.4827307389602654,0.957766890525818,1.259175181388855,4.940449237823486,0.5751269179500269,0.8482116672248622,0.7516661286354065
ETTh,TS_REC_ORIGINAL,0,DEV_VAL,5,1679,disjoint,33-64,2.4834601879119877,4.2240166664123535,2.706997394561768,4.3868842124938965,2.093818426132202,11.5125769416735,8.939236640930176,0.172190079128733,1.348406281011943,9.084119466928977,0.3077751425168042,2.4342602884388,17.548331147703962,0.3488178550157406,2.7962116242407675,30.860658222809217,0.3682357695907428,2.9771872921417497,57.1573259747913,1.1622332334518433,0.6969133019447327,0.275148827582392,0.4882452884369948,0.9851661920547484,1.2841808795928955,4.9864654541015625,0.5715767834156276,0.8740040783927865,0.7516661286354065
ETTh,TS_REC_ORIGINAL,42,DEV_VAL,5,1679,cumulative,1-16,1.8526341915130613,3.5292930603027344,1.9990482330322263,3.373281478881836,1.556477516889572,6.293515036347327,6.670122146606445,0.1769973623755636,0.9703640708276072,6.750603221244717,0.3160150599846847,1.7566764235048258,13.11697436271807,0.3581106951416659,2.018780541054697,23.11816925654654,0.3779620096996511,2.1498325998296326,42.88609524779935,0.8351150751113892,0.5018864870071411,0.2366238962994348,0.4802287181996086,0.8991726636886597,1.2151490449905396,4.771911144256592,0.5862446467568564,0.8460734863839232,0.7337274551391602
ETTh,TS_REC_ORIGINAL,42,DEV_VAL,5,1679,cumulative,1-32,2.154531717300415,3.9051361083984375,2.3077938556671143,3.917807340621948,1.8186379969120023,10.240700826377292,7.835174560546875,0.1669520547945205,1.0827590012357216,7.878885856655944,0.2971634901727218,1.942611024071902,15.421153794777863,0.3377276014634561,2.2292283649961586,27.314378753832237,0.3572758019229133,2.372537035458287,50.84883158338657,0.9226474761962892,0.5727417469024658,0.2362651263836953,0.4977202629115971,0.9134143590927124,1.2150044441223145,4.749402046203613,0.5811995839085696,0.8610083414494205,0.7337274551391602
ETTh,TS_REC_ORIGINAL,42,DEV_VAL,5,1679,cumulative,1-64,2.41772198677063,4.174253940582275,2.573837280273437,4.282767295837402,2.0526078939437866,16.0740715631345,8.907194137573242,0.1556557368331489,1.1580595683090869,8.861578792825004,0.2759627860971667,2.070416866821366,17.584088675491994,0.313806847187952,2.3745359662970498,31.366516126839706,0.3323340317365779,2.5265955160348894,58.65332238444663,0.9829056262969972,0.6230250597000122,0.2354685748131292,0.5180601495362886,0.9293190240859984,1.2260984182357788,4.7623796463012695,0.5766700565475347,0.8723698235497,0.7337274551391602
ETTh,TS_REC_ORIGINAL,42,DEV_VAL,5,1679,disjoint,1-16,1.8526341915130613,3.5292930603027344,1.9990482330322263,3.373281478881836,1.556477516889572,6.293515036347327,6.670122146606445,0.1769973623755636,0.9703640708276072,6.750603221244717,0.3160150599846847,1.7566764235048258,13.11697436271807,0.3581106951416659,2.018780541054697,23.11816925654654,0.3779620096996511,2.1498325998296326,42.88609524779935,0.8351150751113892,0.5018864870071411,0.2366238962994348,0.4802287181996086,0.8991726636886597,1.2151490449905396,4.771911144256592,0.5862446467568564,0.8460734863839232,0.7337274551391602
ETTh,TS_REC_ORIGINAL,42,DEV_VAL,5,1679,disjoint,17-32,2.456429243087769,4.247854232788086,2.61653995513916,4.134202480316162,2.0807984471321106,7.882343378085065,9.000228881835938,0.1569067472134774,1.1951539316438358,9.00716849206717,0.2783119203607589,2.128545624638978,17.725333226837662,0.3173445077852463,2.4396761889376206,31.510588251117937,0.3365895941461754,2.595241471086942,58.81156791897381,1.010179877281189,0.6517173051834106,0.2378094496472765,0.5152118076235854,0.9272046685218812,1.21588933467865,4.7367048263549805,0.5758699906406874,0.8415964083446206,0.7337274551391602
ETTh,TS_REC_ORIGINAL,42,DEV_VAL,5,1679,disjoint,33-64,2.680912494659424,4.427042484283447,2.839884042739868,4.4668474197387695,2.286580979824066,12.208763840573123,9.979207038879396,0.1443594188717774,1.2333601353824513,9.844271728994062,0.2547620820216115,2.198222709570829,19.74702355620613,0.2898860929124479,2.519843567597939,35.41865349984715,0.3073922615502425,2.6806539966114937,66.45781318550665,1.043163537979126,0.6772603988647461,0.2356344086785899,0.5384000361609802,0.9450268149375916,1.2380908727645874,4.773504257202148,0.5722492266902341,0.8684011988746894,0.7337274551391602
ETTh,TS_REC_ORIGINAL,123,DEV_VAL,5,1679,cumulative,1-16,1.818341612815857,3.330172538757324,2.0070230960845947,3.3746254444122314,1.4883825182914734,5.804895566876226,6.214585304260254,0.1943227261124819,1.1502899927533374,6.490961824843764,0.3421998638645452,2.059931197401525,12.125419610168628,0.3864279332936272,2.363144932257193,20.826413480949043,0.4074757508721177,2.514751799685027,37.94224550092547,0.978398621082306,0.5642492771148682,0.2937981770300111,0.4548934314643069,0.9451723098754884,1.2917993068695068,5.06696891784668,0.5767832326498199,0.8585280752802148,0.7484019994735718
ETTh,TS_REC_ORIGINAL,123,DEV_VAL,5,1679,cumulative,1-32,2.0260465145111084,3.6461682319641113,2.219771385192871,3.8264358043670654,1.6715954542160034,9.141411486505184,7.037717819213867,0.1882179018123032,1.223920658104491,7.271425661637676,0.330793201735727,2.178051540961726,13.7642158285025,0.3732637411724666,2.496095168530424,23.848433118708865,0.3936920360758955,2.655116982314772,43.71562390253359,1.034437656402588,0.6017292141914368,0.2837054108842802,0.4660082798009019,0.9525567889213562,1.2833530902862549,5.023460865020752,0.5762564396736043,0.8744281378488644,0.7484019994735718
ETTh,TS_REC_ORIGINAL,123,DEV_VAL,5,1679,cumulative,1-64,2.2458529472351074,3.922077655792236,2.451845645904541,4.197047710418701,1.8659613728523252,14.073967713412465,7.89928388595581,0.1779705181655747,1.306503591819396,8.102879916989872,0.3154088317876287,2.3277172401327024,15.470677850770729,0.3569859823023908,2.668121789571252,26.968145292344257,0.3770008189398451,2.8383240642905285,49.64642866648098,1.1064941883087158,0.6363062262535095,0.2821193982925385,0.4806584622011401,0.9730787873268129,1.296542048454285,5.058899879455566,0.5726805314144717,0.8823796920311361,0.7484019994735718
ETTh,TS_REC_ORIGINAL,123,DEV_VAL,5,1679,disjoint,1-16,1.818341612815857,3.330172538757324,2.0070230960845947,3.3746254444122314,1.4883825182914734,5.804895566876226,6.214585304260254,0.1943227261124819,1.1502899927533374,6.490961824843764,0.3421998638645452,2.059931197401525,12.125419610168628,0.3864279332936272,2.363144932257193,20.826413480949043,0.4074757508721177,2.514751799685027,37.94224550092547,0.978398621082306,0.5642492771148682,0.2937981770300111,0.4548934314643069,0.9451723098754884,1.2917993068695068,5.06696891784668,0.5767832326498199,0.8585280752802148,0.7484019994735718
ETTh,TS_REC_ORIGINAL,123,DEV_VAL,5,1679,disjoint,17-32,2.2337517738342285,3.9368820190429688,2.4325194358825684,3.979583740234375,1.854808270931244,6.871632135120354,7.860850811004639,0.1821130775121245,1.2975513234556448,8.05188949843159,0.3193865396069089,2.296171884521927,15.403012046836356,0.360099549051306,2.629045404803654,26.870452756468687,0.3799083212796733,2.7954821649445174,49.4890023041417,1.0904768705368042,0.6413268446922302,0.2769899797002025,0.4771231281374968,0.9595996737480164,1.274839162826538,4.981038093566895,0.5753708273065034,0.8531888781386743,0.7484019994735718
ETTh,TS_REC_ORIGINAL,123,DEV_VAL,5,1679,disjoint,33-64,2.465659618377685,4.179813385009766,2.683920860290528,4.3973541259765625,2.060327708721161,10.537838348202651,8.760851860046387,0.1677231345188462,1.3890865255343,8.934334172342066,0.3000244618395303,2.477382939303679,17.17713987303895,0.3407082234323151,2.8401484106120813,30.08785746597963,0.3603096018037948,3.0215311462662835,55.57723343042837,1.178550124168396,0.6761304140090942,0.2819623786064416,0.4953086446013783,0.9939605593681335,1.3106869459152222,5.09300422668457,0.5689885629749988,0.8740308939374379,0.7484019994735718
ETTh,PETS_SHTRAIN_SH64_REC,0,DEV_VAL,5,1679,cumulative,1-16,1.922746419906616,3.4726996421813965,2.040948867797852,3.3038084506988525,1.6437347829341888,6.567891292238234,7.182702541351318,0.160591976516634,0.8755410907900395,7.067315559537496,0.28839977027142,1.5771065185984123,14.225658880792794,0.3266825491363907,1.8109616612250312,25.564623408699354,0.344874712839275,1.927889232538341,48.004262483356605,0.7459322214126587,0.5106636881828308,0.2147989455673445,0.5073627478090701,0.9450627565383912,1.2591123580932615,4.70436954498291,0.5869990640687484,0.8807980870236043,0.7519175410270691
ETTh,PETS_SHTRAIN_SH64_REC,0,DEV_VAL,5,1679,cumulative,1-32,2.0673210620880127,3.7401859760284415,2.193854570388794,3.700570821762085,1.7693840563297272,9.818488199255444,7.735965251922607,0.1626340083382966,0.936196191640754,7.60635768989071,0.2906039947247511,1.685383880926997,15.322241107280584,0.3295435208031992,1.9351131107162785,27.55313292808308,0.3479776440057857,2.0599777256109184,51.76575860353572,0.7973769307136536,0.5478193759918213,0.2131917866716234,0.5048102080319918,0.97292160987854,1.2803438901901243,4.819666862487793,0.5795308267209744,0.8965903639616318,0.7519175410270691
ETTh,PETS_SHTRAIN_SH64_REC,0,DEV_VAL,5,1679,cumulative,1-64,2.281822204589844,4.105774879455566,2.4251914024353027,4.180873394012451,1.951236516237259,14.897417603972464,8.508695602416992,0.1648488683740321,1.0440261430177613,8.41295620626977,0.2944753467199864,1.8817326831081236,16.824258520668362,0.3338190249298051,2.160968196482467,30.151263536898288,0.352561580022122,2.3005859531696395,56.53488458062109,0.8927381634712219,0.5933965444564819,0.2174347570633489,0.5010737949885136,0.9878911972045898,1.2821323871612549,4.918920516967773,0.5684722171576592,0.8988599012456887,0.7519175410270691
ETTh,PETS_SHTRAIN_SH64_REC,0,DEV_VAL,5,1679,disjoint,1-16,1.922746419906616,3.4726996421813965,2.040948867797852,3.3038084506988525,1.6437347829341888,6.567891292238234,7.182702541351318,0.160591976516634,0.8755410907900395,7.067315559537496,0.28839977027142,1.5771065185984123,14.225658880792794,0.3266825491363907,1.8109616612250312,25.564623408699354,0.344874712839275,1.927889232538341,48.004262483356605,0.7459322214126587,0.5106636881828308,0.2147989455673445,0.5073627478090701,0.9450627565383912,1.2591123580932615,4.70436954498291,0.5869990640687484,0.8807980870236043,0.7519175410270691
ETTh,PETS_SHTRAIN_SH64_REC,0,DEV_VAL,5,1679,disjoint,17-32,2.2118959426879883,3.989779710769653,2.3467588424682617,3.818108797073364,1.8950316309928892,7.106871405005603,8.289228439331055,0.1646760401599591,0.9968512924914686,8.145399820243929,0.2928082191780822,1.7936612432555803,16.41882333376836,0.3324044924700076,2.059264560207525,29.54164244746684,0.3510805751722964,2.1920662186834967,55.52725472371487,0.8488216996192932,0.5885223150253296,0.2127490140190096,0.5022576682549136,1.001173496246338,1.3038082122802734,4.952645301818848,0.5714342437391872,0.8804214731412788,0.7519175410270691
ETTh,PETS_SHTRAIN_SH64_REC,0,DEV_VAL,5,1679,disjoint,33-64,2.4963228702545166,4.441371917724609,2.6565301418304443,4.468902111053467,2.133091151714325,11.052902364354424,9.281424522399902,0.1670637284097677,1.151856094394769,9.219554722648825,0.2983466987152216,2.0780814852892493,18.32627593405616,0.3380945290564111,2.386823282248656,32.749394145713474,0.3571455160384583,2.54119418072836,61.30401055770645,0.9881000518798828,0.6428878307342529,0.2224763136670849,0.4973373819450353,1.0025513172149658,1.2842249870300293,5.01444149017334,0.5574143046524841,0.887795648124637,0.7519175410270691
ETTh,PETS_SHTRAIN_SH64_REC,42,DEV_VAL,5,1679,cumulative,1-16,1.8872169256210327,3.461990594863892,2.0315966606140137,3.305856704711914,1.5904649794101715,6.397266694377966,6.845238208770752,0.1890421594486514,0.9743417693187686,6.873237598941231,0.333037309623075,1.7516778030686933,13.490830216936006,0.3754573300433931,2.010789814328747,23.884091749053365,0.3951437930741087,2.140345819958775,44.41747790403292,0.8285863995552063,0.5608389973640442,0.2393381428547128,0.4643298519526929,0.9474039673805236,1.2725105285644531,4.741640090942383,0.5930117133214214,0.8800584637192921,0.7565817832946777
ETTh,PETS_SHTRAIN_SH64_REC,42,DEV_VAL,5,1679,cumulative,1-32,2.0684945583343506,3.7713122367858887,2.2272746562957764,3.7627673149108887,1.7452847957611084,9.762756145510274,7.5102033615112305,0.1915654513741172,1.064331316539994,7.553197543116759,0.3359674125755126,1.913895406908979,14.794963202289592,0.3787729728579937,2.1970834370141445,26.17408338252711,0.3987173487620182,2.338677452066728,48.66350235787996,0.9061970114707948,0.6170821189880371,0.2402869225813834,0.4612442036075895,0.9693788886070251,1.2830233573913574,4.850903034210205,0.5839360163362546,0.8928171716097055,0.7565817832946777
ETTh,PETS_SHTRAIN_SH64_REC,42,DEV_VAL,5,1679,cumulative,1-64,2.2604963779449463,4.0674662590026855,2.449502944946289,4.203653335571289,1.894725680351257,14.56761580221473,8.084160804748535,0.2013953884114694,1.2323891194898773,8.23442437635229,0.3508638751808049,2.2036533419716,15.864482081429202,0.3949483642474262,2.527408082784373,27.815055186172398,0.4155149217221135,2.6892854531907595,51.41418508722957,1.0452686548233032,0.698776364326477,0.2569827475543941,0.4468193626095465,0.9911742210388184,1.287553787231445,4.950750350952148,0.5693230637500186,0.8947811560215877,0.7565817832946777
ETTh,PETS_SHTRAIN_SH64_REC,42,DEV_VAL,5,1679,disjoint,1-16,1.8872169256210327,3.461990594863892,2.0315966606140137,3.305856704711914,1.5904649794101715,6.397266694377966,6.845238208770752,0.1890421594486514,0.9743417693187686,6.873237598941231,0.333037309623075,1.7516778030686933,13.490830216936006,0.3754573300433931,2.010789814328747,23.884091749053365,0.3951437930741087,2.140345819958775,44.41747790403292,0.8285863995552063,0.5608389973640442,0.2393381428547128,0.4643298519526929,0.9474039673805236,1.2725105285644531,4.741640090942383,0.5930117133214214,0.8800584637192921,0.7565817832946777
ETTh,PETS_SHTRAIN_SH64_REC,42,DEV_VAL,5,1679,disjoint,17-32,2.2497715950012207,4.057119369506836,2.422952651977539,3.920196533203125,1.900104343891144,7.180000104995809,8.1751708984375,0.1940887432995831,1.15432086376122,8.233157487292285,0.3388975155279503,2.076113010749264,16.09909618764318,0.3820886156725942,2.383377059699542,28.46407501600088,0.4022909044499276,2.5370090841746817,52.90952681172699,0.9838073253631592,0.6794326305389404,0.2424891248597268,0.4581585552624862,0.991671621799469,1.2941266298294067,4.976974487304688,0.5743895175699821,0.872806321663201,0.7565817832946777
ETTh,PETS_SHTRAIN_SH64_REC,42,DEV_VAL,5,1679,disjoint,33-64,2.452498197555542,4.343474388122559,2.6717288494110107,4.448650360107422,2.044163763523102,10.67884541623073,8.658120155334473,0.2112253254488215,1.4004469224397598,8.915651209587823,0.3657603377860972,2.4934112770342214,16.93400096056881,0.4111237556368586,2.8577327285546006,29.456026989817666,0.4323124946822088,3.0398934543147917,54.16486781657917,1.184340476989746,0.7951254844665527,0.2726712238083831,0.4323945216115035,1.013175129890442,1.292988896369934,5.050269603729248,0.5546559148933834,0.882602542037927,0.7565817832946777
ETTh,PETS_SHTRAIN_SH64_REC,123,DEV_VAL,5,1679,cumulative,1-16,1.9534357786178589,3.5283491611480717,2.060723304748535,3.341526985168457,1.6672585904598236,6.746512969545509,7.303517818450928,0.1519399302305794,0.8656202678868387,7.167914718767396,0.2732281119714115,1.5620544088702208,14.480345127975443,0.3100591338381689,1.7941991225386862,26.060241438502537,0.3277301540032332,1.9102714793729192,48.98162469610218,0.739227294921875,0.4835736453533172,0.2095108111923202,0.5217606674891517,0.9485714435577391,1.2846211194992063,4.804342746734619,0.59136674324286,0.8805582305388128,0.7579895853996277
ETTh,PETS_SHTRAIN_SH64_REC,123,DEV_VAL,5,1679,cumulative,1-32,2.1362850666046143,3.827174186706543,2.2507762908935547,3.776081323623657,1.828028589487076,10.179264896728965,8.01718521118164,0.1510013400833829,0.926715557060874,7.867772980767084,0.2729542457244959,1.677974918421142,15.89388024364871,0.3109046626393261,1.928394705504913,28.62124355730947,0.3290064238917723,2.053604599046799,53.82713132344895,0.7947831749916077,0.5275696516036987,0.2076684091756886,0.5215333319152557,0.971050262451172,1.3028486967086792,4.911623001098633,0.583661549693558,0.8935570793595484,0.7579895853996277
ETTh,PETS_SHTRAIN_SH64_REC,123,DEV_VAL,5,1679,cumulative,1-64,2.3258419036865234,4.1050543785095215,2.4636521339416504,4.187113285064697,1.9855125546455383,15.110126151096024,8.665009498596191,0.1569293478260869,1.0540765993467005,8.565734129545447,0.281531842933719,1.898431156388666,17.138849792949657,0.3205684187016081,2.179882675356243,30.71883952112292,0.3391447928188547,2.3206084348400315,57.60669167126102,0.8997862339019775,0.5859537124633789,0.2191898452338347,0.5129563994299329,0.9869155883789062,1.301659345626831,5.046990394592285,0.5717108364092113,0.89100895277802,0.7579895853996277
ETTh,PETS_SHTRAIN_SH64_REC,123,DEV_VAL,5,1679,disjoint,1-16,1.9534357786178589,3.5283491611480717,2.060723304748535,3.341526985168457,1.6672585904598236,6.746512969545509,7.303517818450928,0.1519399302305794,0.8656202678868387,7.167914718767396,0.2732281119714115,1.5620544088702208,14.480345127975443,0.3100591338381689,1.7941991225386862,26.060241438502537,0.3277301540032332,1.9102714793729192,48.98162469610218,0.739227294921875,0.4835736453533172,0.2095108111923202,0.5217606674891517,0.9485714435577391,1.2846211194992063,4.804342746734619,0.59136674324286,0.8805582305388128,0.7579895853996277
ETTh,PETS_SHTRAIN_SH64_REC,123,DEV_VAL,5,1679,disjoint,17-32,2.3191347122192383,4.104300022125244,2.4408297538757324,3.93039608001709,1.9887994229793549,7.420768890386145,8.730854988098145,0.1500627499361865,0.9878108462349094,8.56763124276678,0.2726803794775801,1.7938954279720638,17.30741535932197,0.3117501914404832,2.06259028847114,31.1822456761164,0.3302826937803114,2.196937718720678,58.672637950795696,0.8503392338752747,0.5740211009979248,0.2071825230346979,0.5213059963413597,0.9939608573913574,1.3228081464767456,5.040982723236084,0.5757565444283729,0.8749577739622486,0.7579895853996277
ETTh,PETS_SHTRAIN_SH64_REC,123,DEV_VAL,5,1679,disjoint,33-64,2.5153987407684326,4.365281105041504,2.6765267848968506,4.412975311279297,2.142995238304138,11.009970993161046,9.312832832336426,0.1628573555687909,1.1814376416325263,9.263695278323803,0.2901094401429422,2.1188873943561903,18.383819342250604,0.33023217476389,2.431370645207573,32.81643548493636,0.3492831617459372,2.5876122706332647,61.38625201907311,1.004789113998413,0.6510471701622009,0.2301774135090573,0.5043794669446099,1.0024306774139404,1.301285982131958,5.172088146209717,0.5599146957674499,0.8744352422503711,0.7579895853996277
ETTh,PETS_SHTRAIN_CG64_REC,0,DEV_VAL,5,1679,cumulative,1-16,1.911040544509888,3.579516887664795,2.039572238922119,3.401184320449829,1.6342754662036896,6.617772098828351,7.117894172668457,0.154630732578916,0.9022103071248292,7.0319528446761215,0.2774770271420063,1.610084440589293,14.073767186504949,0.3143612269207861,1.8460424850989288,25.241064204327703,0.3321545562835021,1.9640215073537477,47.34196043919846,0.767549455165863,0.4587268233299255,0.214428225722549,0.5178441142686974,0.9427440762519836,1.2306561470031738,4.739452362060547,0.5861595620976204,0.8672514293080856,0.7545259594917297
ETTh,PETS_SHTRAIN_CG64_REC,0,DEV_VAL,5,1679,cumulative,1-32,2.0540530681610107,3.8234150409698486,2.1941943168640137,3.828771114349365,1.7617790400981903,9.906397431261972,7.677982330322266,0.156704671147792,0.9545252938744534,7.585222966998397,0.2808458478686292,1.717009698750231,15.1807082614973,0.3187058623330213,1.9711711670762688,27.236410914122768,0.33662415978899,2.0982519012392884,51.10894841672924,0.8201360106468201,0.4943488240242004,0.2145035267839465,0.5142798647153919,0.9678637385368348,1.2513322830200195,4.852100372314453,0.5776726875499186,0.8846458430464963,0.7545259594917297
ETTh,PETS_SHTRAIN_CG64_REC,0,DEV_VAL,5,1679,cumulative,1-64,2.266995429992676,4.164626121520996,2.418574333190918,4.2886962890625,1.950939804315567,14.935694076060276,8.519458770751953,0.157644590742789,1.0268707320471515,8.399414366371348,0.2817538607164128,1.856317809562609,16.851018371606326,0.3194702948183442,2.1328001687359275,30.28280623352262,0.3373779566919084,2.2710413483225875,56.88985532289615,0.8885470032691956,0.5264140367507935,0.213355767682858,0.5134383242576364,0.9830988645553588,1.2556337118148804,4.96437931060791,0.566184385209315,0.8889257692069628,0.7545259594917297
ETTh,PETS_SHTRAIN_CG64_REC,0,DEV_VAL,5,1679,disjoint,1-16,1.911040544509888,3.579516887664795,2.039572238922119,3.401184320449829,1.6342754662036896,6.617772098828351,7.117894172668457,0.154630732578916,0.9022103071248292,7.0319528446761215,0.2774770271420063,1.610084440589293,14.073767186504949,0.3143612269207861,1.8460424850989288,25.241064204327703,0.3321545562835021,1.9640215073537477,47.34196043919846,0.767549455165863,0.4587268233299255,0.214428225722549,0.5178441142686974,0.9427440762519836,1.2306561470031738,4.739452362060547,0.5861595620976204,0.8672514293080856,0.7545259594917297
ETTh,PETS_SHTRAIN_CG64_REC,0,DEV_VAL,5,1679,disjoint,17-32,2.197065830230713,4.052661895751953,2.348815441131592,3.913641452789306,1.8892817199230196,7.163379789596139,8.238069534301758,0.158778609716668,1.006840280624078,8.138493089320674,0.2842146685952523,1.8239349569111685,16.28764933648965,0.3230504977452565,2.096299849053609,29.23175762391785,0.341093763294478,2.232482295124829,54.87593639426002,0.8727220892906189,0.5322235822677612,0.2153453980963515,0.5107156151620863,0.993536412715912,1.2741211652755735,4.983126640319824,0.5684052298703877,0.8663663751419214,0.7545259594917297
ETTh,PETS_SHTRAIN_CG64_REC,0,DEV_VAL,5,1679,disjoint,33-64,2.4799375534057617,4.479923248291016,2.642953395843506,4.52876615524292,2.140098452568054,11.034225007564435,9.360937118530272,0.1585845103377861,1.0992161702198493,9.213605765744283,0.2826618735641963,1.9956259203749875,18.52132848171535,0.3202347273036671,2.2944291703955875,33.329201552922456,0.3381317535948268,2.4438307954058884,62.67076222906305,0.9569578766822816,0.5608720779418945,0.2136103284910825,0.5125967837998809,0.9982495903968812,1.2603472471237185,5.075084686279297,0.5545790642334284,0.8785640861567413,0.7545259594917297
ETTh,PETS_SHTRAIN_CG64_REC,42,DEV_VAL,5,1679,cumulative,1-16,1.894922137260437,3.454484224319458,2.0314435958862305,3.321521759033203,1.6054101884365082,6.595480646727262,6.952250957489014,0.1747426189058112,0.933233228742272,6.919214675122749,0.3083733940270569,1.690948610579294,13.739782315753905,0.3481238832638475,1.9435204045891896,24.480511504605136,0.3665766187356419,2.069806301594138,45.70901537137453,0.8034433722496033,0.5091196298599243,0.2325798353900092,0.4880458712669105,0.9513779282569884,1.26301908493042,4.760107040405273,0.5909640091891432,0.8678350074571933,0.7667585015296936
ETTh,PETS_SHTRAIN_CG64_REC,42,DEV_VAL,5,1679,cumulative,1-32,2.0565645694732666,3.701639175415039,2.204763412475586,3.726048707962036,1.7402010560035706,9.946497563198989,7.526767253875732,0.1758274483110695,1.0220480818721318,7.508065087134195,0.3100671105249723,1.8443148507016485,14.864076381666893,0.3503387432995831,2.1184037736954844,26.443137989566733,0.3690972517655067,2.2554482351924032,49.32921897677901,0.8767827153205872,0.5565239191055298,0.2368633661389429,0.4861673615247171,0.970450758934021,1.2741618156433103,4.840792655944824,0.5826322997834458,0.8816966280332358,0.7667585015296936
ETTh,PETS_SHTRAIN_CG64_REC,42,DEV_VAL,5,1679,cumulative,1-64,2.224156141281128,3.956384658813477,2.397606134414673,4.123030185699463,1.866568148136139,14.707363037851504,8.004260063171387,0.1848065387560623,1.1728494372484644,8.088963732307954,0.3252653577809921,2.108678946213555,15.751158934683748,0.3675005849570322,2.420622115907783,27.768096160954872,0.3872840976771888,2.5765937007548985,51.50479196219796,1.0041425228118896,0.6266259551048279,0.2538030574390694,0.4712858552071812,0.9943762421607972,1.2851057052612305,4.93580961227417,0.5685464974157223,0.8841279288087366,0.7667585015296936
ETTh,PETS_SHTRAIN_CG64_REC,42,DEV_VAL,5,1679,disjoint,1-16,1.894922137260437,3.454484224319458,2.0314435958862305,3.321521759033203,1.6054101884365082,6.595480646727262,6.952250957489014,0.1747426189058112,0.933233228742272,6.919214675122749,0.3083733940270569,1.690948610579294,13.739782315753905,0.3481238832638475,1.9435204045891896,24.480511504605136,0.3665766187356419,2.069806301594138,45.70901537137453,0.8034433722496033,0.5091196298599243,0.2325798353900092,0.4880458712669105,0.9513779282569884,1.26301908493042,4.760107040405273,0.5909640091891432,0.8678350074571933,0.7667585015296936
ETTh,PETS_SHTRAIN_CG64_REC,42,DEV_VAL,5,1679,disjoint,17-32,2.218207359313965,3.933294773101807,2.378082275390625,3.84403395652771,1.8749905228614807,7.26871113134405,8.101284980773926,0.1769122777163277,1.110862935001992,8.09691549914564,0.3117608270228877,1.9976810908240024,15.988370447579882,0.3525536033353186,2.293287142801779,28.405764474528343,0.3716178847953714,2.441090168790668,52.94942258218349,0.9501217603683472,0.6078935861587524,0.2415587478634556,0.4842888517825235,0.9903100728988647,1.2864937782287598,4.9396796226501465,0.5741569528347372,0.8608324672911478,0.7667585015296936
ETTh,PETS_SHTRAIN_CG64_REC,42,DEV_VAL,5,1679,disjoint,33-64,2.391746759414673,4.195691108703613,2.5904502868652344,4.337159633636475,1.9929360151290891,10.715212618747318,8.481749534606934,0.193785629201055,1.3236507926247958,8.669862377481714,0.3404636050370118,2.3730430417254613,16.638241487700604,0.3846624266144814,2.722840458120082,29.093054332343,0.4054709435888709,2.897739166317394,53.6803649476169,1.131502628326416,0.7071701288223267,0.2696820616701758,0.4564043488896452,1.018488526344299,1.296636939048767,5.02897834777832,0.5543375335878554,0.8716716117179203,0.7667585015296936
ETTh,PETS_SHTRAIN_CG64_REC,123,DEV_VAL,5,1679,cumulative,1-16,1.952358365058899,3.5125513076782227,2.061375379562378,3.3432116508483887,1.6711973547935486,6.893512551593629,7.3266215324401855,0.147935633455288,0.8662922019830009,7.177918502394248,0.2643101761252446,1.5497969855248996,14.52623206122159,0.3002637624436314,1.7776319133793692,26.17991856055565,0.3178496979494597,1.8915493773066048,49.25823238868983,0.7343370318412781,0.4675328731536865,0.2090608698685944,0.529910182506594,0.9422608613967896,1.2683706283569336,4.899341106414795,0.5891318528602626,0.8719564993619835,0.7787378430366516
ETTh,PETS_SHTRAIN_CG64_REC,123,DEV_VAL,5,1679,cumulative,1-32,2.119726181030273,3.8053019046783447,2.2379310131073,3.783586025238037,1.81869637966156,10.307920201285038,7.980112552642822,0.1494671573215349,0.9262940614815108,7.817240297242243,0.2675699821322215,1.6647595571651714,15.823355554564593,0.3042627414277206,1.9109147223842184,28.530637539776333,0.3221677444056836,2.0339923049937423,53.70454534704637,0.7898842096328735,0.5098037719726562,0.2075746496386444,0.5266330936782098,0.963939607143402,1.28784441947937,4.999052047729492,0.5820284731695133,0.8881990414673768,0.7787378430366516
ETTh,PETS_SHTRAIN_CG64_REC,123,DEV_VAL,5,1679,cumulative,1-64,2.316208600997925,4.139488697052002,2.447305917739868,4.207610607147217,1.9906488358974457,15.388196489089886,8.735177993774414,0.1525501467710371,1.0075796807241506,8.558467786805483,0.2727375457330043,1.8132209545743647,17.314741122813558,0.310177454692419,2.081768045849489,31.22360363523243,0.3283137815876797,2.2160415914870524,58.77937766953622,0.8606891632080078,0.5552667379379272,0.2079216121114089,0.521555267803965,0.9806979298591614,1.2863168716430664,5.112240314483643,0.5696053287306584,0.8860804884307594,0.7787378430366516
ETTh,PETS_SHTRAIN_CG64_REC,123,DEV_VAL,5,1679,disjoint,1-16,1.952358365058899,3.5125513076782227,2.061375379562378,3.3432116508483887,1.6711973547935486,6.893512551593629,7.3266215324401855,0.147935633455288,0.8662922019830009,7.177918502394248,0.2643101761252446,1.5497969855248996,14.52623206122159,0.3002637624436314,1.7776319133793692,26.17991856055565,0.3178496979494597,1.8915493773066048,49.25823238868983,0.7343370318412781,0.4675328731536865,0.2090608698685944,0.529910182506594,0.9422608613967896,1.2683706283569336,4.899341106414795,0.5891318528602626,0.8719564993619835,0.7787378430366516
ETTh,PETS_SHTRAIN_CG64_REC,123,DEV_VAL,5,1679,disjoint,17-32,2.287094116210937,4.077085018157959,2.4144861698150635,3.925714731216431,1.966194659471512,7.481378794938273,8.6336030960083,0.1509986811877818,0.9862959209800212,8.456562092090243,0.2708297881391985,1.7797221288054434,17.120479047907597,0.3082617204118097,2.0441975313890675,30.88135651899702,0.3264857908619076,2.17643523268088,58.15085830540293,0.8454311490058899,0.5543009042739868,0.2073616677701409,0.5233560048498256,0.9864968061447144,1.3107174634933472,5.1239519119262695,0.5745369976459911,0.8702272846995578,0.7787378430366516
ETTh,PETS_SHTRAIN_CG64_REC,123,DEV_VAL,5,1679,disjoint,33-64,2.5126914978027344,4.448641300201416,2.656679391860962,4.445824146270752,2.1626000702381134,11.273848871452117,9.490240097045898,0.1556331362205394,1.088865299966789,9.29969527636872,0.2779051093337871,1.961682351983559,18.80612669106252,0.3160921679571173,2.2526213693147583,33.91656973068852,0.3344598187696758,2.39809087798036,63.85420999202606,0.9314942359924316,0.6045506000518799,0.20938847911839,0.51647744192972,0.9971251487731934,1.286239504814148,5.220317840576172,0.5571947313383268,0.869589651163044,0.7787378430366516
Energy,TS_REC_ORIGINAL,0,DEV_VAL,5,1911,cumulative,1-16,5.344662666320801,17.96019744873047,5.499016284942627,14.877593994140623,4.905080437660217,17.717639132483708,22.62904167175293,0.0487251906257008,1.345778184228067,20.390642450731352,0.082154771249159,2.3618376324632493,45.68333487642269,0.0932185374149659,2.700524115313204,86.92916296511332,0.0988532088659639,2.869867356738182,169.06970344175463,1.1174083948135376,0.1330630481243133,0.0622158190634214,0.7067620729610525,2.4711592197418213,3.92534065246582,36.89106750488281,0.4114574767635992,0.5254060183955804,3.3667163848876958
Energy,TS_REC_ORIGINAL,0,DEV_VAL,5,1911,cumulative,1-32,5.861888408660889,18.581016540527344,6.0184102058410645,16.33035659790039,5.376785933971405,27.8390768095361,24.83594512939453,0.0479093079539508,1.447418087410013,22.335685362355026,0.0809259830305748,2.550830035663133,50.17995607687113,0.0917532191448007,2.9186340185274933,95.5601330749516,0.0972780939298796,3.1025360099596737,185.93183513483748,1.2065072059631348,0.1539691984653473,0.0649322497147345,0.7080333489851984,2.450709819793701,3.913275957107544,36.81435775756836,0.4078328956538304,0.530272509540464,3.3667163848876958
Energy,TS_REC_ORIGINAL,0,DEV_VAL,5,1911,cumulative,1-64,6.509293079376221,19.96246337890625,6.680524349212647,18.56784439086914,5.952949941158295,42.83320495637745,27.45954132080078,0.048683140838753,1.6300021153162356,24.772937728591344,0.0817503340621963,2.8914016873939445,55.45688634354461,0.0926534934028556,3.3118682115057525,105.39639963990176,0.0981608474433729,3.5221014735616585,204.8199014346533,1.368809461593628,0.176332414150238,0.0685691658194854,0.7071880460632055,2.4612069129943848,3.919155359268189,36.77785110473633,0.4029817229525684,0.5356582696045465,3.3667163848876958
Energy,TS_REC_ORIGINAL,0,DEV_VAL,5,1911,disjoint,1-16,5.344662666320801,17.96019744873047,5.499016284942627,14.877593994140623,4.905080437660217,17.717639132483708,22.62904167175293,0.0487251906257008,1.345778184228067,20.390642450731352,0.082154771249159,2.3618376324632493,45.68333487642269,0.0932185374149659,2.700524115313204,86.92916296511332,0.0988532088659639,2.869867356738182,169.06970344175463,1.1174083948135376,0.1330630481243133,0.0622158190634214,0.7067620729610525,2.4711592197418213,3.92534065246582,36.89106750488281,0.4114574767635992,0.5254060183955804,3.3667163848876958
Energy,TS_REC_ORIGINAL,0,DEV_VAL,5,1911,disjoint,17-32,6.379110813140869,19.18174934387207,6.537800312042236,16.371795654296875,5.848488628864288,21.328765253313357,27.042856216430664,0.0470934252822007,1.5490579905919597,24.28072827397869,0.0796971948119907,2.7398224388630186,54.67657727731953,0.0902879008746355,3.136743921741783,104.1911031847898,0.0957029789937953,3.3352046631811665,202.7939668279204,1.2956056594848633,0.1773136556148529,0.0675436654008184,0.7093046250093444,2.4321951866149902,3.9003946781158447,36.74205017089844,0.404080386733448,0.516596448378053,3.3667163848876958
Energy,TS_REC_ORIGINAL,0,DEV_VAL,5,1911,disjoint,33-64,7.1566925048828125,21.25431251525879,7.342642784118652,18.890180587768555,6.529119670391083,32.18840951947239,30.083162307739254,0.0494569737235553,1.812586143222458,27.210190094827663,0.0825746850938177,3.231973339124759,60.73381661021823,0.0935537676609105,3.7051024044840135,115.2326662048518,0.0990436009568662,3.941666937163637,223.70796773446952,1.5311121940612793,0.2007476091384887,0.0720377190728738,0.7063427431412126,2.4719221591949463,3.926158905029297,36.7369270324707,0.3980508190514774,0.5320573456939659,3.3667163848876958
Energy,TS_REC_ORIGINAL,42,DEV_VAL,5,1911,cumulative,1-16,5.611721515655518,18.06119537353516,5.795456886291504,15.591816902160645,5.15264493227005,18.159378186850265,23.75446128845215,0.0453028051880092,1.4325033287325726,21.401847686193825,0.0774942531957838,2.553792856149337,47.97095914593221,0.0879891791881587,2.927556032338292,91.27302631356568,0.0932909564924871,3.114437620432765,177.50131467459002,1.2107481956481934,0.1040337085723877,0.0670358838719106,0.7114807014838902,2.4945523738861084,3.901746273040772,36.85829925537109,0.4150507089282599,0.5246620394677952,3.5185396671295166
Energy,TS_REC_ORIGINAL,42,DEV_VAL,5,1911,cumulative,1-32,6.316837787628174,18.970928192138672,6.499178886413574,17.50969886779785,5.840071320533752,28.734143928972404,27.0782527923584,0.0442375439186663,1.455392826933002,24.163886681194057,0.0764103031322419,2.617192408497857,54.809600816232326,0.086817625401809,3.00445893599885,104.84936126577986,0.0920306309336921,3.198092199749348,204.5307027160713,1.241438627243042,0.1141085252165794,0.0654390030192344,0.7126259741533977,2.4623563289642334,3.890995979309082,36.7843017578125,0.4070292775032735,0.5373092858574446,3.5185396671295166
Energy,TS_REC_ORIGINAL,42,DEV_VAL,5,1911,cumulative,1-64,6.877757549285889,20.1297550201416,7.067617416381836,19.408632278442383,6.34455806016922,43.45659029852813,29.41754913330078,0.0440775211183374,1.5878292753957326,26.247156559252875,0.0766751583875308,2.870258153183097,59.56649443139226,0.0873047021006204,3.297734446026804,113.92481826238422,0.0926345125962472,3.511472592448655,222.1933182250962,1.3620784282684326,0.1277010291814804,0.0676649282073007,0.712327026449316,2.4680418968200684,3.9056472778320312,36.73126983642578,0.3997868290871206,0.5399265430915204,3.5185396671295166
Energy,TS_REC_ORIGINAL,42,DEV_VAL,5,1911,disjoint,1-16,5.611721515655518,18.06119537353516,5.795456886291504,15.591816902160645,5.15264493227005,18.159378186850265,23.75446128845215,0.0453028051880092,1.4325033287325726,21.401847686193825,0.0774942531957838,2.553792856149337,47.97095914593221,0.0879891791881587,2.927556032338292,91.27302631356568,0.0932909564924871,3.114437620432765,177.50131467459002,1.2107481956481934,0.1040337085723877,0.0670358838719106,0.7114807014838902,2.4945523738861084,3.901746273040772,36.85829925537109,0.4150507089282599,0.5246620394677952,3.5185396671295166
Energy,TS_REC_ORIGINAL,42,DEV_VAL,5,1911,disjoint,17-32,7.021951198577881,19.8389835357666,7.202896118164063,18.1405086517334,6.527492642402649,22.188736904228318,30.40205192565918,0.0431722826493234,1.4782823251334312,26.92592567619428,0.0753263530687,2.680591960846376,61.64824248653238,0.0856460716154593,3.081361839659412,118.42569621799404,0.0907703053748972,3.2817467790659296,231.56009075755256,1.2721295356750488,0.1255171597003936,0.0641227174457601,0.7137712468229049,2.432352304458618,3.8817873001098633,36.71442794799805,0.3987441130298273,0.5346488862288294,3.5185396671295166
Energy,TS_REC_ORIGINAL,42,DEV_VAL,5,1911,disjoint,33-64,7.438679218292236,21.22541236877441,7.636062145233154,20.03420639038086,6.8490501046180725,32.203404038157906,31.756837844848636,0.0439174983180085,1.7202657238584609,28.33042643731169,0.0769400136428197,3.123323897868338,64.32338804655221,0.0877917787994318,3.5910099560547577,123.0002752589885,0.0932383942588024,3.824852985147964,239.85593373412115,1.4827194213867188,0.1434125155210495,0.0698558593645044,0.7120280787452344,2.474933385848999,3.9227993488311768,36.67943572998047,0.3930102703967088,0.5350193330926459,3.5185396671295166
Energy,TS_REC_ORIGINAL,123,DEV_VAL,5,1911,cumulative,1-16,5.902270317077637,18.27611541748047,6.124766826629639,16.629764556884766,5.2968209981918335,18.194990294761467,24.06158447265625,0.0559238805412274,1.8210106575785248,22.254353122114026,0.0951341388203633,3.286897179161639,48.32778988709958,0.1081625644763399,3.775526019806079,90.51291022076676,0.1144151341855423,4.019840440128301,174.39905484376834,1.5625144243240356,0.1736560314893722,0.0854948871043758,0.6940910704941317,2.510266065597534,3.904852390289306,36.80602264404297,0.4076786025765617,0.5346056461526014,3.552215576171875
Energy,TS_REC_ORIGINAL,123,DEV_VAL,5,1911,cumulative,1-32,6.44716739654541,19.32645797729492,6.674214839935303,18.235151290893555,5.813959240913391,28.134052348190814,26.52157592773437,0.0552551721237945,1.898700334145588,24.347545917566737,0.094341617141362,3.4158233312711546,53.36323841156633,0.1070914629588098,3.921530997101711,100.36621084119724,0.1132920544591463,4.174384830016988,193.85633812884691,1.620455026626587,0.1850417852401733,0.0838464569415837,0.6950049233292218,2.4720375537872314,3.8951938152313232,36.793235778808594,0.4053484917540217,0.5387654360898209,3.552215576171875
Energy,TS_REC_ORIGINAL,123,DEV_VAL,5,1911,cumulative,1-64,7.067355632781982,22.75917625427246,7.3059163093566895,21.392112731933597,6.347127974033356,41.884135724325006,28.924116134643555,0.0552399874785078,2.131693044576389,26.584895913698556,0.0933230778575166,3.808637915955844,58.19321583673722,0.1057055720639904,4.367619539877934,109.31785487132694,0.1118062953203259,4.647110351838971,210.9820446692852,1.8032200336456297,0.2027203142642974,0.079230461309298,0.6959812668199148,2.4880142211914062,3.899017810821533,36.71297073364258,0.4018455629242801,0.5403480899493831,3.552215576171875
Energy,TS_REC_ORIGINAL,123,DEV_VAL,5,1911,disjoint,1-16,5.902270317077637,18.27611541748047,6.124766826629639,16.629764556884766,5.2968209981918335,18.194990294761467,24.06158447265625,0.0559238805412274,1.8210106575785248,22.254353122114026,0.0951341388203633,3.286897179161639,48.32778988709958,0.1081625644763399,3.775526019806079,90.51291022076676,0.1144151341855423,4.019840440128301,174.39905484376834,1.5625144243240356,0.1736560314893722,0.0854948871043758,0.6940910704941317,2.510266065597534,3.904852390289306,36.80602264404297,0.4076786025765617,0.5346056461526014,3.552215576171875
Energy,TS_REC_ORIGINAL,123,DEV_VAL,5,1911,disjoint,17-32,6.992068767547607,20.322589874267575,7.223667621612549,18.632274627685547,6.331104576587677,21.332916117413674,28.9815673828125,0.0545864637063616,1.9763900107126504,26.440738713019435,0.0935490954623607,3.54474948338067,58.39868693603308,0.1060203614412798,4.067535974397343,110.21951146162776,0.1121689747327502,4.328929219905677,213.31362141392563,1.6783949136734009,0.1963825523853302,0.082587648722793,0.6959187761643119,2.436946392059326,3.885541439056397,36.78961563110352,0.4030736836859286,0.5274735556486327,3.552215576171875
Energy,TS_REC_ORIGINAL,123,DEV_VAL,5,1911,disjoint,33-64,7.68754243850708,25.738075256347656,7.937617778778076,22.808948516845703,6.880288481712341,30.68112071467696,31.326658248901367,0.0552248028332212,2.364685755007188,28.822245909830347,0.0923045385736712,4.201452500640534,63.023193261908055,0.1043196811691709,4.813708082654149,118.26949890145664,0.1103205361815055,5.119835873660959,228.10775120972363,1.985986351966858,0.2215736508369445,0.0771614167798761,0.6969576103106078,2.505658864974976,3.9039299488067623,36.62865447998047,0.3985198474994393,0.5346937433563513,3.552215576171875
Energy,PETS_SHTRAIN_SH64_REC,0,DEV_VAL,5,1911,cumulative,1-16,5.659872531890869,17.976940155029297,5.901824951171875,15.014681816101074,5.1131561398506165,18.415998915474447,23.22635841369629,0.0642380578605068,1.7962318192701432,21.45457305140537,0.1094485871271585,3.1371282436066976,46.6083126987365,0.1237116412499065,3.5840937185329484,87.42421165431709,0.1309769099947671,3.807576455996076,168.63329916201036,1.500166893005371,0.1882671117782592,0.0834495125459756,0.6804062009419153,2.5732877254486084,4.000619411468506,37.12889099121094,0.3812077944731006,0.5224787836400084,3.652488231658936
Energy,PETS_SHTRAIN_SH64_REC,0,DEV_VAL,5,1911,cumulative,1-32,6.042171955108643,17.981155395507812,6.285669803619385,15.912656784057615,5.48183000087738,28.4054333993313,24.988630294799805,0.062713753083651,1.8184536317861064,22.960742534959216,0.1072906154219929,3.1962472070299506,50.21133733160672,0.1213860544217687,3.655511732255659,94.48619128901184,0.1284288097106974,3.885143994868516,182.5893386991398,1.5307886600494385,0.1979032605886459,0.0851329420372993,0.6825451918404725,2.52808141708374,3.975763320922852,37.09468460083008,0.3835820751554787,0.5337288548020135,3.652488231658936
Energy,PETS_SHTRAIN_SH64_REC,0,DEV_VAL,5,1911,cumulative,1-64,6.423834323883057,18.12106132507324,6.67025089263916,17.114585876464844,5.823279857635498,42.35779412591017,26.56151962280273,0.0608288129812364,1.9104657839200527,24.386343088127163,0.1047153579838528,3.367189004989923,53.38938658299181,0.1187056725162592,3.852763412153825,100.49851882032534,0.1256733806159826,4.095550615735779,194.24130901225848,1.61090087890625,0.2138687968254089,0.0888966076549458,0.6850191939756671,2.523602247238159,3.962965965270996,36.879188537597656,0.3752060217074794,0.5350899693820416,3.652488231658936
Energy,PETS_SHTRAIN_SH64_REC,0,DEV_VAL,5,1911,disjoint,1-16,5.659872531890869,17.976940155029297,5.901824951171875,15.014681816101074,5.1131561398506165,18.415998915474447,23.22635841369629,0.0642380578605068,1.7962318192701432,21.45457305140537,0.1094485871271585,3.1371282436066976,46.6083126987365,0.1237116412499065,3.5840937185329484,87.42421165431709,0.1309769099947671,3.807576455996076,168.63329916201036,1.500166893005371,0.1882671117782592,0.0834495125459756,0.6804062009419153,2.5732877254486084,4.000619411468506,37.12889099121094,0.3812077944731006,0.5224787836400084,3.652488231658936
Energy,PETS_SHTRAIN_SH64_REC,0,DEV_VAL,5,1911,disjoint,17-32,6.42446756362915,17.985366821289062,6.669504165649414,15.762762069702148,5.850490629673004,21.555696393389837,26.750900268554688,0.0611894483067952,1.8406754443020696,24.46691201851304,0.1051326437168273,3.255366170453204,53.814361964476966,0.1190604675936308,3.726929745978369,101.54817092370652,0.1258807094266278,3.962711533740951,196.5453782362692,1.561409592628479,0.2081404328346252,0.0868155544528709,0.6846841827390296,2.484548330307007,3.954827547073364,37.08395767211914,0.3856918591612469,0.5245383624254542,3.652488231658936
Energy,PETS_SHTRAIN_SH64_REC,0,DEV_VAL,5,1911,disjoint,33-64,6.805495262145996,18.2598934173584,7.054832935333252,17.11678695678711,6.164732754230499,30.99703024157804,28.13441276550293,0.0589438728788218,2.002477936053999,25.811943641295084,0.1021401005457127,3.538130802949896,56.56743583437692,0.1160252906107498,4.050015092051994,106.51084635163876,0.1229179515212678,4.305957236603044,205.89327932537708,1.6910136938095093,0.2312268316745758,0.0926080812827736,0.6874931961108619,2.520233392715454,3.951738119125366,36.66754150390625,0.3664360107743913,0.5266194268687543,3.652488231658936
Energy,PETS_SHTRAIN_SH64_REC,42,DEV_VAL,5,1911,cumulative,1-16,6.11029577255249,19.66035461425781,6.329852104187012,16.699871063232422,5.516485333442688,18.66396079637125,25.153715133666992,0.0614545955744935,1.7950647188943696,23.12531435742406,0.105027519249458,3.229633484896389,50.58041805441204,0.1189553431262614,3.7078230737064186,95.10552104827204,0.1260208753831203,3.9469178681114334,183.6784943751458,1.560646653175354,0.1692802608013153,0.0793803918492682,0.6846354166666666,2.5961906909942627,4.002779483795166,37.14541244506836,0.3777017766813685,0.5238316376886967,4.315637588500977
Energy,PETS_SHTRAIN_SH64_REC,42,DEV_VAL,5,1911,cumulative,1-32,6.384373188018799,19.489694595336918,6.604029178619385,17.441688537597656,5.790346562862396,28.8214257780534,26.49571990966797,0.0580947007924048,1.7610080613803196,24.215144955084437,0.099444826007326,3.227406749133136,53.36111743257412,0.112840019249458,3.716206311881011,100.66810501897272,0.1195434561187112,3.960606093254948,194.79032229566263,1.5663293600082395,0.1734799146652221,0.080367055129894,0.6900192494580251,2.542409896850586,3.9692749977111816,37.024932861328125,0.380519524364159,0.5341828308971087,4.315637588500977
Energy,PETS_SHTRAIN_SH64_REC,42,DEV_VAL,5,1911,cumulative,1-64,6.793868541717529,20.862512588500977,7.026095867156982,19.678327560424805,6.125578463077545,42.84901083350866,27.950347900390625,0.0586340477124915,1.9891187284268843,25.64924030903976,0.1003410120916498,3.575849581646446,56.23911292840253,0.1140288017679599,4.104759866194065,105.81041517523708,0.1208096219256933,4.369215008467884,204.41482040565845,1.7264970541000366,0.1989711076021194,0.0827559502613146,0.6890466291255514,2.557238340377808,3.9672060012817374,36.87182235717773,0.3724664817959278,0.5370762881043466,4.315637588500977
Energy,PETS_SHTRAIN_SH64_REC,42,DEV_VAL,5,1911,disjoint,1-16,6.11029577255249,19.66035461425781,6.329852104187012,16.699871063232422,5.516485333442688,18.66396079637125,25.153715133666992,0.0614545955744935,1.7950647188943696,23.12531435742406,0.105027519249458,3.229633484896389,50.58041805441204,0.1189553431262614,3.7078230737064186,95.10552104827204,0.1260208753831203,3.9469178681114334,183.6784943751458,1.560646653175354,0.1692802608013153,0.0793803918492682,0.6846354166666666,2.5961906909942627,4.002779483795166,37.14541244506836,0.3777017766813685,0.5238316376886967,4.315637588500977
Energy,PETS_SHTRAIN_SH64_REC,42,DEV_VAL,5,1911,disjoint,17-32,6.65845251083374,19.31752586364746,6.878201484680176,16.83960723876953,6.064205169677734,21.886528635807377,27.837739944458008,0.0547348060103162,1.7269514038662697,25.304975552744768,0.0938621327651939,3.225180013369884,56.14181681073618,0.1067246953726545,3.7245895500556,106.23068898967348,0.1130660368543021,3.974294318398459,205.90215021617948,1.5720112323760986,0.1777256429195404,0.0813774622833235,0.6954030822493833,2.492383480072021,3.940918684005737,36.93727111816406,0.3832747751115098,0.524491278594793,4.315637588500977
Energy,PETS_SHTRAIN_SH64_REC,42,DEV_VAL,5,1911,disjoint,33-64,7.20335865020752,22.150405883789062,7.448149681091309,19.928295135498047,6.460798621177673,31.386928558543705,29.40497398376465,0.0591733946325783,2.217229395473448,27.083335662995083,0.1012371981759736,3.924292414159758,59.11710842423103,0.1152175842864618,4.493313420507126,110.95272533150128,0.1220757877326754,4.777823923680808,214.0393185156542,1.886664032936096,0.2270513772964477,0.0851751449988943,0.6880740087930777,2.5733673572540283,3.966278791427612,36.72006607055664,0.3641119687860965,0.5304105928306644,4.315637588500977
Energy,PETS_SHTRAIN_SH64_REC,123,DEV_VAL,5,1911,cumulative,1-16,5.733247756958008,18.02674102783203,5.951050758361816,15.41751194000244,5.167016327381134,18.35794494192365,23.511743545532227,0.0649844415788293,1.744174617399155,21.66443265011288,0.1119704062943858,3.114549057740388,47.23265609525194,0.1268758877177244,3.571340537925304,88.68700668762766,0.134346733198774,3.7997362780177593,171.15006997139233,1.4907829761505127,0.1964637041091919,0.08269841863534,0.6779556328025715,2.5645830631256104,4.000494956970215,37.072242736816406,0.3818070818070818,0.5273683201153251,3.707990884780884
Energy,PETS_SHTRAIN_SH64_REC,123,DEV_VAL,5,1911,cumulative,1-32,6.038183689117432,18.39238739013672,6.285984992980957,16.387300491333008,5.414777159690857,27.79905454135389,24.548507690429688,0.0671324848620767,1.9431426903097269,22.732520303047995,0.1157800001868879,3.4613431628237694,49.26141653097818,0.1311497813411078,3.9674099871110697,92.21423509784503,0.1387385998355386,4.220443399254715,177.63151129903724,1.66131329536438,0.214583083987236,0.0903261365762278,0.6742997834435972,2.5302138328552246,3.9828360080718994,37.10154342651367,0.3853719793482795,0.531946420874249,3.707990884780884
Energy,PETS_SHTRAIN_SH64_REC,123,DEV_VAL,5,1911,cumulative,1-64,6.472795009613037,19.92974853515625,6.73306131362915,18.80404281616211,5.765440940856934,41.090386092179344,26.04718017578125,0.0690743673843163,2.16227899961638,24.285756020190725,0.119474249177693,3.844811995481403,52.19825206527423,0.1355746453801301,4.40565632749225,97.30026869284129,0.1434706609292068,4.686078493497667,186.95949626406008,1.8432602882385252,0.2514359652996063,0.0924878848815878,0.6706015192821634,2.559041976928711,3.9882493019104,37.041595458984375,0.3774557965520064,0.5312498731169286,3.707990884780884
Energy,PETS_SHTRAIN_SH64_REC,123,DEV_VAL,5,1911,disjoint,1-16,5.733247756958008,18.02674102783203,5.951050758361816,15.41751194000244,5.167016327381134,18.35794494192365,23.511743545532227,0.0649844415788293,1.744174617399155,21.66443265011288,0.1119704062943858,3.114549057740388,47.23265609525194,0.1268758877177244,3.571340537925304,88.68700668762766,0.134346733198774,3.7997362780177593,171.15006997139233,1.4907829761505127,0.1964637041091919,0.08269841863534,0.6779556328025715,2.5645830631256104,4.000494956970215,37.072242736816406,0.3818070818070818,0.5273683201153251,3.707990884780884
Energy,PETS_SHTRAIN_SH64_REC,123,DEV_VAL,5,1911,disjoint,17-32,6.343114376068115,18.750904083251957,6.620916366577148,16.277559280395508,5.662536144256592,20.779295630355296,25.58527374267578,0.069280528145324,2.1421107632202987,23.80060795598311,0.11958959407939,3.808137267907152,51.290176966704365,0.1354236749644913,4.363479436296837,95.74146350806252,0.1431304664723032,4.641150520491677,184.11295262668224,1.8318442106246948,0.2328273653984069,0.0976936473298304,0.6706439340846229,2.4979248046875,3.9687347412109375,37.146602630615234,0.3889810869402706,0.5179219830611691,3.707990884780884
Energy,PETS_SHTRAIN_SH64_REC,123,DEV_VAL,5,1911,disjoint,33-64,6.907393932342529,21.35672950744629,7.180144309997559,19.42117691040039,6.116106271743774,29.918107577446627,27.545862197875977,0.071016249906556,2.3814153089230325,25.838991737333444,0.1231684981684981,4.2282808281390425,55.13508759957036,0.1399995094191522,4.843902667873423,102.38630228783728,0.148202722022875,5.151713587740617,196.28748122908289,2.025205373764038,0.2932593524456024,0.0948275049818805,0.6669032551207296,2.5888381004333496,3.993120431900024,36.95839309692383,0.36928816191489,0.5214224832530525,3.707990884780884
Energy,PETS_SHTRAIN_CG64_REC,0,DEV_VAL,5,1911,cumulative,1-16,5.642615795135498,18.174747467041016,5.821606159210205,14.927536010742188,5.178351819515228,18.001350918083187,23.82937812805176,0.0535036816924572,1.4744797090673276,21.562724430467085,0.0907516165806982,2.559653804580564,48.02429008597603,0.1026108245496,2.921378503103214,91.20278311834198,0.1085234918143081,3.1022408523645395,177.2063475721799,1.2227115631103516,0.1548954844474792,0.0672752986157126,0.6986525963407341,2.509166955947876,3.952174425125122,36.95899963378906,0.3826393561087439,0.5261317222645597,3.819885015487671
Energy,PETS_SHTRAIN_CG64_REC,0,DEV_VAL,5,1911,cumulative,1-32,5.920383930206299,18.094879150390625,6.102384567260742,15.649351119995115,5.444978833198547,27.24444201876925,25.0969181060791,0.0524086351573596,1.4968293438656584,22.661251924280624,0.0895753905957987,2.61495150962102,50.61239586055661,0.1015350508335202,2.987658898271005,96.24096394340953,0.1074745832398893,3.174012592595997,187.1324915990101,1.2500286102294922,0.1646709740161895,0.0690818987980092,0.699751585043358,2.4768500328063965,3.934812307357788,36.9624137878418,0.3856812487490565,0.536608017210457,3.819885015487671
Energy,PETS_SHTRAIN_CG64_REC,0,DEV_VAL,5,1911,cumulative,1-64,6.1402692794799805,17.844499588012695,6.325450897216797,16.450576782226562,5.65093070268631,40.52397810042479,26.063077926635746,0.0507511727218359,1.5304234625879816,23.512257409659824,0.0874729012484114,2.682490117383776,52.574659118933205,0.0993318172049039,3.066512335694507,100.02623518981414,0.10522258353891,3.2585234448498737,194.5507429926689,1.2812238931655884,0.1748370826244354,0.0717993736303073,0.7018053813214846,2.4709737300872803,3.923662662506104,36.75501251220703,0.3759592097784517,0.5393392948471564,3.819885015487671
Energy,PETS_SHTRAIN_CG64_REC,0,DEV_VAL,5,1911,disjoint,1-16,5.642615795135498,18.174747467041016,5.821606159210205,14.927536010742188,5.178351819515228,18.001350918083187,23.82937812805176,0.0535036816924572,1.4744797090673276,21.562724430467085,0.0907516165806982,2.559653804580564,48.02429008597603,0.1026108245496,2.921378503103214,91.20278311834198,0.1085234918143081,3.1022408523645395,177.2063475721799,1.2227115631103516,0.1548954844474792,0.0672752986157126,0.6986525963407341,2.509166955947876,3.952174425125122,36.95899963378906,0.3826393561087439,0.5261317222645597,3.819885015487671
Energy,PETS_SHTRAIN_CG64_REC,0,DEV_VAL,5,1911,disjoint,17-32,6.198147773742676,18.014657974243164,6.38315486907959,15.351445198059082,5.711599290370941,20.3668274291645,26.364452362060547,0.051313588622262,1.519178978663989,23.75977941809416,0.0883991646108993,2.670249214661476,53.20050163513718,0.1004592771174403,3.053939293438797,101.27914476847714,0.1064256746654705,3.245784332827457,197.05863562584017,1.277346134185791,0.1750548183917999,0.0709059331579929,0.7008505737459819,2.446446418762207,3.9203968048095694,36.98801040649414,0.3882322892526974,0.5253983612317756,3.819885015487671
Energy,PETS_SHTRAIN_CG64_REC,0,DEV_VAL,5,1911,disjoint,33-64,6.360157489776611,17.590557098388672,6.548520565032959,15.94940185546875,5.85688716173172,29.621810199424164,27.02923583984375,0.0490937102863123,1.5640175813103048,24.36326289503902,0.0853704119010241,2.7500287251465325,54.53692237730987,0.0971285835762876,3.1453657731180136,103.81150643621878,0.1029705838379307,3.343034297103753,201.9689943863278,1.3124207258224487,0.1853123158216476,0.0746093894856047,0.7038591775996114,2.4660048484802246,3.914327383041382,36.55279922485352,0.3658765526770793,0.5321798229835535,3.819885015487671
Energy,PETS_SHTRAIN_CG64_REC,42,DEV_VAL,5,1911,cumulative,1-16,5.767630100250244,18.791860580444336,5.955709457397461,15.568007469177246,5.282633125782013,17.608608414799047,24.271469116210938,0.0607023716079838,1.5301674815089428,22.031455947486183,0.0966818045899678,2.6770532503781235,48.88482919914875,0.1083891661060028,3.059348506731687,92.6707201952501,0.114243430888839,3.2504961349084707,179.86781924031766,1.2817203998565674,0.1350783407688141,0.0682061467181373,0.6924958067018016,2.52656888961792,3.9486641883850098,36.88697052001953,0.3845393835189754,0.5272531549940488,4.142167568206787
Energy,PETS_SHTRAIN_CG64_REC,42,DEV_VAL,5,1911,cumulative,1-32,5.982944011688232,18.60172271728516,6.1688151359558105,16.129886627197266,5.507772743701935,26.71706356846804,25.392698287963867,0.0594875999850489,1.4924684244777708,22.9233259823206,0.0937902977124915,2.6281556793310465,51.21131325734348,0.1052693055244075,3.006718097657544,97.39602863592148,0.1110131896165059,3.195999306820794,189.39952258423128,1.2597352266311646,0.1364772021770477,0.0677214280514239,0.6951099017903865,2.4921445846557617,3.931598901748657,36.87536239624024,0.3874241295241953,0.5394355237411648,4.142167568206787
Energy,PETS_SHTRAIN_CG64_REC,42,DEV_VAL,5,1911,cumulative,1-64,6.261996269226074,18.69804954528809,6.44748067855835,17.31509017944336,5.763583719730377,39.70811881878232,26.59592056274414,0.0589590575241085,1.5423868969476044,23.972491350357053,0.0935961094602676,2.7188498950472098,53.66687811759864,0.1052155752410854,3.1110042277927605,102.1419915908358,0.1110199059019212,3.307081394165542,198.7062616638469,1.300757646560669,0.1513777673244476,0.0695664883874725,0.6953023379681542,2.498812437057495,3.926231622695923,36.70575714111328,0.3782181806963148,0.5427383681997937,4.142167568206787
Energy,PETS_SHTRAIN_CG64_REC,42,DEV_VAL,5,1911,disjoint,1-16,5.767630100250244,18.791860580444336,5.955709457397461,15.568007469177246,5.282633125782013,17.608608414799047,24.271469116210938,0.0607023716079838,1.5301674815089428,22.031455947486183,0.0966818045899678,2.6770532503781235,48.88482919914875,0.1083891661060028,3.059348506731687,92.6707201952501,0.114243430888839,3.2504961349084707,179.86781924031766,1.2817203998565674,0.1350783407688141,0.0682061467181373,0.6924958067018016,2.52656888961792,3.9486641883850098,36.88697052001953,0.3845393835189754,0.5272531549940488,4.142167568206787
Energy,PETS_SHTRAIN_CG64_REC,42,DEV_VAL,5,1911,disjoint,17-32,6.198256969451904,18.409616470336918,6.381923198699951,15.573400497436523,5.732914507389069,19.992060145912117,26.513916015625,0.058272828362114,1.4547693674465991,23.815196017155014,0.0908987908350153,2.57925810828397,53.53779731553818,0.1021494449428122,2.954087688583401,102.12133707659292,0.1077829483441728,3.1415024787331154,198.9312259281447,1.2377506494522097,0.1378046870231628,0.0672339182864876,0.6977239968789715,2.4595518112182617,3.916053295135498,36.87075424194336,0.3904263536916598,0.5305693210597411,4.142167568206787
Energy,PETS_SHTRAIN_CG64_REC,42,DEV_VAL,5,1911,disjoint,33-64,6.541054725646973,18.79388427734375,6.726136684417725,17.039337158203125,6.019386172294617,29.04527848738361,27.79913902282715,0.0584305150631681,1.592305369417438,25.02165671839348,0.0934019212080436,2.8095441107633707,56.12244297785389,0.1051618449577633,3.215290357927982,106.88795454575008,0.1110266221873364,3.418163481510288,208.01300074346307,1.3417798280715942,0.1674268543720245,0.0713944923928858,0.6954947741459221,2.5055391788482666,3.919279098510742,36.51666641235352,0.368801650401387,0.5360015220100779,4.142167568206787
Energy,PETS_SHTRAIN_CG64_REC,123,DEV_VAL,5,1911,cumulative,1-16,5.859915256500244,18.535289764404297,6.001084327697754,15.905659675598145,5.403973400592804,17.603885899808542,25.019166946411133,0.0586162349555206,1.334790903876958,22.463398090771307,0.0940607012035583,2.372645285073624,50.54162329363706,0.1057248448830081,2.718596745445766,96.38325922207636,0.1115218752336099,2.891572475631836,187.7034792635558,1.1306803226470947,0.1390813291072845,0.0610014915881426,0.6950190859310758,2.492178678512573,3.9179842472076416,36.73186111450195,0.3815828162766938,0.5321053723208995,4.1930036544799805
Energy,PETS_SHTRAIN_CG64_REC,123,DEV_VAL,5,1911,cumulative,1-32,5.992932796478272,18.326488494873047,6.154832363128662,16.354040145874023,5.5008140206336975,26.403474299424587,25.380691528320312,0.060525412087912,1.4722022794020562,22.89376602651049,0.09782941335875,2.5997901367336094,51.21722531757257,0.1099765455632802,2.9756527558525256,97.40432781081526,0.1160182823129251,3.163584065411986,189.39141733553132,1.2381975650787354,0.1545203924179077,0.0675632740786719,0.6914125866692831,2.4637935161590576,3.9029717445373535,36.75520324707031,0.3858934569928645,0.5384283753271467,4.1930036544799805
Energy,PETS_SHTRAIN_CG64_REC,123,DEV_VAL,5,1911,cumulative,1-64,6.20932674407959,18.44010162353516,6.381720542907715,17.48825454711914,5.677309930324554,39.36582481593232,26.13573455810547,0.0634686051618449,1.5856653220496315,23.6681616826362,0.1027264614637063,2.8001064174440096,52.70135823063931,0.1154196568737385,3.204920115919028,99.9974944879322,0.1216330969200867,3.407326965156537,194.17222925718835,1.334152340888977,0.1737310886383056,0.0723505958983541,0.6866880448951559,2.466387987136841,3.900115966796875,36.6117057800293,0.378123253487685,0.5395652209730235,4.1930036544799805
Energy,PETS_SHTRAIN_CG64_REC,123,DEV_VAL,5,1911,disjoint,1-16,5.859915256500244,18.535289764404297,6.001084327697754,15.905659675598145,5.403973400592804,17.603885899808542,25.019166946411133,0.0586162349555206,1.334790903876958,22.463398090771307,0.0940607012035583,2.372645285073624,50.54162329363706,0.1057248448830081,2.718596745445766,96.38325922207636,0.1115218752336099,2.891572475631836,187.7034792635558,1.1306803226470947,0.1390813291072845,0.0610014915881426,0.6950190859310758,2.492178678512573,3.9179842472076416,36.73186111450195,0.3815828162766938,0.5321053723208995,4.1930036544799805
Energy,PETS_SHTRAIN_CG64_REC,123,DEV_VAL,5,1911,disjoint,17-32,6.125945568084717,18.115283966064453,6.308587074279785,15.778478622436523,5.597660839557648,19.58733959142967,25.742246627807617,0.0624345892203035,1.6096136549271542,23.324133962249675,0.1015981255139418,2.8269349883935955,51.89282734150811,0.1142282462435523,3.232708766259286,98.42539639955412,0.1205146893922404,3.4355956551921314,191.0793554075067,1.3457154035568235,0.1704201996326446,0.074286188727583,0.6878060874074905,2.4371511936187744,3.891337394714356,36.79345703125,0.3904076648974608,0.5251095227590689,4.1930036544799805
Energy,PETS_SHTRAIN_CG64_REC,123,DEV_VAL,5,1911,disjoint,33-64,6.425725936889648,18.55301856994629,6.608593940734863,17.150684356689453,5.853791356086731,28.902158189699065,26.890758514404297,0.0664117982357778,1.6991283646972068,24.4425573387619,0.1076235095686626,3.000422698154407,54.18549114370604,0.1208627681841967,3.434187475985532,102.59066116504904,0.1272479115272482,3.651069864901092,198.9530411788455,1.4301071166992188,0.1950055211782455,0.0770821799863783,0.6819635031210287,2.4694507122039795,3.897162437438965,36.445098876953125,0.369995321772807,0.5312888622580936,4.1930036544799805
AirQuality,TS_REC_ORIGINAL,0,DEV_VAL,5,873,cumulative,1-16,155.4807586669922,277.6167907714844,161.581298828125,270.2650756835937,135.9543972015381,10.14193287190751,609.76123046875,0.0951460481099656,55.42831290364399,577.0127416053573,0.1731099656357388,101.64370246039825,1221.1684243654654,0.1970933562428407,117.04883231289156,2250.310357804643,0.2091606211022018,124.75139723913824,4291.256279172832,48.39731597900391,19.35828399658203,0.1743313718327698,0.6188725022273132,49.842044830322266,59.79001998901367,259.1615905761719,0.6068219422171313,0.7769631931915697,43.8886947631836
AirQuality,TS_REC_ORIGINAL,0,DEV_VAL,5,873,cumulative,1-32,180.68849182128903,316.5299072265625,186.71255493164065,312.4478759765625,159.96328353881836,16.62516165229329,723.4912719726562,0.0838503881888761,57.072579443999466,676.6152357763243,0.1525749331806032,106.01698366421508,1452.2082816960997,0.1750111365661193,122.33178507129628,2698.1395768632383,0.1860800878197785,130.4891857748369,5172.068362087749,50.61574172973633,18.46568489074707,0.1599082442895581,0.6381208635611557,48.60358810424805,58.68901443481445,260.4944763183594,0.6052585120315971,0.7972393443220032,43.8886947631836
AirQuality,TS_REC_ORIGINAL,0,DEV_VAL,5,873,cumulative,1-64,192.7428131103516,332.21209716796875,199.1672821044922,332.932861328125,170.55525016784668,25.204272955686715,770.64306640625,0.0801295819014891,61.6411681539524,721.9831566986617,0.1464637425225913,113.459288781068,1545.517702157387,0.1681303296423571,130.73199565632703,2868.964382863824,0.1790640511645666,139.36834909395657,5497.05350796586,54.06163024902344,19.55011367797852,0.1627322746820068,0.644053073692249,48.34944534301758,58.4968376159668,260.5182800292969,0.5987563410243822,0.811286872423764,43.8886947631836
AirQuality,TS_REC_ORIGINAL,0,DEV_VAL,5,873,disjoint,1-16,155.4807586669922,277.6167907714844,161.581298828125,270.2650756835937,135.9543972015381,10.14193287190751,609.76123046875,0.0951460481099656,55.42831290364399,577.0127416053573,0.1731099656357388,101.64370246039825,1221.1684243654654,0.1970933562428407,117.04883231289156,2250.310357804643,0.2091606211022018,124.75139723913824,4291.256279172832,48.39731597900391,19.35828399658203,0.1743313718327698,0.6188725022273132,49.842044830322266,59.79001998901367,259.1615905761719,0.6068219422171313,0.7769631931915697,43.8886947631836
AirQuality,TS_REC_ORIGINAL,0,DEV_VAL,5,873,disjoint,17-32,205.8961944580078,351.1570739746094,211.84378051757807,338.7894287109375,183.9721546173096,12.929183557242844,837.2213745117188,0.0725547282677866,58.71684598435495,776.2177299472912,0.1320399007254677,110.39026486803192,1683.2481390267335,0.152928916889398,127.61473782970104,3145.968795921836,0.1629995545373552,136.22697431053558,6052.880445002669,52.834171295166016,17.64398956298828,0.1504573742375647,0.657369224894998,47.555572509765625,57.85565948486328,262.31756591796875,0.6027321708879555,0.778714808917794,43.8886947631836
AirQuality,TS_REC_ORIGINAL,0,DEV_VAL,5,873,disjoint,33-64,204.7971649169922,347.1866760253906,211.62208557128903,342.8280334472656,181.1472816467285,18.660104707820214,817.7943115234375,0.076408775614102,66.20975686390534,767.3510776209988,0.1403525518645793,120.90159389792085,1638.827122618674,0.1612495227185948,139.1322062413578,3039.7891888644126,0.1720480145093547,148.24751241307635,5822.038653843973,57.50752639770508,20.720848083496094,0.1656386329569266,0.6499852838233422,48.0848503112793,58.35171127319336,260.8095703125,0.5921738166500388,0.8075833220897882,43.8886947631836
AirQuality,TS_REC_ORIGINAL,42,DEV_VAL,5,873,cumulative,1-16,143.61062622070312,250.96234130859372,150.29913330078125,251.24888610839844,123.41413116455078,9.55488543435296,545.6954345703125,0.1124395443553519,58.01365458126068,528.0684640448076,0.2050241822578592,106.62008980761954,1086.5323775065742,0.2342099401807305,122.82223488358912,1973.597630104142,0.2485045182639684,130.92330742157392,3730.724790112772,50.69754409790039,23.11654090881348,0.202012556280548,0.5874554537355224,54.80070495605469,63.55910873413086,259.48394775390625,0.608120147639048,0.7785364670164933,44.15066146850586
AirQuality,TS_REC_ORIGINAL,42,DEV_VAL,5,873,cumulative,1-32,164.50955200195312,288.133544921875,170.31521606445312,288.396728515625,144.11944961547852,15.408193305798196,646.9597778320312,0.0976676848669975,56.868213055194026,612.532206228721,0.17734981545119,103.92100847107334,1294.322695008574,0.2029718722158584,119.60527360971903,2386.1162473462523,0.2155203958253786,127.44740617904183,4552.8133644617,49.37567138671875,22.93143081665039,0.1713638424158719,0.6141225579101438,51.110008239746094,60.8227424621582,260.13726806640625,0.6026350039208924,0.7960147499120984,44.15066146850586
AirQuality,TS_REC_ORIGINAL,42,DEV_VAL,5,873,cumulative,1-64,184.75735473632807,319.9543762207031,190.5998687744141,321.2734680175781,164.21252822875977,24.289380365241342,743.4866943359375,0.0894882747868143,57.64831273336181,694.825662263362,0.1616850420007636,104.71739161817996,1490.9704483380788,0.1847794959908362,120.40708457987353,2772.818611059632,0.1964132302405498,128.2519310607203,5319.306250444708,49.768585205078125,22.2618408203125,0.1555490060581261,0.629408489245259,49.26243209838867,59.222923278808594,260.1750793457031,0.596732061795063,0.8048836949422459,44.15066146850586
AirQuality,TS_REC_ORIGINAL,42,DEV_VAL,5,873,disjoint,1-16,143.61062622070312,250.96234130859372,150.29913330078125,251.24888610839844,123.41413116455078,9.55488543435296,545.6954345703125,0.1124395443553519,58.01365458126068,528.0684640448076,0.2050241822578592,106.62008980761954,1086.5323775065742,0.2342099401807305,122.82223488358912,1973.597630104142,0.2485045182639684,130.92330742157392,3730.724790112772,50.69754409790039,23.11654090881348,0.202012556280548,0.5874554537355224,54.80070495605469,63.55910873413086,259.48394775390625,0.608120147639048,0.7785364670164933,44.15066146850586
AirQuality,TS_REC_ORIGINAL,42,DEV_VAL,5,873,disjoint,17-32,185.4084625244141,321.0292663574219,190.3313140869141,309.8863830566406,164.82473373413086,11.88436865724771,748.2242431640625,0.0828958253786432,55.72277152912737,696.9959484126343,0.1496754486445208,101.22192713452712,1502.1130125105724,0.1717338042509864,116.38831233584892,2798.6348645883613,0.1825362733867888,123.97150493650982,5374.901938810626,48.05379867553711,22.754913330078125,0.1496866601004402,0.6407896620847652,47.5822639465332,58.278621673583984,261.66900634765625,0.5962496287811293,0.7703254749468141,44.15066146850586
AirQuality,TS_REC_ORIGINAL,42,DEV_VAL,5,873,disjoint,33-64,205.00518798828125,348.8848876953125,210.88455200195312,344.692138671875,184.30563163757324,18.642675950607806,840.0132446289062,0.081308864706631,58.4284124115296,777.1191182980034,0.1460202685503372,105.51377476528654,1687.618201667583,0.1665871197658139,121.208895550028,3159.520974773011,0.177306064655721,129.0564559423987,6085.799136427718,50.16148376464844,21.63420295715332,0.143776602351591,0.6446944205803742,47.55016326904297,57.8428840637207,260.5223388671875,0.590396071717433,0.7943942126148095,44.15066146850586
AirQuality,TS_REC_ORIGINAL,123,DEV_VAL,5,873,cumulative,1-16,146.58975219726562,261.2917175292969,153.06521606445312,257.4724426269531,127.79681777954102,9.776263839604075,568.8511352539062,0.1038564337533409,54.8090519220826,545.4801420632049,0.1890909380170548,100.23739519227624,1133.1668538546833,0.2156516482117856,115.38017628038408,2073.7243527508904,0.2283552882779687,122.95156682443807,3938.9049340330375,47.662784576416016,24.49091339111328,0.182412152314288,0.6032614229349624,52.01709365844727,61.16932678222656,258.8070983886719,0.6091298629672055,0.7762748450296979,40.05826568603516
AirQuality,TS_REC_ORIGINAL,123,DEV_VAL,5,873,cumulative,1-32,162.5933074951172,285.509765625,169.30630493164062,286.2267761230469,142.98291206359863,15.331633722692992,640.5494995117188,0.0963273195876288,57.72962120681485,607.4274893046164,0.1747128356879216,104.48570235307824,1279.099588997369,0.1991218022145857,120.07106273386395,2357.536837870878,0.2108629247804505,127.86374292425678,4497.730833893074,49.646751403808594,24.908069610595703,0.1738881025492369,0.6172437794323533,49.94631576538086,59.58302307128906,259.8880920410156,0.6061658599071302,0.7960309023047836,40.05826568603516
AirQuality,TS_REC_ORIGINAL,123,DEV_VAL,5,873,cumulative,1-64,177.8726043701172,308.21612548828125,184.53846740722656,313.0551452636719,156.27164840698242,23.732078093617904,701.2530517578125,0.0943167716685757,62.26684945381497,663.8005979453055,0.1690232436044291,112.2273042302634,1401.7078056218677,0.1934163007509227,128.88078915478283,2585.1444055117863,0.2054000413643884,137.20753161704258,4933.8853736851015,53.2176628112793,26.147069931030277,0.1726634605083396,0.6219609106529209,50.66084671020508,59.67808151245117,259.2628479003906,0.6001361640918724,0.8106255876175307,40.05826568603516
AirQuality,TS_REC_ORIGINAL,123,DEV_VAL,5,873,disjoint,1-16,146.58975219726562,261.2917175292969,153.06521606445312,257.4724426269531,127.79681777954102,9.776263839604075,568.8511352539062,0.1038564337533409,54.8090519220826,545.4801420632049,0.1890909380170548,100.23739519227624,1133.1668538546833,0.2156516482117856,115.38017628038408,2073.7243527508904,0.2283552882779687,122.95156682443807,3938.9049340330375,47.662784576416016,24.49091339111328,0.182412152314288,0.6032614229349624,52.01709365844727,61.16932678222656,258.8070983886719,0.6091298629672055,0.7762748450296979,40.05826568603516
AirQuality,TS_REC_ORIGINAL,123,DEV_VAL,5,873,disjoint,17-32,178.5968780517578,307.828369140625,185.54737854003903,301.7990417480469,158.16897201538086,11.588528666076067,712.2478637695312,0.0887982054219167,60.650190491547086,669.374836546028,0.1603347333587883,108.73400951388022,1425.0323241400554,0.1825919562173857,124.76194918734376,2641.3493229908654,0.1933705612829324,132.7759190240755,5056.55673375311,51.63071441650391,25.295970916748047,0.1677256536187458,0.6312261359297442,47.99191284179688,58.133338928222656,261.9740905761719,0.601450935471554,0.7763571394869925,40.05826568603516
AirQuality,TS_REC_ORIGINAL,123,DEV_VAL,5,873,disjoint,33-64,193.15182495117188,329.3608093261719,199.7705841064453,329.33648681640625,169.56030082702637,17.82505522882353,761.9563598632812,0.0923062237495227,66.80407770081509,720.1737065859949,0.1633336515209367,119.9689061074485,1524.316022246365,0.1877107992872597,137.69051557570174,2812.7519731526954,0.1999371579483263,146.55132030982838,5370.039913477125,56.788570404052734,27.62484359741211,0.1724205454809105,0.6266780418734886,51.47615051269531,59.82593536376953,259.01123046875,0.5941157874424696,0.8065881833012208,40.05826568603516
AirQuality,PETS_SHTRAIN_SH64_REC,0,DEV_VAL,5,873,cumulative,1-16,152.56515502929688,269.7528381347656,157.2409210205078,259.9385986328125,135.48380851745603,10.657997432719956,614.0151977539062,0.0755138729795087,46.79420787791179,571.9568213133953,0.1393979890543464,86.26860687047946,1232.3321980247092,0.1591335751559119,99.42673986810696,2296.0270015503525,0.1688144329896907,106.00580636692072,4408.942459416204,41.28522491455078,15.745590209960938,0.1530483430684986,0.6517850324551355,57.195194244384766,68.06939697265625,248.90701293945312,0.5771923125875016,0.8115453326676788,40.99543762207031
AirQuality,PETS_SHTRAIN_SH64_REC,0,DEV_VAL,5,873,cumulative,1-32,169.5128631591797,300.2289428710937,174.6970672607422,295.8348083496094,150.92218589782715,16.806426095137173,684.6596069335938,0.073680316914853,50.725903487037385,637.2348211639097,0.1372939735267914,94.22840418963754,1374.200429871507,0.1575068410334733,108.72923775689064,2563.1180791828897,0.1672911098383607,115.9796545405172,4925.354737811312,45.2210578918457,16.81420135498047,0.1506219135949921,0.6535569396716303,56.404747009277344,67.32234954833984,254.8588409423828,0.5769623963837466,0.8257424040430037,40.99543762207031
AirQuality,PETS_SHTRAIN_SH64_REC,0,DEV_VAL,5,873,cumulative,1-64,195.45199584960935,343.13134765625,200.6900787353516,342.2725524902344,175.42644882202148,27.28578803765669,800.8959350585938,0.0703632111492936,54.16252234796647,737.6460828661958,0.1300591828942344,100.15486359053892,1611.4613421642423,0.1488481608756522,115.48564400427895,3024.723080196763,0.1579761677485045,123.151034211149,5834.1495666426745,48.02147674560547,17.470674514770508,0.1399507129663755,0.6606883193330788,56.64360046386719,66.70899963378906,254.31224060058597,0.5697396518320536,0.8299758216409245,40.99543762207031
AirQuality,PETS_SHTRAIN_SH64_REC,0,DEV_VAL,5,873,disjoint,1-16,152.56515502929688,269.7528381347656,157.2409210205078,259.9385986328125,135.48380851745603,10.657997432719956,614.0151977539062,0.0755138729795087,46.79420787791179,571.9568213133953,0.1393979890543464,86.26860687047946,1232.3321980247092,0.1591335751559119,99.42673986810696,2296.0270015503525,0.1688144329896907,106.00580636692072,4408.942459416204,41.28522491455078,15.745590209960938,0.1530483430684986,0.6517850324551355,57.195194244384766,68.06939697265625,248.90701293945312,0.5771923125875016,0.8115453326676788,40.99543762207031
AirQuality,PETS_SHTRAIN_SH64_REC,0,DEV_VAL,5,873,disjoint,17-32,186.4605712890625,327.88458251953125,192.15313720703125,314.0639038085937,166.3604965209961,12.69285572993385,755.3040771484375,0.0718467608501972,54.65759909616299,702.5128210144242,0.1351899579992363,102.1882015087956,1516.0686617183042,0.1558801069110347,118.03173564567432,2830.209156815424,0.1657677866870306,125.9535027141137,5441.767016206422,49.15688705444336,18.088254928588867,0.1499213127885182,0.6553288468881253,55.80073928833008,66.9928207397461,262.3953552246094,0.5767001824275593,0.8073232947347546,40.99543762207031
AirQuality,PETS_SHTRAIN_SH64_REC,0,DEV_VAL,5,873,disjoint,33-64,221.39114379882807,381.2358093261719,226.68313598632807,373.1515502929688,199.93074798583984,21.189244223492597,917.1326904296876,0.0670461053837342,57.59914120889556,838.0573445684823,0.1228243922616774,106.08132299144022,1848.722254456978,0.1401894807178312,122.24205025166728,3486.328081210638,0.1486612256586483,130.3224138817808,6742.944395474037,50.82192611694336,18.27478790283203,0.1333083746953632,0.6678196989945271,56.9036750793457,66.12374114990234,253.43663024902344,0.5629087684292207,0.8207698090108447,40.99543762207031
AirQuality,PETS_SHTRAIN_SH64_REC,42,DEV_VAL,5,873,cumulative,1-16,134.5199432373047,245.1525421142578,139.23080444335938,237.73912048339844,120.61515426635742,9.670996410603362,548.3212280273438,0.088806160112002,40.33657764886236,508.01607450750544,0.157948326333206,73.84233190083705,1101.8449950850058,0.1789646175385007,85.01091665204524,2060.289657832003,0.189878452335497,90.59520902764932,3964.880320813226,35.13877868652344,14.890588760375977,0.1433343435212936,0.6336006109201986,53.63096618652344,64.76295471191406,252.38897705078125,0.573509821390692,0.8020423979562465,40.653350830078125
AirQuality,PETS_SHTRAIN_SH64_REC,42,DEV_VAL,5,873,cumulative,1-32,154.5286407470703,278.48272705078125,159.2453155517578,275.7814636230469,139.0468292236328,15.63467764122377,634.782958984375,0.0842481226931398,43.62002120850686,583.8876288477164,0.1498544291714394,80.10634329969398,1277.5821079293478,0.1700991154384625,92.268450663469,2399.0643933167507,0.1803328242331678,98.34950434535652,4628.453649220543,38.142948150634766,16.044172286987305,0.1369670160680357,0.6413663771159477,54.38873672485352,65.22879028320312,260.2616577148437,0.5656841854602636,0.8217332552566425,40.653350830078125
AirQuality,PETS_SHTRAIN_SH64_REC,42,DEV_VAL,5,873,cumulative,1-64,174.42662048339844,309.2717590332031,180.28094482421875,312.4612121582031,157.0011157989502,24.74885509547338,715.5919799804688,0.0818199535446099,50.80419611798166,659.8736757967108,0.1457935598829069,92.37975719701004,1439.0792011298183,0.1659149484536082,106.23827755628618,2699.34837691143,0.1760571783123329,113.16753773592424,5205.056987041586,44.03351211547852,17.473817825317383,0.1423780569332589,0.6451035899516355,55.6807975769043,65.35176849365234,263.4642028808594,0.5523898414314604,0.8246864836808027,40.653350830078125
AirQuality,PETS_SHTRAIN_SH64_REC,42,DEV_VAL,5,873,disjoint,1-16,134.5199432373047,245.1525421142578,139.23080444335938,237.73912048339844,120.61515426635742,9.670996410603362,548.3212280273438,0.088806160112002,40.33657764886236,508.01607450750544,0.157948326333206,73.84233190083705,1101.8449950850058,0.1789646175385007,85.01091665204524,2060.289657832003,0.189878452335497,90.59520902764932,3964.880320813226,35.13877868652344,14.890588760375977,0.1433343435212936,0.6336006109201986,53.63096618652344,64.76295471191406,252.38897705078125,0.573509821390692,0.8020423979562465,40.653350830078125
AirQuality,PETS_SHTRAIN_SH64_REC,42,DEV_VAL,5,873,disjoint,17-32,174.53733825683594,308.2296142578125,179.25990295410156,297.54669189453125,157.47857666015625,12.001070718874889,721.2446899414062,0.0796900852742777,46.903464768151366,659.7591831879274,0.1417605320096729,86.3703546985509,1453.319220773691,0.1612336133384243,99.5259846748928,2737.839128801498,0.1707871961308387,106.10379966306375,5292.026977627861,41.14712524414063,17.416973114013672,0.13349504181556,0.6491321433116966,55.26578140258789,65.98979949951172,269.2780456542969,0.5571846760850198,0.8105630779503908,40.653350830078125
AirQuality,PETS_SHTRAIN_SH64_REC,42,DEV_VAL,5,873,disjoint,33-64,194.32455444335935,337.2616271972656,201.3165283203125,335.75390625,174.95539093017578,18.88570449776255,796.4009399414062,0.0793917843960799,57.98837102745646,735.8597227457054,0.1417326905943744,104.65317109432613,1600.576294330289,0.1617307814687539,120.20810444910332,2999.6323605061066,0.171781532391498,127.9855711264919,5781.660324862625,49.924072265625,19.44320678710937,0.1480277275553326,0.6488408027873234,56.94826889038086,65.45665740966797,266.63043212890625,0.5390960187545932,0.8123936153133381,40.653350830078125
AirQuality,PETS_SHTRAIN_SH64_REC,123,DEV_VAL,5,873,cumulative,1-16,161.4523162841797,285.1739501953125,165.41635131835938,276.2666015625,144.07257843017578,11.0883530069783,657.07177734375,0.0788627975054091,46.05379467788539,606.916458606868,0.1417525773195876,84.64451711660662,1322.7273849236335,0.161862033855161,97.50809126239773,2476.0309270667726,0.1716781214203894,103.93987833529326,4767.352582303598,40.15077209472656,19.133419036865234,0.1407939682682367,0.6489611174748632,58.40779495239258,68.61534881591797,245.84376525878903,0.5704127953841585,0.8154005593671609,44.30866241455078
AirQuality,PETS_SHTRAIN_SH64_REC,123,DEV_VAL,5,873,cumulative,1-32,176.84593200683594,313.2789001464844,180.96652221679688,306.3548583984375,159.02838897705078,17.58636403069107,728.0210571289062,0.0750525009545628,47.92862829650185,668.1981128247222,0.1337223176785032,87.06087781343513,1466.6610899077111,0.1526902761868397,100.10496098516845,2756.9719765187515,0.1622199949089983,106.62700257103508,5322.281686069089,41.2597770690918,19.16614532470703,0.1317030194175202,0.6565787275677739,57.2054557800293,67.2773666381836,251.5903167724609,0.5672073803101405,0.830906398319599,44.30866241455078
AirQuality,PETS_SHTRAIN_SH64_REC,123,DEV_VAL,5,873,cumulative,1-64,195.43255615234372,343.2222900390625,199.32861328125,337.9644470214844,176.96302795410156,27.645547984066138,813.5542602539062,0.0677401520936744,48.32294328319669,742.8663008184575,0.1222954053710067,88.70321549431469,1640.6188579254997,0.1403227217767595,102.1633062312374,3094.990305455394,0.149695335369734,108.89335159969885,5988.275088055458,42.138580322265625,18.93103408813477,0.1227734373471775,0.6674865963472063,57.63148880004883,67.64781951904297,251.4486083984375,0.5653355313530953,0.8357801312523082,44.30866241455078
AirQuality,PETS_SHTRAIN_SH64_REC,123,DEV_VAL,5,873,disjoint,1-16,161.4523162841797,285.1739501953125,165.41635131835938,276.2666015625,144.07257843017578,11.0883530069783,657.07177734375,0.0788627975054091,46.05379467788539,606.916458606868,0.1417525773195876,84.64451711660662,1322.7273849236335,0.161862033855161,97.50809126239773,2476.0309270667726,0.1716781214203894,103.93987833529326,4767.352582303598,40.15077209472656,19.133419036865234,0.1407939682682367,0.6489611174748632,58.40779495239258,68.61534881591797,245.84376525878903,0.5704127953841585,0.8154005593671609,44.30866241455078
AirQuality,PETS_SHTRAIN_SH64_REC,123,DEV_VAL,5,873,disjoint,17-32,192.23953247070312,339.0621643066406,196.5166778564453,319.8658447265625,173.9841709136963,13.312866792839554,798.9705810546875,0.0712422044037164,49.80346191511831,729.4797670425763,0.1256920580374188,89.47723851026367,1610.5947948917878,0.1435185185185185,102.70183070793914,3037.9130259707304,0.1527618683976072,109.31412680677688,5877.210789834581,42.36878204345703,19.198326110839844,0.1249587435687445,0.6641963376606848,56.14823913574219,66.2615966796875,258.5574035644531,0.5635484281532391,0.8150314855811733,44.30866241455078
AirQuality,PETS_SHTRAIN_SH64_REC,123,DEV_VAL,5,873,disjoint,33-64,214.01927185058597,370.7552185058594,217.690673828125,356.3479309082031,194.8976535797119,20.94734998524457,899.0868530273438,0.060427803232786,48.71725826989154,817.5344888121934,0.1108684930635102,90.3455531751942,1814.576625943287,0.1279551673666794,104.22165147730648,3433.008634392036,0.1371706758304696,111.15970062836256,6654.268490041832,43.017372131347656,18.68694496154785,0.1160263429459127,0.6783944651266387,58.06942367553711,68.12409973144531,251.2043914794922,0.563672418677407,0.8270801072150856,44.30866241455078
AirQuality,PETS_SHTRAIN_CG64_REC,0,DEV_VAL,5,873,cumulative,1-16,136.6388397216797,246.76145935058597,141.05682373046875,235.8504638671875,120.74164199829102,9.692998889326605,545.6036376953125,0.0832458317423953,43.88071038955542,511.0894073781851,0.1532630138729795,80.5700168439007,1094.3595365208018,0.1753611429298714,92.79978566217795,2032.2952280925292,0.185877243222604,98.91467007131656,3894.6476774679,38.52288436889648,14.118556022644045,0.1561138618254204,0.6380631920580374,54.1748161315918,62.9598274230957,249.47784423828125,0.5791693182300284,0.8001783829542963,37.8161506652832
AirQuality,PETS_SHTRAIN_CG64_REC,0,DEV_VAL,5,873,cumulative,1-32,147.30238342285156,265.4135437011719,152.1622314453125,259.7192687988281,130.43540954589844,15.010893706460772,589.302001953125,0.0837986827033218,46.59443359567524,552.6024633273788,0.15400280005091,86.1350356428251,1181.1819658850172,0.1760850197276314,99.31523632478836,2192.9376596069137,0.1869908998345424,105.90533666577002,4202.231666794613,41.2717399597168,15.513778686523438,0.1554997510081267,0.6372806494208986,53.575138092041016,62.47515487670898,253.43011474609372,0.5793765165231743,0.8100291130363997,37.8161506652832
AirQuality,PETS_SHTRAIN_CG64_REC,0,DEV_VAL,5,873,cumulative,1-64,166.26849365234375,297.1937561035156,171.7364044189453,295.3897399902344,147.43986701965332,23.756570270092585,666.8006591796875,0.0858509927453226,52.789807581832896,623.5078046379712,0.1562301132747868,96.39105531081812,1337.0444570244117,0.1784217099401807,110.92480455319895,2486.291854335543,0.1894031596029018,118.1916791743893,4768.931731832569,46.145694732666016,17.600135803222656,0.1552714139680411,0.635023506109202,54.130653381347656,62.584747314453125,255.17898559570312,0.5713194785359734,0.8157243127828844,37.8161506652832
AirQuality,PETS_SHTRAIN_CG64_REC,0,DEV_VAL,5,873,disjoint,1-16,136.6388397216797,246.76145935058597,141.05682373046875,235.8504638671875,120.74164199829102,9.692998889326605,545.6036376953125,0.0832458317423953,43.88071038955542,511.0894073781851,0.1532630138729795,80.5700168439007,1094.3595365208018,0.1753611429298714,92.79978566217795,2032.2952280925292,0.185877243222604,98.91467007131656,3894.6476774679,38.52288436889648,14.118556022644045,0.1561138618254204,0.6380631920580374,54.1748161315918,62.9598274230957,249.47784423828125,0.5791693182300284,0.8001783829542963,37.8161506652832
AirQuality,PETS_SHTRAIN_CG64_REC,0,DEV_VAL,5,873,disjoint,17-32,157.96595764160156,282.8382568359375,163.26771545410156,268.8069763183594,140.12925338745117,11.181428876908386,633.0004272460938,0.0843515336642484,49.30815680179507,594.1155192765726,0.1547425862288405,91.70005444174951,1268.0043952492326,0.1768088965253913,105.8306869873988,2353.5800911212973,0.1881045564464808,112.89600326022342,4509.815656121327,44.02058792114258,17.14900779724121,0.1556387329408449,0.6364981067837597,53.07378387451172,62.3000373840332,258.7801208496094,0.5804166136353994,0.7869315953722439,37.8161506652832
AirQuality,PETS_SHTRAIN_CG64_REC,0,DEV_VAL,5,873,disjoint,33-64,185.23460388183597,325.8893127441406,191.31044006347656,317.9687194824219,164.44415855407715,18.122420757670007,744.2993774414062,0.0879033027873234,58.985181567990544,694.4131459485632,0.1584574264986636,106.6470749788111,1492.9069481638064,0.18075840015273,122.53437278160943,2779.6460490641703,0.1918154193712613,130.4780216830086,5335.631796870526,51.0196647644043,20.597585678100582,0.1565551945683484,0.6327663627975053,54.68330001831055,62.72384643554688,256.70526123046875,0.5634876645851039,0.8064366300136541,37.8161506652832
AirQuality,PETS_SHTRAIN_CG64_REC,42,DEV_VAL,5,873,cumulative,1-16,130.435791015625,242.6327667236328,135.67385864257812,235.7174072265625,115.85076904296876,9.416309407910258,523.0595092773438,0.0959494718085783,43.159519623147496,488.84024162625576,0.1695542191676212,78.65251776729755,1048.8642925469069,0.1928614611174748,90.483517149617,1949.1753498269595,0.2045309914725722,96.39901684077668,3737.085902379039,37.44107437133789,14.284918785095217,0.154311698609053,0.6217759641084383,52.66032028198242,61.66095733642578,251.9979248046875,0.5806626787153706,0.7822886292780591,38.76339721679688
AirQuality,PETS_SHTRAIN_CG64_REC,42,DEV_VAL,5,873,cumulative,1-32,150.11473083496094,276.5569763183594,155.44635009765625,274.3428955078125,134.1269702911377,15.29309735394883,608.5696411132812,0.0900828878706885,45.93927500980978,565.0242882738831,0.1618699885452462,84.54162112408844,1222.0056999437463,0.1840993699885452,97.40906982938309,2281.7889787584054,0.1951802532773323,103.84279418203036,4387.345955114313,40.3497200012207,15.630413055419922,0.1459002066712358,0.6296918750795468,53.88540267944336,62.60661697387695,258.8489685058594,0.5722737480857423,0.8036115398615894,38.76339721679688
AirQuality,PETS_SHTRAIN_CG64_REC,42,DEV_VAL,5,873,cumulative,1-64,173.21128845214844,313.44366455078125,179.38375854492188,315.7877502441406,155.28034591674805,24.47975428687376,704.8729858398438,0.0851649007254677,52.41374277169402,654.5871381615801,0.154402523227695,95.62915003474284,1414.4678905893704,0.1762997963599338,110.03428578916042,2642.950142193333,0.1870286846124475,117.2368536663692,5085.066067245682,45.65860366821289,17.199111938476562,0.1456676552504244,0.636776023768614,55.70503616333008,63.37763977050781,262.7919311523437,0.5571252810657163,0.8117287285591132,38.76339721679688
AirQuality,PETS_SHTRAIN_CG64_REC,42,DEV_VAL,5,873,disjoint,1-16,130.435791015625,242.6327667236328,135.67385864257812,235.7174072265625,115.85076904296876,9.416309407910258,523.0595092773438,0.0959494718085783,43.159519623147496,488.84024162625576,0.1695542191676212,78.65251776729755,1048.8642925469069,0.1928614611174748,90.483517149617,1949.1753498269595,0.2045309914725722,96.39901684077668,3737.085902379039,37.44107437133789,14.284918785095217,0.154311698609053,0.6217759641084383,52.66032028198242,61.66095733642578,251.9979248046875,0.5806626787153706,0.7822886292780591,38.76339721679688
AirQuality,PETS_SHTRAIN_CG64_REC,42,DEV_VAL,5,873,disjoint,17-32,169.79368591308594,306.7521057128906,175.21888732910156,294.865478515625,152.40320205688477,11.740875484382952,694.0797119140625,0.0842163039327987,48.71903039647208,641.2083349215104,0.1541857579228713,90.43072448087932,1395.1471073405871,0.1753372788596156,104.33462250914916,2614.402607689852,0.1858295150820924,111.2865715232841,5037.606007849587,43.25836563110352,17.23670768737793,0.1410205988010131,0.6376077860506555,55.20867156982422,63.69775390625,266.7960205078125,0.5635314581477239,0.789967519813577,38.76339721679688
AirQuality,PETS_SHTRAIN_CG64_REC,42,DEV_VAL,5,873,disjoint,33-64,196.30776977539065,346.4247131347656,203.3210601806641,343.4003295898437,176.43363571166992,18.8627155064599,801.1762084960938,0.0802469135802469,58.88821053357825,744.1499880492772,0.1469350579101438,106.71667894539728,1606.9300812349943,0.1685002227313224,122.65950174893776,3004.1113056282616,0.1788771159475626,130.63091315070798,5782.786179377046,50.96747589111328,19.174060821533203,0.1471242493929294,0.6438601724576811,57.48657989501953,64.06344604492188,266.6271057128906,0.5420767181104172,0.802873486147199,38.76339721679688
AirQuality,PETS_SHTRAIN_CG64_REC,123,DEV_VAL,5,873,cumulative,1-16,153.36004638671875,275.1233215332031,157.04342651367188,265.0433654785156,136.92987823486328,10.452388354298334,624.8038330078125,0.0753229604174621,43.56767822889024,576.2870189457391,0.136892261677485,79.78254086646407,1257.8614843616058,0.1569380806923762,91.85416174555456,2356.4574834500268,0.1665473463153875,97.8899721850998,4539.349619132808,37.84343719482422,17.607845306396484,0.1375508153359405,0.6535748377243222,56.10651779174805,64.93356323242188,246.0633850097656,0.5747656017988206,0.8056802695843672,41.41502380371094
AirQuality,PETS_SHTRAIN_CG64_REC,123,DEV_VAL,5,873,cumulative,1-32,164.58444213867188,297.1596374511719,168.6223907470703,288.3320007324219,148.03083610534668,16.236420342062477,677.7113037109375,0.0764962772050401,45.14504488913719,620.8242829420637,0.137516704849179,81.73282597821016,1365.5616780660423,0.1575903652793687,93.9287530079448,2569.667468200677,0.1671916762122947,100.02671652281208,4963.599046446466,38.71309661865234,18.333833694458008,0.130277102740824,0.6528012441135294,55.26348114013672,64.1122817993164,250.1708831787109,0.5744292124959457,0.8178562885937325,41.41502380371094
AirQuality,PETS_SHTRAIN_CG64_REC,123,DEV_VAL,5,873,cumulative,1-64,174.98492431640625,314.9681396484375,178.77732849121094,307.3673095703125,157.7682285308838,24.641242827248025,723.67529296875,0.071289932544228,45.61377522840714,661.7277679742172,0.1295361620211276,83.34542436869566,1458.630549464369,0.1489475945017182,95.92264074880616,2748.349987705799,0.1585986222476772,102.21124893886146,5313.308629088837,39.52529525756836,18.7592887878418,0.1254898203408315,0.6604069221713121,55.783050537109375,64.79483032226562,251.41802978515625,0.5719174692065109,0.8256634144245261,41.41502380371094
AirQuality,PETS_SHTRAIN_CG64_REC,123,DEV_VAL,5,873,disjoint,1-16,153.36004638671875,275.1233215332031,157.04342651367188,265.0433654785156,136.92987823486328,10.452388354298334,624.8038330078125,0.0753229604174621,43.56767822889024,576.2870189457391,0.136892261677485,79.78254086646407,1257.8614843616058,0.1569380806923762,91.85416174555456,2356.4574834500268,0.1665473463153875,97.8899721850998,4539.349619132808,37.84343719482422,17.607845306396484,0.1375508153359405,0.6535748377243222,56.10651779174805,64.93356323242188,246.0633850097656,0.5747656017988206,0.8056802695843672,41.41502380371094
AirQuality,PETS_SHTRAIN_CG64_REC,123,DEV_VAL,5,873,disjoint,17-32,175.80889892578125,317.6710205078125,180.201416015625,297.5677185058594,159.1318531036377,12.105617644367278,730.6187744140625,0.077669593992618,46.72241154938414,665.3615469383884,0.1381411480208731,83.68311108995627,1473.2618717704793,0.1582426498663612,96.003344270335,2782.8774529513294,0.167836006109202,102.16346086052438,5387.848473760124,39.58275604248047,19.12734603881836,0.1246029807163571,0.6520276505027364,54.545448303222656,63.5375862121582,255.74441528320312,0.573849221500997,0.7969323158001336,41.41502380371094
AirQuality,PETS_SHTRAIN_CG64_REC,123,DEV_VAL,5,873,disjoint,33-64,185.38543701171875,331.8222961425781,188.9322204589844,315.6981811523437,167.5056190490723,18.165308797435365,769.63916015625,0.066083587883416,46.082505567677096,702.631253006371,0.1215556191930762,84.9580227591812,1551.699420862696,0.1403048237240677,97.91652848966756,2927.032507210921,0.1500055682830597,104.39578135491072,5663.018211731208,40.337501525878906,19.205066680908203,0.1215635657844601,0.6680126002290951,56.32912063598633,65.62594604492188,252.74444580078125,0.5691452454560757,0.8190078404099997,41.41502380371094
