family,system,seed,draw,spectral_fidelity_error,period_histogram_jsd,amplitude_fidelity_error,slope_fidelity_error,curvature_fidelity_error,turning_point_fidelity_error
PETS_U,PETS_U_BF_FULL,0,100000,0.0014208838980121292,0.01620524765282672,0.017385670103348013,0.007629361339281042,0.012522639934862176,0.06640016032454654
PETS_U,PETS_U_BF_FULL,0,100001,0.0014093054869030411,0.016984777482521585,0.01745155175849838,0.007639032242739024,0.012528388552137101,0.0668596540178572
PETS_U,PETS_U_BF_FULL,0,100002,0.0014179364994598305,0.017163551397371152,0.017285333339916643,0.007722498094119207,0.012737425024564764,0.06797240380527214
PETS_U,PETS_U_BF_FULL,0,100003,0.0014351097933097438,0.017064257643442514,0.016599738594337603,0.007749207550168995,0.012715684233567198,0.06797600224985834
PETS_U,PETS_U_BF_FULL,0,100004,0.0014374167954885264,0.018112852337185143,0.017402283870096447,0.007767878331231052,0.012783082484885168,0.06845625620039686
PETS_U,PETS_U_BF_FULL,1,100000,0.0013645408486313616,0.01565543091140179,0.015506364358860698,0.007312570456750607,0.012093421955692255,0.06563369162769278
PETS_U,PETS_U_BF_FULL,1,100001,0.0013555028748356065,0.013451221106109369,0.015190498689496724,0.007360809621532301,0.012180817277659808,0.06601401954010777
PETS_U,PETS_U_BF_FULL,1,100002,0.0013609826157657456,0.014196025798443455,0.014636330787014387,0.007409085385894916,0.012319521841857528,0.06696428571428575
PETS_U,PETS_U_BF_FULL,1,100003,0.0013766668287086947,0.01505435990541525,0.014663861765418418,0.0074437004993239755,0.012282972135040447,0.06668277662627559
PETS_U,PETS_U_BF_FULL,1,100004,0.001385053798023422,0.018466001299422833,0.015087825855863143,0.007452086060059662,0.012320910877387459,0.06675557592828801
PETS_U,PETS_U_BF_FULL,2,100000,0.0014756714820763621,0.014929626057928741,0.0161734965668658,0.007823967654302495,0.01318882752444369,0.07311042906746035
PETS_U,PETS_U_BF_FULL,2,100001,0.0014699303147861574,0.015579103025088996,0.016982096587874772,0.00789207450519152,0.013288251446076017,0.07359787990717126
PETS_U,PETS_U_BF_FULL,2,100002,0.0014594294772491089,0.015542320400052297,0.016074992779799742,0.007877502039229572,0.013334607082978144,0.07442579896541957
PETS_U,PETS_U_BF_FULL,2,100003,0.001475559017029444,0.014311245596911633,0.015678567050266844,0.007852580837841659,0.01323867649692858,0.07457914806547622
PETS_U,PETS_U_BF_FULL,2,100004,0.0015015330241778871,0.018169663137501655,0.016610583949975513,0.00802886029350066,0.013492617674940699,0.07434109711592973
PETS_U,PETS_U_BF_FULL,42,100000,0.0014981640509628767,0.01225529845798457,0.017755227716179225,0.007858228443728753,0.013367707594518774,0.07678361057964855
PETS_U,PETS_U_BF_FULL,42,100001,0.0015005910895148887,0.011958191358880441,0.018372451160444576,0.007930464092035398,0.013469951925439115,0.07731147472009642
PETS_U,PETS_U_BF_FULL,42,100002,0.0014852780624899258,0.011240304780295323,0.017716767507840625,0.007926941728906841,0.013562674730258538,0.07810451654620187
PETS_U,PETS_U_BF_FULL,42,100003,0.0015009102773923596,0.014504501398830994,0.01719084724515768,0.007967712233302702,0.013570697220493491,0.07815877001842408
PETS_U,PETS_U_BF_FULL,42,100004,0.0015149971113511541,0.012045587825351738,0.017840359931293476,0.007989682133476266,0.013638798196213157,0.07856151900864516
PETS_U,PETS_U_BF_FULL,123,100000,0.0014586736168538113,0.01461650845789413,0.01622757207826193,0.007764356670121913,0.012924441556390553,0.06567687296272678
PETS_U,PETS_U_BF_FULL,123,100001,0.0014496426699284529,0.013788081511748033,0.016725672610196335,0.0077637578049158,0.012867003360720095,0.06568988272392295
PETS_U,PETS_U_BF_FULL,123,100002,0.0014576748276040176,0.0128646656667406,0.016274653232597743,0.007842710192380843,0.013034672919544063,0.0662717235331633
PETS_U,PETS_U_BF_FULL,123,100003,0.00147301487230947,0.013015773649853965,0.01593866554201482,0.007863533035463048,0.012975998890445234,0.06568877551020413
PETS_U,PETS_U_BF_FULL,123,100004,0.0014805996446267575,0.019070367790809513,0.016633301548877176,0.007906388560763644,0.01309473574339802,0.06681924071712025
PETS_U,PETS_U_BF_ANTI_ANCHOR,0,100000,0.001386627453849482,0.01576883445187144,0.01837262409390985,0.0070575390878248045,0.011597589107745658,0.06420676994756241
PETS_U,PETS_U_BF_ANTI_ANCHOR,0,100001,0.00137643330127543,0.01440996620822573,0.018001326208820296,0.007069208693663842,0.011597793826489664,0.06440966686153632
PETS_U,PETS_U_BF_ANTI_ANCHOR,0,100002,0.0013819432945891205,0.015759606746422395,0.017776060592717614,0.007158124049578978,0.011824506814203072,0.06531868932468826
PETS_U,PETS_U_BF_ANTI_ANCHOR,0,100003,0.0013931826600723182,0.016419918262296128,0.01726295427489877,0.007153574017666635,0.01176254602562278,0.06559189430980733
PETS_U,PETS_U_BF_ANTI_ANCHOR,0,100004,0.0014011698883998884,0.01640359096244283,0.01789636433355544,0.007184609817778305,0.011848247935902605,0.065929317690618
PETS_U,PETS_U_BF_ANTI_ANCHOR,1,100000,0.0013017846729070329,0.013873127209924683,0.016538109314407197,0.006480927562752696,0.010870717852034084,0.06358977510274949
PETS_U,PETS_U_BF_ANTI_ANCHOR,1,100001,0.001294967425613324,0.011651470740063523,0.015964417985132675,0.006526628295010366,0.010955258460050118,0.06413203302154202
PETS_U,PETS_U_BF_ANTI_ANCHOR,1,100002,0.001296911783074511,0.013627971672799617,0.015565710315849312,0.006571898789843829,0.011107395148183978,0.06522125451743205
PETS_U,PETS_U_BF_ANTI_ANCHOR,1,100003,0.0013111556762660397,0.013686482509728707,0.015152245867187554,0.006600726060234992,0.011061401347516542,0.06488964400864516
PETS_U,PETS_U_BF_ANTI_ANCHOR,1,100004,0.0013156608044194316,0.017232694503359992,0.015601749352013281,0.0065778719720978145,0.011059691759832402,0.06483649775014177
PETS_U,PETS_U_BF_ANTI_ANCHOR,2,100000,0.0014294417208948608,0.013699472742343961,0.015007267882020047,0.007345036284227894,0.012584387801641964,0.07326433177437647
PETS_U,PETS_U_BF_ANTI_ANCHOR,2,100001,0.0014300279668408703,0.01587790560625155,0.015651038264580294,0.007425817376930675,0.012704667729349084,0.0738566911139456
PETS_U,PETS_U_BF_ANTI_ANCHOR,2,100002,0.0014228308414933088,0.014850554028015849,0.014806625991619301,0.007432278391100524,0.01276843299052708,0.07435853573200119
PETS_U,PETS_U_BF_ANTI_ANCHOR,2,100003,0.001432948835123839,0.012871729587121324,0.01415480005142281,0.0073773362852406175,0.012661045397344417,0.07481055573270978
PETS_U,PETS_U_BF_ANTI_ANCHOR,2,100004,0.0014604542322881628,0.018420291153138323,0.015289139641809085,0.007549543794991169,0.012893695513402706,0.07465443859835608
PETS_U,PETS_U_BF_ANTI_ANCHOR,42,100000,0.001441934488426008,0.009785008706602002,0.01788833792187295,0.007193024021700214,0.012524512636432499,0.0766106084360828
PETS_U,PETS_U_BF_ANTI_ANCHOR,42,100001,0.0014419016131635707,0.010627328166152302,0.018005422119166895,0.007230907357602911,0.012575421426866823,0.07689405514810094
PETS_U,PETS_U_BF_ANTI_ANCHOR,42,100002,0.0014347423707911423,0.010971828025966687,0.01741497122310257,0.00728397336041102,0.0127560143632039,0.07808375628897396
PETS_U,PETS_U_BF_ANTI_ANCHOR,42,100003,0.0014414851464296203,0.010624995979050594,0.01688173399544389,0.007273628595399002,0.01270488225134056,0.07792597833404202
PETS_U,PETS_U_BF_ANTI_ANCHOR,42,100004,0.0014516651519414186,0.011597141929397424,0.017399240360186467,0.00730567882969586,0.012803129290788494,0.07870794802295922
PETS_U,PETS_U_BF_ANTI_ANCHOR,123,100000,0.0013668592892329414,0.014739599732759479,0.01664712777863878,0.006917146274563787,0.01158654009572034,0.062252537733843594
PETS_U,PETS_U_BF_ANTI_ANCHOR,123,100001,0.0013616738686836832,0.01482694321530646,0.017061133230228488,0.006956482336871964,0.01157168425053516,0.06203469343466561
PETS_U,PETS_U_BF_ANTI_ANCHOR,123,100002,0.001373671497521156,0.0132201680613092,0.016838182249165477,0.007029101736370485,0.011719476691994628,0.06257418331916104
PETS_U,PETS_U_BF_ANTI_ANCHOR,123,100003,0.0013736188522965583,0.011427211228059673,0.016378086571588513,0.007010358354698456,0.011635316641705945,0.06229710308602615
PETS_U,PETS_U_BF_ANTI_ANCHOR,123,100004,0.001391094672612186,0.018165201029203566,0.017005193103395978,0.00706645287927752,0.011754522901942295,0.06320612554917804
DIFFTS_U,DIFFTS_U_ORIGINAL,0,100000,0.0011180443775042936,0.004660102502374874,0.011518715861012375,0.007195926685675088,0.013575850516680837,0.11314949156746035
DIFFTS_U,DIFFTS_U_ORIGINAL,0,100001,0.001177759021016581,0.005515496708559532,0.012658318804451913,0.007465077374159974,0.013905509050788273,0.11297953426162138
DIFFTS_U,DIFFTS_U_ORIGINAL,0,100002,0.0011456208300468203,0.005377717481829671,0.01278064058691049,0.007373213236705246,0.01378730876498787,0.11281372900722797
DIFFTS_U,DIFFTS_U_ORIGINAL,0,100003,0.0011658155330843715,0.004434849115231175,0.012533278076322056,0.0075247843491899925,0.01397157164908941,0.11291393184878123
DIFFTS_U,DIFFTS_U_ORIGINAL,0,100004,0.0011488974999838664,0.0068076222722370195,0.01231926143535351,0.007339661912933625,0.013647872965985748,0.11169987200609416
DIFFTS_U,DIFFTS_U_ORIGINAL,1,100000,0.00102143705194954,0.005979187965350076,0.011086614010333812,0.005078191269819999,0.010306750397976051,0.09578948767006806
DIFFTS_U,DIFFTS_U_ORIGINAL,1,100001,0.00105903580403025,0.009407336930876352,0.011516096202135753,0.005185319263399227,0.010286192269836958,0.09433267121952954
DIFFTS_U,DIFFTS_U_ORIGINAL,1,100002,0.0010320742035633454,0.00736677071176449,0.01205296277921908,0.005239147580514112,0.010427675110718716,0.09419897516298192
DIFFTS_U,DIFFTS_U_ORIGINAL,1,100003,0.0010521546112882726,0.00864669292503186,0.011926154895977547,0.005234181145023702,0.010376733257285324,0.09444809824971662
DIFFTS_U,DIFFTS_U_ORIGINAL,1,100004,0.001050630567544423,0.007886819304931087,0.011245080361153306,0.005225806035943321,0.01034489991724221,0.09427869455073701
DIFFTS_U,DIFFTS_U_ORIGINAL,2,100000,0.0016693461214503929,0.05785768158225321,0.02429466700650517,0.008100070167015028,0.01242159554073212,0.0667278955853175
DIFFTS_U,DIFFTS_U_ORIGINAL,2,100001,0.001695950861625948,0.059328146695380335,0.02434349176026052,0.008148296768746913,0.012442982602726638,0.06528159766510777
DIFFTS_U,DIFFTS_U_ORIGINAL,2,100002,0.0016690999236338795,0.05828712788075941,0.025512405664982207,0.008104833041852524,0.012443305148262251,0.0666420865221089
DIFFTS_U,DIFFTS_U_ORIGINAL,2,100003,0.0016820629963713773,0.05862335539048131,0.024711832198920654,0.00816309340637367,0.01244809610702352,0.06543245553429711
DIFFTS_U,DIFFTS_U_ORIGINAL,2,100004,0.001679841249121876,0.05759563164963126,0.023754257833298886,0.008077423521921184,0.012349551595625119,0.06552075582837308
DIFFTS_U,DIFFTS_U_ORIGINAL,42,100000,0.0011246123410605193,0.011771659740085642,0.012516355221910355,0.005450941105795477,0.010231065572291267,0.0926480455463436
DIFFTS_U,DIFFTS_U_ORIGINAL,42,100001,0.0011804617456412014,0.011724075185495227,0.01383788693964727,0.005680834204517302,0.010452198086274248,0.0918317522321429
DIFFTS_U,DIFFTS_U_ORIGINAL,42,100002,0.0011345955644985692,0.008613260196496511,0.013565376178106306,0.005631243103291536,0.010446496203060783,0.09221733940972227
DIFFTS_U,DIFFTS_U_ORIGINAL,42,100003,0.0011657153880442214,0.00948985325108617,0.013353754181974698,0.005725503437334543,0.010630709775291777,0.09304830330569736
DIFFTS_U,DIFFTS_U_ORIGINAL,42,100004,0.001144396086974888,0.009564461102653184,0.013336304130092024,0.005554188042069131,0.010309471277831224,0.09204156923185947
DIFFTS_U,DIFFTS_U_ORIGINAL,123,100000,0.0017385696561521378,0.09009757138397369,0.024055292589317278,0.008703076204162087,0.013603006124402219,0.07358459334254541
DIFFTS_U,DIFFTS_U_ORIGINAL,123,100001,0.0017664065941723952,0.09263445345177018,0.024550691840635856,0.008835111661712036,0.013714633139051219,0.07248153167517013
DIFFTS_U,DIFFTS_U_ORIGINAL,123,100002,0.001736494045382907,0.09321733874960886,0.02529610945097443,0.00877934416563041,0.013690259351215497,0.07324495553429711
DIFFTS_U,DIFFTS_U_ORIGINAL,123,100003,0.001745802014782895,0.08495714091738117,0.024569797192870474,0.008806331888829469,0.013685161459374783,0.07253301711309529
DIFFTS_U,DIFFTS_U_ORIGINAL,123,100004,0.0017485683653929358,0.0888422660667384,0.024040244101742752,0.008772796089168693,0.013642420028696874,0.0723807752267574
