status,family,dataset,sequence_length,model_seed,draw,gpu,sample_count,shape,sample_sha256,checkpoint,checkpoint_sha256,runtime_seconds,peak_memory_mb,batch_size,aggregation
COMPLETE,PETS-U,ETTh,64,0,100000,2,4096,"[4096, 64, 7]",9e3cb06d5dc84fe4facb699a45cd304b7338f26c2e5aed2a1d3e6aff7e7a9ddc,/path/to/PETS-FFT-Ablation/results/unconditional_aa_aa_cross_dataset_length/ETTh/T64/seed_0/checkpoints/checkpoint-10.pt,9b32acaca78da714c745a885522599ea5fe44e5ce06d575a60edfbf243396fa5,299.73027873039246,182.49658203125,128,FULL
COMPLETE,PETS-U,ETTh,64,0,100001,1,4096,"[4096, 64, 7]",52321555f1e81681fb2280559877adc8ec6a6bf5da86f47dbc93446f7ba3bc78,/path/to/PETS-FFT-Ablation/results/unconditional_aa_aa_cross_dataset_length/ETTh/T64/seed_0/checkpoints/checkpoint-10.pt,9b32acaca78da714c745a885522599ea5fe44e5ce06d575a60edfbf243396fa5,298.3062553405762,182.52783203125,128,FULL
COMPLETE,PETS-U,ETTh,64,0,100002,0,4096,"[4096, 64, 7]",8f07cc0d916598f648efb0646030e29d5003d9ab54691faa2b4f029d746583b0,/path/to/PETS-FFT-Ablation/results/unconditional_aa_aa_cross_dataset_length/ETTh/T64/seed_0/checkpoints/checkpoint-10.pt,9b32acaca78da714c745a885522599ea5fe44e5ce06d575a60edfbf243396fa5,297.3311858177185,182.46533203125,128,FULL
COMPLETE,PETS-U,ETTh,64,0,100003,0,4096,"[4096, 64, 7]",8bebd96342406289aed8c53ac40b749be745ba45e92789fd8d836c43cf796d29,/path/to/PETS-FFT-Ablation/results/unconditional_aa_aa_cross_dataset_length/ETTh/T64/seed_0/checkpoints/checkpoint-10.pt,9b32acaca78da714c745a885522599ea5fe44e5ce06d575a60edfbf243396fa5,296.1657485961914,182.74658203125,128,FULL
COMPLETE,PETS-U,ETTh,64,0,100004,1,4096,"[4096, 64, 7]",2afabab467eea64405988d2bcd2f828cf83ff3672b866fc4ea38b8665c2baa58,/path/to/PETS-FFT-Ablation/results/unconditional_aa_aa_cross_dataset_length/ETTh/T64/seed_0/checkpoints/checkpoint-10.pt,9b32acaca78da714c745a885522599ea5fe44e5ce06d575a60edfbf243396fa5,296.0718059539795,183.74658203125,128,FULL
COMPLETE,PETS-U,ETTh,64,42,100000,2,4096,"[4096, 64, 7]",250db135e18a42a17009c0e3107173c1dab4ab25611052bd1f27b35dde127bae,/path/to/PETS-FFT-Ablation/results/unconditional_aa_aa_cross_dataset_length/ETTh/T64/seed_42/checkpoints/checkpoint-10.pt,2d6ef2b45f756493f3b4a3c61a6a32b1394e44986353864b044ea983bf075ca1,295.98066449165344,178.05908203125,128,FULL
COMPLETE,PETS-U,ETTh,64,42,100001,0,4096,"[4096, 64, 7]",33f42df6dbaf5041491fabd7a128fb5236d895e3eae95e37ddec9988f12b6d04,/path/to/PETS-FFT-Ablation/results/unconditional_aa_aa_cross_dataset_length/ETTh/T64/seed_42/checkpoints/checkpoint-10.pt,2d6ef2b45f756493f3b4a3c61a6a32b1394e44986353864b044ea983bf075ca1,294.21611881256104,178.68408203125,128,FULL
COMPLETE,PETS-U,ETTh,64,42,100002,1,4096,"[4096, 64, 7]",c7c1fbc153296c0e91bd8a32491f9736a7c9ec69870f4d8e78cfedfa674928e4,/path/to/PETS-FFT-Ablation/results/unconditional_aa_aa_cross_dataset_length/ETTh/T64/seed_42/checkpoints/checkpoint-10.pt,2d6ef2b45f756493f3b4a3c61a6a32b1394e44986353864b044ea983bf075ca1,295.70947670936584,178.49658203125,128,FULL
COMPLETE,PETS-U,ETTh,64,42,100003,2,4096,"[4096, 64, 7]",9e7f9e91dbf798b79aef0e00dc988d8fbf0bcec808c7ec469c6eb42e7706b3ad,/path/to/PETS-FFT-Ablation/results/unconditional_aa_aa_cross_dataset_length/ETTh/T64/seed_42/checkpoints/checkpoint-10.pt,2d6ef2b45f756493f3b4a3c61a6a32b1394e44986353864b044ea983bf075ca1,296.36382389068604,178.55908203125,128,FULL
COMPLETE,PETS-U,ETTh,64,42,100004,0,4096,"[4096, 64, 7]",7bde06cbd1da758d11003db66f76a46388619803b314ca622f0c4df543ff1c18,/path/to/PETS-FFT-Ablation/results/unconditional_aa_aa_cross_dataset_length/ETTh/T64/seed_42/checkpoints/checkpoint-10.pt,2d6ef2b45f756493f3b4a3c61a6a32b1394e44986353864b044ea983bf075ca1,295.06748604774475,177.59033203125,128,FULL
COMPLETE,PETS-U,ETTh,64,123,100000,1,4096,"[4096, 64, 7]",cde026425046538a1c44f34f09a042ec7c06428628f3e80c455c6c634ee2cf36,/path/to/PETS-FFT-Ablation/results/unconditional_aa_aa_cross_dataset_length/ETTh/T64/seed_123/checkpoints/checkpoint-10.pt,16f397744eece589862069dcd2e42326eb70081bfa57c2951a8a79e974501d91,294.05636620521545,182.55908203125,128,FULL
COMPLETE,PETS-U,ETTh,64,123,100001,2,4096,"[4096, 64, 7]",57cdb5b069965f307c4988ad92a158e759d94c840b3e9acc4ec403253c276e73,/path/to/PETS-FFT-Ablation/results/unconditional_aa_aa_cross_dataset_length/ETTh/T64/seed_123/checkpoints/checkpoint-10.pt,16f397744eece589862069dcd2e42326eb70081bfa57c2951a8a79e974501d91,295.40464305877686,180.74658203125,128,FULL
COMPLETE,PETS-U,ETTh,64,123,100002,0,4096,"[4096, 64, 7]",6d12b7de92f0b29521b5aed5ab771c9c5fa9658c04db89a9e8faa056dea9568e,/path/to/PETS-FFT-Ablation/results/unconditional_aa_aa_cross_dataset_length/ETTh/T64/seed_123/checkpoints/checkpoint-10.pt,16f397744eece589862069dcd2e42326eb70081bfa57c2951a8a79e974501d91,294.4744656085968,181.84033203125,128,FULL
COMPLETE,PETS-U,ETTh,64,123,100003,1,4096,"[4096, 64, 7]",6e7a7e8129ef44c836564b08c0c604056744e06539688442edb1d2578212ebe1,/path/to/PETS-FFT-Ablation/results/unconditional_aa_aa_cross_dataset_length/ETTh/T64/seed_123/checkpoints/checkpoint-10.pt,16f397744eece589862069dcd2e42326eb70081bfa57c2951a8a79e974501d91,294.6651120185852,180.68408203125,128,FULL
COMPLETE,PETS-U,ETTh,64,123,100004,2,4096,"[4096, 64, 7]",c6f8b71aa8385642228a5bb79a70773d47ad2bf818704a46c71fa9c38b3cd34f,/path/to/PETS-FFT-Ablation/results/unconditional_aa_aa_cross_dataset_length/ETTh/T64/seed_123/checkpoints/checkpoint-10.pt,16f397744eece589862069dcd2e42326eb70081bfa57c2951a8a79e974501d91,295.55981492996216,182.46533203125,128,FULL
COMPLETE,Diffusion-TS,ETTh,64,0,100000,0,4096,"[4096, 64, 7]",cf2fba45e47417a2e8ad43a8106c7dcb09a4d2263f7d4ce53eadd31c15056c19,/path/to/PETS-FFT-Ablation/results/final_unconditional_main_v1/work/Diffusion_TS/ETTh/T64/seed_0/checkpoints_64/checkpoint-10.pt,582622ecd477a468d79daad8499e08ed16dd09cfe77009d90808bb92efcd8a04,403.36236119270325,165.283203125,128,native
COMPLETE,Diffusion-TS,ETTh,64,0,100001,1,4096,"[4096, 64, 7]",4f8ad149305de8de585d86a186b73d50cc9a5ed066e8d1e078a94a384afbb892,/path/to/PETS-FFT-Ablation/results/final_unconditional_main_v1/work/Diffusion_TS/ETTh/T64/seed_0/checkpoints_64/checkpoint-10.pt,582622ecd477a468d79daad8499e08ed16dd09cfe77009d90808bb92efcd8a04,419.62389850616455,165.283203125,128,native
COMPLETE,Diffusion-TS,ETTh,64,0,100002,2,4096,"[4096, 64, 7]",484dd8cf63a592f1500f00e3b26bc1e4c4d4a8a1266b970e82b66550788a9577,/path/to/PETS-FFT-Ablation/results/final_unconditional_main_v1/work/Diffusion_TS/ETTh/T64/seed_0/checkpoints_64/checkpoint-10.pt,582622ecd477a468d79daad8499e08ed16dd09cfe77009d90808bb92efcd8a04,415.3079307079315,165.283203125,128,native
COMPLETE,Diffusion-TS,ETTh,64,0,100003,0,4096,"[4096, 64, 7]",9b7b6ee7020e94c2b61b3e0654ac1f86109dd89895bff209e374208dd76012f3,/path/to/PETS-FFT-Ablation/results/final_unconditional_main_v1/work/Diffusion_TS/ETTh/T64/seed_0/checkpoints_64/checkpoint-10.pt,582622ecd477a468d79daad8499e08ed16dd09cfe77009d90808bb92efcd8a04,406.7399125099182,165.283203125,128,native
COMPLETE,Diffusion-TS,ETTh,64,0,100004,2,4096,"[4096, 64, 7]",54677f91f54e83603271d07dcc54c721fe30a384b547e3ada04278e5da0c5a1a,/path/to/PETS-FFT-Ablation/results/final_unconditional_main_v1/work/Diffusion_TS/ETTh/T64/seed_0/checkpoints_64/checkpoint-10.pt,582622ecd477a468d79daad8499e08ed16dd09cfe77009d90808bb92efcd8a04,413.43674635887146,165.283203125,128,native
COMPLETE,Diffusion-TS,ETTh,64,42,100000,1,4096,"[4096, 64, 7]",b6aca45e73a46925e7057a700477251b834abc13d04a1d2dac90396e2b6fc17e,/path/to/PETS-FFT-Ablation/results/final_unconditional_main_v1/work/Diffusion_TS/ETTh/T64/seed_42/checkpoints_64/checkpoint-10.pt,f4a126f726e649565fe06b2d0c6bdc1ac11c7495d93f997e2d3387559a46f2f8,411.2309980392456,165.283203125,128,native
COMPLETE,Diffusion-TS,ETTh,64,42,100001,0,4096,"[4096, 64, 7]",ac3faeae757c8fc5a34dc51cd1fedfb3b40783a180484c7d864a5a63a6a09d8e,/path/to/PETS-FFT-Ablation/results/final_unconditional_main_v1/work/Diffusion_TS/ETTh/T64/seed_42/checkpoints_64/checkpoint-10.pt,f4a126f726e649565fe06b2d0c6bdc1ac11c7495d93f997e2d3387559a46f2f8,414.0571675300598,165.283203125,128,native
COMPLETE,Diffusion-TS,ETTh,64,42,100002,1,4096,"[4096, 64, 7]",194780308122a1abdfd1e214950563fc372fac3a877ad79cd48d3e2e315639f2,/path/to/PETS-FFT-Ablation/results/final_unconditional_main_v1/work/Diffusion_TS/ETTh/T64/seed_42/checkpoints_64/checkpoint-10.pt,f4a126f726e649565fe06b2d0c6bdc1ac11c7495d93f997e2d3387559a46f2f8,405.1348993778229,165.283203125,128,native
COMPLETE,Diffusion-TS,ETTh,64,42,100003,2,4096,"[4096, 64, 7]",b16cfe65d2cf7a533855ac894a125638ac1f55a5650b1c49447c66d728c1e162,/path/to/PETS-FFT-Ablation/results/final_unconditional_main_v1/work/Diffusion_TS/ETTh/T64/seed_42/checkpoints_64/checkpoint-10.pt,f4a126f726e649565fe06b2d0c6bdc1ac11c7495d93f997e2d3387559a46f2f8,401.5052673816681,165.283203125,128,native
COMPLETE,Diffusion-TS,ETTh,64,42,100004,0,4096,"[4096, 64, 7]",bb70f0bcaadf586897b4bceff87f348cb9a3061d56a7e84d8ee1d4f7b5393b10,/path/to/PETS-FFT-Ablation/results/final_unconditional_main_v1/work/Diffusion_TS/ETTh/T64/seed_42/checkpoints_64/checkpoint-10.pt,f4a126f726e649565fe06b2d0c6bdc1ac11c7495d93f997e2d3387559a46f2f8,402.49001693725586,165.283203125,128,native
COMPLETE,Diffusion-TS,ETTh,64,123,100000,2,4096,"[4096, 64, 7]",43c63ec892a604987d5e5c26c1b2403da69e1f6c940c4adaec277bf38c522ed2,/path/to/PETS-FFT-Ablation/results/final_unconditional_main_v1/work/Diffusion_TS/ETTh/T64/seed_123/checkpoints_64/checkpoint-10.pt,1b87a52b233d13dae13eb3066ce06bfbd2bece341c160f6f9c2f92d14cb52124,408.9720642566681,165.283203125,128,native
COMPLETE,Diffusion-TS,ETTh,64,123,100001,1,4096,"[4096, 64, 7]",6d7656e0f4715333e2f11ae229fdb27ad7c24050cb04dca7d63bc4eb2f4dbf88,/path/to/PETS-FFT-Ablation/results/final_unconditional_main_v1/work/Diffusion_TS/ETTh/T64/seed_123/checkpoints_64/checkpoint-10.pt,1b87a52b233d13dae13eb3066ce06bfbd2bece341c160f6f9c2f92d14cb52124,408.2293312549591,165.283203125,128,native
COMPLETE,Diffusion-TS,ETTh,64,123,100002,0,4096,"[4096, 64, 7]",9ffc48afa9c07a01e30ce02b5bff5765c2d12d86ea89bbe9d0777713e17fa8cc,/path/to/PETS-FFT-Ablation/results/final_unconditional_main_v1/work/Diffusion_TS/ETTh/T64/seed_123/checkpoints_64/checkpoint-10.pt,1b87a52b233d13dae13eb3066ce06bfbd2bece341c160f6f9c2f92d14cb52124,412.51434683799744,165.283203125,128,native
COMPLETE,Diffusion-TS,ETTh,64,123,100003,2,4096,"[4096, 64, 7]",08775f3ddf0ec28ca362b00fba0c6a0403869fae405fb6e10ab58c3d9c38a66a,/path/to/PETS-FFT-Ablation/results/final_unconditional_main_v1/work/Diffusion_TS/ETTh/T64/seed_123/checkpoints_64/checkpoint-10.pt,1b87a52b233d13dae13eb3066ce06bfbd2bece341c160f6f9c2f92d14cb52124,397.81885981559753,165.283203125,128,native
COMPLETE,Diffusion-TS,ETTh,64,123,100004,1,4096,"[4096, 64, 7]",996e1e573a4de3915814a9347e560be7c7e72e9f67fb5106052fcd3a1ef0aec8,/path/to/PETS-FFT-Ablation/results/final_unconditional_main_v1/work/Diffusion_TS/ETTh/T64/seed_123/checkpoints_64/checkpoint-10.pt,1b87a52b233d13dae13eb3066ce06bfbd2bece341c160f6f9c2f92d14cb52124,403.1215567588806,165.283203125,128,native
COMPLETE,PETS-U,ETTh,256,0,100000,0,4096,"[4096, 256, 7]",61e9b06d75337aacb33cbea8dce4a5143b4f91ac1769cab57b76beb5d036e64a,/path/to/PETS-FFT-Ablation/results/unconditional_aa_aa_cross_dataset_length/ETTh/T256/seed_0/checkpoints/checkpoint-10.pt,8c4e950b08ecc40b92307bcfdcb9d0c6bf31fa092e2b7c9a7fb47786723e3e55,949.7868456840515,393.8681640625,128,FULL
COMPLETE,PETS-U,ETTh,256,0,100001,2,4096,"[4096, 256, 7]",c1a8073f3ce1640da49d2e34020d3b7c202d56d6d5e6f0bf206bc61471ce6416,/path/to/PETS-FFT-Ablation/results/unconditional_aa_aa_cross_dataset_length/ETTh/T256/seed_0/checkpoints/checkpoint-10.pt,8c4e950b08ecc40b92307bcfdcb9d0c6bf31fa092e2b7c9a7fb47786723e3e55,951.5120930671692,393.8681640625,128,FULL
COMPLETE,PETS-U,ETTh,256,0,100002,1,4096,"[4096, 256, 7]",1a9070dead1c94938dac48a117a0f6c5836e6425d69f652a316dc04e8f14a877,/path/to/PETS-FFT-Ablation/results/unconditional_aa_aa_cross_dataset_length/ETTh/T256/seed_0/checkpoints/checkpoint-10.pt,8c4e950b08ecc40b92307bcfdcb9d0c6bf31fa092e2b7c9a7fb47786723e3e55,947.739465713501,393.8681640625,128,FULL
COMPLETE,PETS-U,ETTh,256,0,100003,0,4096,"[4096, 256, 7]",c1e3f8867fa27f86d0627163958c37ce71a1109d9554149abd41e3ac18f96c9d,/path/to/PETS-FFT-Ablation/results/unconditional_aa_aa_cross_dataset_length/ETTh/T256/seed_0/checkpoints/checkpoint-10.pt,8c4e950b08ecc40b92307bcfdcb9d0c6bf31fa092e2b7c9a7fb47786723e3e55,950.1857092380524,393.8681640625,128,FULL
COMPLETE,PETS-U,ETTh,256,0,100004,2,4096,"[4096, 256, 7]",a5089773c92781e2d9dd6eee08f18b1bd99e0f9ed323d3124070a4642ef32d64,/path/to/PETS-FFT-Ablation/results/unconditional_aa_aa_cross_dataset_length/ETTh/T256/seed_0/checkpoints/checkpoint-10.pt,8c4e950b08ecc40b92307bcfdcb9d0c6bf31fa092e2b7c9a7fb47786723e3e55,951.6589875221252,393.8681640625,128,FULL
COMPLETE,PETS-U,ETTh,256,42,100000,1,4096,"[4096, 256, 7]",45ebaa29c0b2aa8a54894379ef2ffa5a4edc7cd415694688c1b0b1434373a604,/path/to/PETS-FFT-Ablation/results/unconditional_aa_aa_cross_dataset_length/ETTh/T256/seed_42/checkpoints/checkpoint-10.pt,9903636f73c44ef092fcf21067af6a2b98d20009e08fdc2dff13c561c434139f,948.4522643089294,393.8681640625,128,FULL
COMPLETE,PETS-U,ETTh,256,42,100001,0,4096,"[4096, 256, 7]",43f09be7b372bea7fcff91a2d9d18aa84fb372ff5f5c4f9fa7cef8c05346b577,/path/to/PETS-FFT-Ablation/results/unconditional_aa_aa_cross_dataset_length/ETTh/T256/seed_42/checkpoints/checkpoint-10.pt,9903636f73c44ef092fcf21067af6a2b98d20009e08fdc2dff13c561c434139f,950.4485764503479,393.8681640625,128,FULL
COMPLETE,PETS-U,ETTh,256,42,100002,1,4096,"[4096, 256, 7]",9f063845221ac71ce73936d7960dd2f63f3fa941aae607dcf0677844972e0cda,/path/to/PETS-FFT-Ablation/results/unconditional_aa_aa_cross_dataset_length/ETTh/T256/seed_42/checkpoints/checkpoint-10.pt,9903636f73c44ef092fcf21067af6a2b98d20009e08fdc2dff13c561c434139f,949.148152589798,393.8681640625,128,FULL
COMPLETE,PETS-U,ETTh,256,42,100003,2,4096,"[4096, 256, 7]",0c6ccc3b4dde105be3af1c1eaa3633efce2de6569391090bd0326def08d55c26,/path/to/PETS-FFT-Ablation/results/unconditional_aa_aa_cross_dataset_length/ETTh/T256/seed_42/checkpoints/checkpoint-10.pt,9903636f73c44ef092fcf21067af6a2b98d20009e08fdc2dff13c561c434139f,951.0056540966034,393.8681640625,128,FULL
COMPLETE,PETS-U,ETTh,256,42,100004,0,4096,"[4096, 256, 7]",471af5005fb43efe517e6ad116a56eca694d5a29acf532d0914a81c656ab375e,/path/to/PETS-FFT-Ablation/results/unconditional_aa_aa_cross_dataset_length/ETTh/T256/seed_42/checkpoints/checkpoint-10.pt,9903636f73c44ef092fcf21067af6a2b98d20009e08fdc2dff13c561c434139f,950.841192483902,393.8681640625,128,FULL
COMPLETE,PETS-U,ETTh,256,123,100000,1,4096,"[4096, 256, 7]",612a1bbd6c648b474d41a06e66a4d8eaa107c5685977e3ce2398df0ecda97b63,/path/to/PETS-FFT-Ablation/results/unconditional_aa_aa_cross_dataset_length/ETTh/T256/seed_123/checkpoints/checkpoint-10.pt,06f3ed1e358205417591d6d9a796ddb6344c05dd55d557b504ccc0b4c986024d,949.6727573871613,393.8681640625,128,FULL
COMPLETE,PETS-U,ETTh,256,123,100001,2,4096,"[4096, 256, 7]",2fdf542b47f17d39af419df3d9040ffaaf1cc343b6012bd111fc993e06653874,/path/to/PETS-FFT-Ablation/results/unconditional_aa_aa_cross_dataset_length/ETTh/T256/seed_123/checkpoints/checkpoint-10.pt,06f3ed1e358205417591d6d9a796ddb6344c05dd55d557b504ccc0b4c986024d,951.5110721588135,393.8681640625,128,FULL
COMPLETE,PETS-U,ETTh,256,123,100002,0,4096,"[4096, 256, 7]",449fb48733fa2fc154801423cdbeac4d3b28abb2badf43ea678a4649784cd093,/path/to/PETS-FFT-Ablation/results/unconditional_aa_aa_cross_dataset_length/ETTh/T256/seed_123/checkpoints/checkpoint-10.pt,06f3ed1e358205417591d6d9a796ddb6344c05dd55d557b504ccc0b4c986024d,950.1899614334106,393.8681640625,128,FULL
COMPLETE,PETS-U,ETTh,256,123,100003,1,4096,"[4096, 256, 7]",fcdf1e2ba7967cd6bdb0292b33a0bfa70459557dc3b2ebd598919e2795adc58e,/path/to/PETS-FFT-Ablation/results/unconditional_aa_aa_cross_dataset_length/ETTh/T256/seed_123/checkpoints/checkpoint-10.pt,06f3ed1e358205417591d6d9a796ddb6344c05dd55d557b504ccc0b4c986024d,949.3117325305939,393.8681640625,128,FULL
COMPLETE,PETS-U,ETTh,256,123,100004,2,4096,"[4096, 256, 7]",c35a89c64f8cb6fe013b6d2ed775c733b397c13e068b8746319ccef2a7c7f11c,/path/to/PETS-FFT-Ablation/results/unconditional_aa_aa_cross_dataset_length/ETTh/T256/seed_123/checkpoints/checkpoint-10.pt,06f3ed1e358205417591d6d9a796ddb6344c05dd55d557b504ccc0b4c986024d,951.5140647888184,393.8681640625,128,FULL
COMPLETE,Diffusion-TS,ETTh,256,0,100000,0,4096,"[4096, 256, 7]",4ed8f7f0372fcb3e3a37668fc4281324799e7f0a770fb6511da577966691db3f,/path/to/PETS-FFT-Ablation/results/final_unconditional_main_v1/work/Diffusion_TS/ETTh/T256/seed_0/checkpoints_256/checkpoint-10.pt,1648c50c75983cd458f47e8d884d875a1de27aa221e6807f40649b87d791fae6,595.498880147934,408.767578125,128,native
COMPLETE,Diffusion-TS,ETTh,256,0,100001,1,4096,"[4096, 256, 7]",04fbbe6b657a079d996b719f847d6fdad961c94e973b50c9a42b9d2859d2dff8,/path/to/PETS-FFT-Ablation/results/final_unconditional_main_v1/work/Diffusion_TS/ETTh/T256/seed_0/checkpoints_256/checkpoint-10.pt,1648c50c75983cd458f47e8d884d875a1de27aa221e6807f40649b87d791fae6,594.9140908718109,408.767578125,128,native
COMPLETE,Diffusion-TS,ETTh,256,0,100002,2,4096,"[4096, 256, 7]",aaa4ef2bb28f5cf6dde6420196dee05f692bb1ae81f08475c1223d71e47f4225,/path/to/PETS-FFT-Ablation/results/final_unconditional_main_v1/work/Diffusion_TS/ETTh/T256/seed_0/checkpoints_256/checkpoint-10.pt,1648c50c75983cd458f47e8d884d875a1de27aa221e6807f40649b87d791fae6,596.1745893955231,408.767578125,128,native
COMPLETE,Diffusion-TS,ETTh,256,0,100003,0,4096,"[4096, 256, 7]",5f72ca081d46c121e5d9485d8580208a800d3c3d7dd7d79a6c8c13847080a281,/path/to/PETS-FFT-Ablation/results/final_unconditional_main_v1/work/Diffusion_TS/ETTh/T256/seed_0/checkpoints_256/checkpoint-10.pt,1648c50c75983cd458f47e8d884d875a1de27aa221e6807f40649b87d791fae6,595.837455034256,408.767578125,128,native
COMPLETE,Diffusion-TS,ETTh,256,0,100004,1,4096,"[4096, 256, 7]",f93f9b271e61ecb48cb247ecdbb743d9e5984cbf20c152f9c22140159dcef709,/path/to/PETS-FFT-Ablation/results/final_unconditional_main_v1/work/Diffusion_TS/ETTh/T256/seed_0/checkpoints_256/checkpoint-10.pt,1648c50c75983cd458f47e8d884d875a1de27aa221e6807f40649b87d791fae6,596.2644429206848,408.767578125,128,native
COMPLETE,Diffusion-TS,ETTh,256,42,100000,2,4096,"[4096, 256, 7]",1eb084835c1397a9db577571b7589e948657ab08f796d66796f25742f7a59a6e,/path/to/PETS-FFT-Ablation/results/final_unconditional_main_v1/work/Diffusion_TS/ETTh/T256/seed_42/checkpoints_256/checkpoint-10.pt,8da7e020c540a2194368fcf1e06bd3853bd885667c9667e87d8623d5a14ed3a2,596.91073346138,408.767578125,128,native
COMPLETE,Diffusion-TS,ETTh,256,42,100001,0,4096,"[4096, 256, 7]",92c1ad14bfde71a37509ed7bcdcf8ffbc9fe2dbe226e5294266a07c3842687a0,/path/to/PETS-FFT-Ablation/results/final_unconditional_main_v1/work/Diffusion_TS/ETTh/T256/seed_42/checkpoints_256/checkpoint-10.pt,8da7e020c540a2194368fcf1e06bd3853bd885667c9667e87d8623d5a14ed3a2,596.2293050289154,408.767578125,128,native
COMPLETE,Diffusion-TS,ETTh,256,42,100002,1,4096,"[4096, 256, 7]",a885f945bd0ef745ace1cb77bd1118f5d683215dd9bc9dc3f02318d02e8788cb,/path/to/PETS-FFT-Ablation/results/final_unconditional_main_v1/work/Diffusion_TS/ETTh/T256/seed_42/checkpoints_256/checkpoint-10.pt,8da7e020c540a2194368fcf1e06bd3853bd885667c9667e87d8623d5a14ed3a2,596.1957426071167,408.767578125,128,native
COMPLETE,Diffusion-TS,ETTh,256,42,100003,2,4096,"[4096, 256, 7]",af5cec60423d77ae9bb013aa9d466cb5f08c2400614a198c46561203b17184e0,/path/to/PETS-FFT-Ablation/results/final_unconditional_main_v1/work/Diffusion_TS/ETTh/T256/seed_42/checkpoints_256/checkpoint-10.pt,8da7e020c540a2194368fcf1e06bd3853bd885667c9667e87d8623d5a14ed3a2,596.0829272270203,408.767578125,128,native
COMPLETE,Diffusion-TS,ETTh,256,42,100004,0,4096,"[4096, 256, 7]",61fe4d42858ce2c5e8ec1d8d8cee205045e85a65887770a31b78c7094b1db423,/path/to/PETS-FFT-Ablation/results/final_unconditional_main_v1/work/Diffusion_TS/ETTh/T256/seed_42/checkpoints_256/checkpoint-10.pt,8da7e020c540a2194368fcf1e06bd3853bd885667c9667e87d8623d5a14ed3a2,596.3072905540466,408.767578125,128,native
COMPLETE,Diffusion-TS,ETTh,256,123,100000,1,4096,"[4096, 256, 7]",03b8b54dc1d901a5557568f6da81d462ac49a8d2219c973401eb4459bf083f5d,/path/to/PETS-FFT-Ablation/results/final_unconditional_main_v1/work/Diffusion_TS/ETTh/T256/seed_123/checkpoints_256/checkpoint-10.pt,e4f5658621b3ca4d4e5b57cd4956cc1f1703877647bccddaf53b4806c784e9b3,596.5525968074799,408.767578125,128,native
COMPLETE,Diffusion-TS,ETTh,256,123,100001,2,4096,"[4096, 256, 7]",e352da5ec0b3338bebdf162247f333fac3856c676e5bf2130fa0239d7cb2ad6b,/path/to/PETS-FFT-Ablation/results/final_unconditional_main_v1/work/Diffusion_TS/ETTh/T256/seed_123/checkpoints_256/checkpoint-10.pt,e4f5658621b3ca4d4e5b57cd4956cc1f1703877647bccddaf53b4806c784e9b3,595.5887756347656,408.767578125,128,native
COMPLETE,Diffusion-TS,ETTh,256,123,100002,0,4096,"[4096, 256, 7]",0daedec9d3d595c2d177edeac1102afe1be5857fe9efbb2c0b572fc1a20ec34c,/path/to/PETS-FFT-Ablation/results/final_unconditional_main_v1/work/Diffusion_TS/ETTh/T256/seed_123/checkpoints_256/checkpoint-10.pt,e4f5658621b3ca4d4e5b57cd4956cc1f1703877647bccddaf53b4806c784e9b3,595.4652211666107,408.767578125,128,native
COMPLETE,Diffusion-TS,ETTh,256,123,100003,1,4096,"[4096, 256, 7]",a1f1025c91057034fed61959a9b037c2206f150d081efaf60435049265665d33,/path/to/PETS-FFT-Ablation/results/final_unconditional_main_v1/work/Diffusion_TS/ETTh/T256/seed_123/checkpoints_256/checkpoint-10.pt,e4f5658621b3ca4d4e5b57cd4956cc1f1703877647bccddaf53b4806c784e9b3,596.2076187133789,408.767578125,128,native
COMPLETE,Diffusion-TS,ETTh,256,123,100004,2,4096,"[4096, 256, 7]",84d163dcdfdd5751e18a05371e562a76f47c21b2814d1defdc2c4da0f8fd516d,/path/to/PETS-FFT-Ablation/results/final_unconditional_main_v1/work/Diffusion_TS/ETTh/T256/seed_123/checkpoints_256/checkpoint-10.pt,e4f5658621b3ca4d4e5b57cd4956cc1f1703877647bccddaf53b4806c784e9b3,594.4917061328888,408.767578125,128,native
COMPLETE,PETS-U,ETTh,128,0,100000,0,4096,"[4096, 128, 7]",699cbba29bdeee448c5f4515d6cc0ff4519aa91689187704c56b2e18a80e82f9,/path/to/PETS-FFT-Ablation/results/true_unconditional_pets_vs_diffts/training/PETS_U/seed_0/checkpoints/checkpoint-10.pt,0a934787cd6c41b5bd6ece93c10f79135b6bc5bebddbf64ab6b38fab9fcbf7cd,466.0160629749298,218.1015625,128,FULL
COMPLETE,PETS-U,ETTh,128,0,100001,1,4096,"[4096, 128, 7]",e2aa36c497d214be6e093a7b32d5a946d11930fae2b4733684184f5c05b7d91e,/path/to/PETS-FFT-Ablation/results/true_unconditional_pets_vs_diffts/training/PETS_U/seed_0/checkpoints/checkpoint-10.pt,0a934787cd6c41b5bd6ece93c10f79135b6bc5bebddbf64ab6b38fab9fcbf7cd,465.89939761161804,217.7265625,128,FULL
COMPLETE,PETS-U,ETTh,128,0,100002,2,4096,"[4096, 128, 7]",733b6aeeffe18c52fd204a532a8b3977a3008a474e676c37bb8016ea80c68db3,/path/to/PETS-FFT-Ablation/results/true_unconditional_pets_vs_diffts/training/PETS_U/seed_0/checkpoints/checkpoint-10.pt,0a934787cd6c41b5bd6ece93c10f79135b6bc5bebddbf64ab6b38fab9fcbf7cd,466.9669780731201,218.2265625,128,FULL
COMPLETE,PETS-U,ETTh,128,0,100003,0,4096,"[4096, 128, 7]",7c1ed7e1cf73415f21a2a7f3e0e74cc9e20b6488e45467df44a412a53af42e16,/path/to/PETS-FFT-Ablation/results/true_unconditional_pets_vs_diffts/training/PETS_U/seed_0/checkpoints/checkpoint-10.pt,0a934787cd6c41b5bd6ece93c10f79135b6bc5bebddbf64ab6b38fab9fcbf7cd,465.30592107772827,218.0390625,128,FULL
COMPLETE,PETS-U,ETTh,128,0,100004,1,4096,"[4096, 128, 7]",61c11a5265bcaf09280d58a44359d136ca0c2d6c284c38e9c86392434cb8bf62,/path/to/PETS-FFT-Ablation/results/true_unconditional_pets_vs_diffts/training/PETS_U/seed_0/checkpoints/checkpoint-10.pt,0a934787cd6c41b5bd6ece93c10f79135b6bc5bebddbf64ab6b38fab9fcbf7cd,465.53860545158386,218.0390625,128,FULL
COMPLETE,PETS-U,ETTh,128,42,100000,2,4096,"[4096, 128, 7]",6369962dad56e115ae09de42dfbc6d377a79835f3c9abd8dee9f9cba3c9e3dd9,/path/to/PETS-FFT-Ablation/results/true_unconditional_pets_vs_diffts/training/PETS_U/seed_42/checkpoints/checkpoint-10.pt,1e01ac267aecb1168c8bfa316da9b49807df8a003d21b79384ceafc5a3636973,466.55066418647766,218.0390625,128,FULL
COMPLETE,PETS-U,ETTh,128,42,100001,0,4096,"[4096, 128, 7]",090e388bee3d0c48937e36dd612d36694740abc0012c5061a5b6503da5d284ae,/path/to/PETS-FFT-Ablation/results/true_unconditional_pets_vs_diffts/training/PETS_U/seed_42/checkpoints/checkpoint-10.pt,1e01ac267aecb1168c8bfa316da9b49807df8a003d21b79384ceafc5a3636973,466.2506206035614,217.6953125,128,FULL
COMPLETE,PETS-U,ETTh,128,42,100002,1,4096,"[4096, 128, 7]",943e6b139e3174c55444891ee93f16dd5fd597fbc2fbb0bd3b242b0289718d87,/path/to/PETS-FFT-Ablation/results/true_unconditional_pets_vs_diffts/training/PETS_U/seed_42/checkpoints/checkpoint-10.pt,1e01ac267aecb1168c8bfa316da9b49807df8a003d21b79384ceafc5a3636973,465.5099673271179,218.0390625,128,FULL
COMPLETE,PETS-U,ETTh,128,42,100003,2,4096,"[4096, 128, 7]",aad2e3d923005c4f1ec96f9e72ba37854413fa73eaf1d82d589848e527d05c0a,/path/to/PETS-FFT-Ablation/results/true_unconditional_pets_vs_diffts/training/PETS_U/seed_42/checkpoints/checkpoint-10.pt,1e01ac267aecb1168c8bfa316da9b49807df8a003d21b79384ceafc5a3636973,467.24265694618225,218.0390625,128,FULL
COMPLETE,PETS-U,ETTh,128,42,100004,0,4096,"[4096, 128, 7]",52781f8fc67c907a03da955112f0d28fcfc57b5cf2eddf0a649465d526f36fa9,/path/to/PETS-FFT-Ablation/results/true_unconditional_pets_vs_diffts/training/PETS_U/seed_42/checkpoints/checkpoint-10.pt,1e01ac267aecb1168c8bfa316da9b49807df8a003d21b79384ceafc5a3636973,466.1700041294098,218.0390625,128,FULL
COMPLETE,PETS-U,ETTh,128,123,100000,1,4096,"[4096, 128, 7]",2b1bb2422d20d4f7e9863e601ca6f11b7ea6e2284109c12d7ec774757775d586,/path/to/PETS-FFT-Ablation/results/true_unconditional_pets_vs_diffts/training/PETS_U/seed_123/checkpoints/checkpoint-10.pt,562a89cc61b59ea5e1b977775bc6ed4ec20d3fd34f587e58387577b99710155a,464.9018437862396,217.3828125,128,FULL
COMPLETE,PETS-U,ETTh,128,123,100001,2,4096,"[4096, 128, 7]",d66e4daa83f4bfc0feb528c7979e46d6eb3ef73064be812a6ca524561b876f52,/path/to/PETS-FFT-Ablation/results/true_unconditional_pets_vs_diffts/training/PETS_U/seed_123/checkpoints/checkpoint-10.pt,562a89cc61b59ea5e1b977775bc6ed4ec20d3fd34f587e58387577b99710155a,466.7411301136017,217.4453125,128,FULL
COMPLETE,PETS-U,ETTh,128,123,100002,0,4096,"[4096, 128, 7]",5466cfa9fe64e6d610b3837b74a920c51b64020fc053da17a6ce0c3061c45404,/path/to/PETS-FFT-Ablation/results/true_unconditional_pets_vs_diffts/training/PETS_U/seed_123/checkpoints/checkpoint-10.pt,562a89cc61b59ea5e1b977775bc6ed4ec20d3fd34f587e58387577b99710155a,465.5968518257141,217.4453125,128,FULL
COMPLETE,PETS-U,ETTh,128,123,100003,1,4096,"[4096, 128, 7]",475bced8dcb5a7198be816fe7c00832df8405d21d01c3f351ec0eb08ec949e43,/path/to/PETS-FFT-Ablation/results/true_unconditional_pets_vs_diffts/training/PETS_U/seed_123/checkpoints/checkpoint-10.pt,562a89cc61b59ea5e1b977775bc6ed4ec20d3fd34f587e58387577b99710155a,465.9219193458557,217.4453125,128,FULL
COMPLETE,PETS-U,ETTh,128,123,100004,2,4096,"[4096, 128, 7]",bdda64b132402142a6eef57dcc92fa64875c34c6588931a0ba3681c6073280e5,/path/to/PETS-FFT-Ablation/results/true_unconditional_pets_vs_diffts/training/PETS_U/seed_123/checkpoints/checkpoint-10.pt,562a89cc61b59ea5e1b977775bc6ed4ec20d3fd34f587e58387577b99710155a,467.4743700027466,217.4453125,128,FULL
COMPLETE,Diffusion-TS,ETTh,128,0,100000,0,4096,"[4096, 128, 7]",ab5c9e395c225d409e241c3abbf5c3412a989cafc3d3b1ebfcf4af9412d35c12,/path/to/Diffusion-TS/artifacts/uncond/etth/seed_0/checkpoints_128/checkpoint-10.pt,0b4c085bedacc01cc685c1be1d5b48f587b65c3de97f11b7d94ff35dc1eb2370,407.5942494869232,136.92333984375,128,native
COMPLETE,Diffusion-TS,ETTh,128,0,100001,1,4096,"[4096, 128, 7]",bba198a07dc98acb4e063e899b4859086701ff661999f25bf550d8dab49e6b48,/path/to/Diffusion-TS/artifacts/uncond/etth/seed_0/checkpoints_128/checkpoint-10.pt,0b4c085bedacc01cc685c1be1d5b48f587b65c3de97f11b7d94ff35dc1eb2370,407.82475566864014,136.92333984375,128,native
COMPLETE,Diffusion-TS,ETTh,128,0,100002,2,4096,"[4096, 128, 7]",f304c3fed2322f42a64d1c739e43188472acd3849576d995467609b6a418b7cf,/path/to/Diffusion-TS/artifacts/uncond/etth/seed_0/checkpoints_128/checkpoint-10.pt,0b4c085bedacc01cc685c1be1d5b48f587b65c3de97f11b7d94ff35dc1eb2370,413.966593503952,136.92333984375,128,native
COMPLETE,Diffusion-TS,ETTh,128,0,100003,0,4096,"[4096, 128, 7]",2366bb7da844ed68dbde19414f23053e04b1223050f7437363db5b8a207a4670,/path/to/Diffusion-TS/artifacts/uncond/etth/seed_0/checkpoints_128/checkpoint-10.pt,0b4c085bedacc01cc685c1be1d5b48f587b65c3de97f11b7d94ff35dc1eb2370,412.4719662666321,136.92333984375,128,native
COMPLETE,Diffusion-TS,ETTh,128,0,100004,1,4096,"[4096, 128, 7]",58ac6803b1d66c2fd000d48fd7e18e595bfff5c99bdf7e40c902ac1a66a772c3,/path/to/Diffusion-TS/artifacts/uncond/etth/seed_0/checkpoints_128/checkpoint-10.pt,0b4c085bedacc01cc685c1be1d5b48f587b65c3de97f11b7d94ff35dc1eb2370,411.42143511772156,136.92333984375,128,native
COMPLETE,Diffusion-TS,ETTh,128,42,100000,2,4096,"[4096, 128, 7]",03b6263cd9bff475cd6347d4af11551df538ac9db3248747f4cbb827f189996d,/path/to/Diffusion-TS/artifacts/uncond/etth/seed_42/checkpoints_128/checkpoint-10.pt,ef7a080800005684dcea0ba2acf3b866a9dbea1c7dfd52578c2697ccc24028a6,409.6643238067627,136.92333984375,128,native
COMPLETE,Diffusion-TS,ETTh,128,42,100001,0,4096,"[4096, 128, 7]",5dfca3affb007219052b9280332995d1e4ce4ecb12216cb6fb0c39025aeeffb8,/path/to/Diffusion-TS/artifacts/uncond/etth/seed_42/checkpoints_128/checkpoint-10.pt,ef7a080800005684dcea0ba2acf3b866a9dbea1c7dfd52578c2697ccc24028a6,411.1877429485321,136.92333984375,128,native
COMPLETE,Diffusion-TS,ETTh,128,42,100002,1,4096,"[4096, 128, 7]",226594936ffb32e1bc2656906bf6bc0542d4fe8ed7b5211b36ff27fffc2a3978,/path/to/Diffusion-TS/artifacts/uncond/etth/seed_42/checkpoints_128/checkpoint-10.pt,ef7a080800005684dcea0ba2acf3b866a9dbea1c7dfd52578c2697ccc24028a6,412.50143218040466,136.92333984375,128,native
COMPLETE,Diffusion-TS,ETTh,128,42,100003,2,4096,"[4096, 128, 7]",8c683060efe05505e2d9ef1eedfca5856651509fa8c1a46114cfae42661315b4,/path/to/Diffusion-TS/artifacts/uncond/etth/seed_42/checkpoints_128/checkpoint-10.pt,ef7a080800005684dcea0ba2acf3b866a9dbea1c7dfd52578c2697ccc24028a6,409.5232501029968,136.92333984375,128,native
COMPLETE,Diffusion-TS,ETTh,128,42,100004,0,4096,"[4096, 128, 7]",c2b305421e12cd4645819258d301f0f6812abcfe3ed1a014dfcece7c8931c1b1,/path/to/Diffusion-TS/artifacts/uncond/etth/seed_42/checkpoints_128/checkpoint-10.pt,ef7a080800005684dcea0ba2acf3b866a9dbea1c7dfd52578c2697ccc24028a6,410.84048414230347,136.92333984375,128,native
COMPLETE,Diffusion-TS,ETTh,128,123,100000,1,4096,"[4096, 128, 7]",6ff369d03097b914bb1ae29739d80bc1443d6f67a9c56dde28a7c78aad6f2ce0,/path/to/Diffusion-TS/artifacts/uncond/etth/seed_123/checkpoints_128/checkpoint-10.pt,3be988a75c00b2ef3ea898de110cb9a21bd4863198e086896b88c62b59840214,411.6106197834015,136.92333984375,128,native
COMPLETE,Diffusion-TS,ETTh,128,123,100001,2,4096,"[4096, 128, 7]",e9cfca1fa3e509a130741df1c1c2a3680ceef3541732fc931626cefa0b1ea4eb,/path/to/Diffusion-TS/artifacts/uncond/etth/seed_123/checkpoints_128/checkpoint-10.pt,3be988a75c00b2ef3ea898de110cb9a21bd4863198e086896b88c62b59840214,411.8220307826996,136.92333984375,128,native
COMPLETE,Diffusion-TS,ETTh,128,123,100002,0,4096,"[4096, 128, 7]",336dbe001ff375aa92438482071872b17508d7da41129d663c445b96dad6ebb5,/path/to/Diffusion-TS/artifacts/uncond/etth/seed_123/checkpoints_128/checkpoint-10.pt,3be988a75c00b2ef3ea898de110cb9a21bd4863198e086896b88c62b59840214,411.07955384254456,136.92333984375,128,native
COMPLETE,Diffusion-TS,ETTh,128,123,100003,1,4096,"[4096, 128, 7]",cb22e8809755d754ce853172080bd96938a60d0c7e8a73636838ad52521032e3,/path/to/Diffusion-TS/artifacts/uncond/etth/seed_123/checkpoints_128/checkpoint-10.pt,3be988a75c00b2ef3ea898de110cb9a21bd4863198e086896b88c62b59840214,412.28048753738403,136.92333984375,128,native
COMPLETE,Diffusion-TS,ETTh,128,123,100004,2,4096,"[4096, 128, 7]",a3307ef9c364c43366b573744d7f0ff69055cf71b2437329dc9ef332cf2ecc72,/path/to/Diffusion-TS/artifacts/uncond/etth/seed_123/checkpoints_128/checkpoint-10.pt,3be988a75c00b2ef3ea898de110cb9a21bd4863198e086896b88c62b59840214,404.8388628959656,136.92333984375,128,native
COMPLETE,PETS-U,AirQuality,128,0,100000,0,4096,"[4096, 128, 9]",7b6fd5a6d42085991c68d8879ff4e30ba81a6e76047afa8cc80b4e71959c01a4,/path/to/PETS-FFT-Ablation/results/unconditional_aa_aa_three_dataset/AirQuality/T128/seed_0/checkpoints/checkpoint-10.pt,c1ed048ab649a8b90a0e27abd4ebc021aea6e75ed226e87fbfd0d0fd765a7ee5,465.90029311180115,218.47998046875,128,FULL
COMPLETE,PETS-U,AirQuality,128,0,100001,1,4096,"[4096, 128, 9]",3b8d370ea0aa2d137e7e8c858d5957166fe8f0bd034701777d36d1f6051bb36b,/path/to/PETS-FFT-Ablation/results/unconditional_aa_aa_three_dataset/AirQuality/T128/seed_0/checkpoints/checkpoint-10.pt,c1ed048ab649a8b90a0e27abd4ebc021aea6e75ed226e87fbfd0d0fd765a7ee5,464.7157847881317,217.79248046875,128,FULL
COMPLETE,PETS-U,AirQuality,128,0,100002,2,4096,"[4096, 128, 9]",fca0a0f17d34b0dd65a71a7d093ca663574a331edc8b5c623470c046d4d8ac33,/path/to/PETS-FFT-Ablation/results/unconditional_aa_aa_three_dataset/AirQuality/T128/seed_0/checkpoints/checkpoint-10.pt,c1ed048ab649a8b90a0e27abd4ebc021aea6e75ed226e87fbfd0d0fd765a7ee5,465.9494082927704,218.54248046875,128,FULL
COMPLETE,PETS-U,AirQuality,128,0,100003,0,4096,"[4096, 128, 9]",57029a23e26631f520476f0fcf563e0fd4ff245d9292a706db5e67254ffa23f4,/path/to/PETS-FFT-Ablation/results/unconditional_aa_aa_three_dataset/AirQuality/T128/seed_0/checkpoints/checkpoint-10.pt,c1ed048ab649a8b90a0e27abd4ebc021aea6e75ed226e87fbfd0d0fd765a7ee5,465.21014881134033,218.26123046875,128,FULL
COMPLETE,PETS-U,AirQuality,128,0,100004,1,4096,"[4096, 128, 9]",cad0ab70163687c2fa679748e67b79e6dfe1b2b831e36005a4060a1f52c143b8,/path/to/PETS-FFT-Ablation/results/unconditional_aa_aa_three_dataset/AirQuality/T128/seed_0/checkpoints/checkpoint-10.pt,c1ed048ab649a8b90a0e27abd4ebc021aea6e75ed226e87fbfd0d0fd765a7ee5,463.89354610443115,218.41748046875,128,FULL
COMPLETE,PETS-U,AirQuality,128,42,100000,2,4096,"[4096, 128, 9]",2eeb070017ea159b8b37c32fd448c8676e935ecf5b3b0f32ac022dce651ef31a,/path/to/PETS-FFT-Ablation/results/unconditional_aa_aa_three_dataset/AirQuality/T128/seed_42/checkpoints/checkpoint-10.pt,51d7f40fd0fc630e4166e67e47a66904bacc31562d97b8a3be094a36749983ab,465.5832853317261,218.38623046875,128,FULL
COMPLETE,PETS-U,AirQuality,128,42,100001,0,4096,"[4096, 128, 9]",e8450c5e71c3e77994e1e054583e442c650908652aa096b91887fcd36f1897b0,/path/to/PETS-FFT-Ablation/results/unconditional_aa_aa_three_dataset/AirQuality/T128/seed_42/checkpoints/checkpoint-10.pt,51d7f40fd0fc630e4166e67e47a66904bacc31562d97b8a3be094a36749983ab,466.0941014289856,218.04248046875,128,FULL
COMPLETE,PETS-U,AirQuality,128,42,100002,1,4096,"[4096, 128, 9]",71b0941835fe1e0a5d690a8674c90716bb76b0ad60b096ea588e6a8d726795c6,/path/to/PETS-FFT-Ablation/results/unconditional_aa_aa_three_dataset/AirQuality/T128/seed_42/checkpoints/checkpoint-10.pt,51d7f40fd0fc630e4166e67e47a66904bacc31562d97b8a3be094a36749983ab,464.2874758243561,218.54248046875,128,FULL
COMPLETE,PETS-U,AirQuality,128,42,100003,2,4096,"[4096, 128, 9]",6cde61a19cfb4c2cbbc4bbee4e5a503d9c62093f728bdbf99b96af5c6466c294,/path/to/PETS-FFT-Ablation/results/unconditional_aa_aa_three_dataset/AirQuality/T128/seed_42/checkpoints/checkpoint-10.pt,51d7f40fd0fc630e4166e67e47a66904bacc31562d97b8a3be094a36749983ab,465.9366419315338,217.63623046875,128,FULL
COMPLETE,PETS-U,AirQuality,128,42,100004,1,4096,"[4096, 128, 9]",8c6a323ae357a506329fa44f78101c31ef3e9496f16afa5c803bd0cec77e56ed,/path/to/PETS-FFT-Ablation/results/unconditional_aa_aa_three_dataset/AirQuality/T128/seed_42/checkpoints/checkpoint-10.pt,51d7f40fd0fc630e4166e67e47a66904bacc31562d97b8a3be094a36749983ab,465.52916526794434,218.54248046875,128,FULL
COMPLETE,PETS-U,AirQuality,128,123,100000,0,4096,"[4096, 128, 9]",7caa49fab2aca277999602ab2d459c1eef728e14324d2f6ced87f97a6a8246e4,/path/to/PETS-FFT-Ablation/results/unconditional_aa_aa_three_dataset/AirQuality/T128/seed_123/checkpoints/checkpoint-10.pt,3270a02cf7107713eaf363213847d5685b71faffa492b8f647b5e8aea6185b6e,465.54192900657654,217.76123046875,128,FULL
COMPLETE,PETS-U,AirQuality,128,123,100001,2,4096,"[4096, 128, 9]",a4f79d8367c5071e00425472f1b0dd4f3f98464b6c4685022553142dfa6a4075,/path/to/PETS-FFT-Ablation/results/unconditional_aa_aa_three_dataset/AirQuality/T128/seed_123/checkpoints/checkpoint-10.pt,3270a02cf7107713eaf363213847d5685b71faffa492b8f647b5e8aea6185b6e,466.353910446167,217.94873046875,128,FULL
COMPLETE,PETS-U,AirQuality,128,123,100002,1,4096,"[4096, 128, 9]",9ab89d1757da6b07c7c2154a91d865da6db7070e8a544eba333c05da07fb6334,/path/to/PETS-FFT-Ablation/results/unconditional_aa_aa_three_dataset/AirQuality/T128/seed_123/checkpoints/checkpoint-10.pt,3270a02cf7107713eaf363213847d5685b71faffa492b8f647b5e8aea6185b6e,465.60008907318115,217.88623046875,128,FULL
COMPLETE,PETS-U,AirQuality,128,123,100003,0,4096,"[4096, 128, 9]",6ce6a1ee1a5caa78db2b13a7bb836b253b8f50d515c40cefe2e0afb031e8d65f,/path/to/PETS-FFT-Ablation/results/unconditional_aa_aa_three_dataset/AirQuality/T128/seed_123/checkpoints/checkpoint-10.pt,3270a02cf7107713eaf363213847d5685b71faffa492b8f647b5e8aea6185b6e,465.7357997894287,217.76123046875,128,FULL
COMPLETE,PETS-U,AirQuality,128,123,100004,2,4096,"[4096, 128, 9]",27e55acb4908efcd870b14b07a44951edefcfbe6629a664580c28aad360f4a3f,/path/to/PETS-FFT-Ablation/results/unconditional_aa_aa_three_dataset/AirQuality/T128/seed_123/checkpoints/checkpoint-10.pt,3270a02cf7107713eaf363213847d5685b71faffa492b8f647b5e8aea6185b6e,465.94112062454224,217.94873046875,128,FULL
COMPLETE,Diffusion-TS,AirQuality,128,0,100000,1,4096,"[4096, 128, 9]",8b0fea87f7e01cf26d2b38cf65a3165ee8728e4cf5f82853140f836a363dd542,/path/to/PETS-FFT-Ablation/results/final_unconditional_main_v1/work/Diffusion_TS/AirQuality/T128/seed_0/checkpoints_128/checkpoint-10.pt,23aa2a0489865dafdb0e19f2c77f6e1f33320be8d584dc75b2433b7e750aead3,407.0842339992523,137.6845703125,128,native
COMPLETE,Diffusion-TS,AirQuality,128,0,100001,0,4096,"[4096, 128, 9]",aea40b82d06aa3e37887979840bd139e5aca0aad24baa7f1179a8e2e160703c2,/path/to/PETS-FFT-Ablation/results/final_unconditional_main_v1/work/Diffusion_TS/AirQuality/T128/seed_0/checkpoints_128/checkpoint-10.pt,23aa2a0489865dafdb0e19f2c77f6e1f33320be8d584dc75b2433b7e750aead3,406.7073175907135,137.6845703125,128,native
COMPLETE,Diffusion-TS,AirQuality,128,0,100002,2,4096,"[4096, 128, 9]",d71e35048df5b4700a40d14554dc4e0fea6053be0cb740815905aa467fb68864,/path/to/PETS-FFT-Ablation/results/final_unconditional_main_v1/work/Diffusion_TS/AirQuality/T128/seed_0/checkpoints_128/checkpoint-10.pt,23aa2a0489865dafdb0e19f2c77f6e1f33320be8d584dc75b2433b7e750aead3,410.7785964012146,137.6845703125,128,native
COMPLETE,Diffusion-TS,AirQuality,128,0,100003,0,4096,"[4096, 128, 9]",f65703e3c6ec2c0066535fcd88946aad7568fdc2498666e5b1f7bf7f8a607129,/path/to/PETS-FFT-Ablation/results/final_unconditional_main_v1/work/Diffusion_TS/AirQuality/T128/seed_0/checkpoints_128/checkpoint-10.pt,23aa2a0489865dafdb0e19f2c77f6e1f33320be8d584dc75b2433b7e750aead3,411.01577854156494,137.6845703125,128,native
COMPLETE,Diffusion-TS,AirQuality,128,0,100004,1,4096,"[4096, 128, 9]",eac4ba3c69bf01285094e47414b4f13bf5956c18648475a6591a7860674d221f,/path/to/PETS-FFT-Ablation/results/final_unconditional_main_v1/work/Diffusion_TS/AirQuality/T128/seed_0/checkpoints_128/checkpoint-10.pt,23aa2a0489865dafdb0e19f2c77f6e1f33320be8d584dc75b2433b7e750aead3,411.3262982368469,137.6845703125,128,native
COMPLETE,Diffusion-TS,AirQuality,128,42,100000,2,4096,"[4096, 128, 9]",643ff477acdae7f2016c240692be3d47e7f826ba94d94e64c11c88aa39d52fae,/path/to/PETS-FFT-Ablation/results/final_unconditional_main_v1/work/Diffusion_TS/AirQuality/T128/seed_42/checkpoints_128/checkpoint-10.pt,422addbb3473585c723e1d258c25c15c2545fb5038b1af95afac62683d04c52c,412.2478666305542,137.6845703125,128,native
COMPLETE,Diffusion-TS,AirQuality,128,42,100001,0,4096,"[4096, 128, 9]",32c640bdd71b8edff76b7fb7d99b86b6856974ec045a1d893b408837ab1e7e3b,/path/to/PETS-FFT-Ablation/results/final_unconditional_main_v1/work/Diffusion_TS/AirQuality/T128/seed_42/checkpoints_128/checkpoint-10.pt,422addbb3473585c723e1d258c25c15c2545fb5038b1af95afac62683d04c52c,410.66856622695923,137.6845703125,128,native
COMPLETE,Diffusion-TS,AirQuality,128,42,100002,1,4096,"[4096, 128, 9]",44110360d9916e7b9fc4894e979c044e59cd7c9df4448942e0d1f08b56bace46,/path/to/PETS-FFT-Ablation/results/final_unconditional_main_v1/work/Diffusion_TS/AirQuality/T128/seed_42/checkpoints_128/checkpoint-10.pt,422addbb3473585c723e1d258c25c15c2545fb5038b1af95afac62683d04c52c,410.4982817173004,137.6845703125,128,native
COMPLETE,Diffusion-TS,AirQuality,128,42,100003,2,4096,"[4096, 128, 9]",35781741db0317fbc30fbae002a033b848ab026d0572fef7612b883ed76facdc,/path/to/PETS-FFT-Ablation/results/final_unconditional_main_v1/work/Diffusion_TS/AirQuality/T128/seed_42/checkpoints_128/checkpoint-10.pt,422addbb3473585c723e1d258c25c15c2545fb5038b1af95afac62683d04c52c,410.5699737071991,137.6845703125,128,native
COMPLETE,Diffusion-TS,AirQuality,128,42,100004,0,4096,"[4096, 128, 9]",253edb785077fe762156790234e17563950843fadf692c60ce7359c0d9df1dd1,/path/to/PETS-FFT-Ablation/results/final_unconditional_main_v1/work/Diffusion_TS/AirQuality/T128/seed_42/checkpoints_128/checkpoint-10.pt,422addbb3473585c723e1d258c25c15c2545fb5038b1af95afac62683d04c52c,408.58793330192566,137.6845703125,128,native
COMPLETE,Diffusion-TS,AirQuality,128,123,100000,1,4096,"[4096, 128, 9]",f1cdbabf38ef9d9dfb47e15fc31f5b1b4226ddcd54862fa4b38dc062c8053b6e,/path/to/PETS-FFT-Ablation/results/final_unconditional_main_v1/work/Diffusion_TS/AirQuality/T128/seed_123/checkpoints_128/checkpoint-10.pt,66976c10d1f6f11dcc2c2b5487854ad844b9c820d8c8d91f0d6caef51e0642ba,407.76588559150696,137.6845703125,128,native
COMPLETE,Diffusion-TS,AirQuality,128,123,100001,2,4096,"[4096, 128, 9]",7375d9f2562b9ab21fe6244f93e60ca34c4d044699581a75ae663473cb16b950,/path/to/PETS-FFT-Ablation/results/final_unconditional_main_v1/work/Diffusion_TS/AirQuality/T128/seed_123/checkpoints_128/checkpoint-10.pt,66976c10d1f6f11dcc2c2b5487854ad844b9c820d8c8d91f0d6caef51e0642ba,408.95277857780457,137.6845703125,128,native
COMPLETE,Diffusion-TS,AirQuality,128,123,100002,1,4096,"[4096, 128, 9]",b3128fb7a8164a978d4b74076aaf861515dab71f33c55e2130fa94f12a39a0c8,/path/to/PETS-FFT-Ablation/results/final_unconditional_main_v1/work/Diffusion_TS/AirQuality/T128/seed_123/checkpoints_128/checkpoint-10.pt,66976c10d1f6f11dcc2c2b5487854ad844b9c820d8c8d91f0d6caef51e0642ba,408.5067296028137,137.6845703125,128,native
COMPLETE,Diffusion-TS,AirQuality,128,123,100003,0,4096,"[4096, 128, 9]",9dbb0678a62bcfcd09fe755d77be4ba2715becd1eac0d9542cfdf32a8de75f4b,/path/to/PETS-FFT-Ablation/results/final_unconditional_main_v1/work/Diffusion_TS/AirQuality/T128/seed_123/checkpoints_128/checkpoint-10.pt,66976c10d1f6f11dcc2c2b5487854ad844b9c820d8c8d91f0d6caef51e0642ba,407.1667251586914,137.6845703125,128,native
COMPLETE,Diffusion-TS,AirQuality,128,123,100004,2,4096,"[4096, 128, 9]",06ffef3aff7109eb85ad85665a74c1b4620513530aa56ab68b741afa3d15775f,/path/to/PETS-FFT-Ablation/results/final_unconditional_main_v1/work/Diffusion_TS/AirQuality/T128/seed_123/checkpoints_128/checkpoint-10.pt,66976c10d1f6f11dcc2c2b5487854ad844b9c820d8c8d91f0d6caef51e0642ba,400.1886501312256,137.6845703125,128,native
COMPLETE,PETS-U,AirQuality,64,0,100000,0,4096,"[4096, 64, 9]",7b377155dd34cca3c30a23542b52294c6665bf57b1e4454ddd69299ee2de5f50,/path/to/PETS-FFT-Ablation/results/unconditional_aa_aa_three_dataset/AirQuality/T64/seed_0/checkpoints/checkpoint-10.pt,7c8bc0322c4288bf51847a08867d251d17e61b8528e1ff015540509a2328636b,293.8524854183197,182.40625,128,FULL
COMPLETE,PETS-U,AirQuality,64,0,100001,1,4096,"[4096, 64, 9]",75c5cf9d79ab68a8d9ede0c73e3e031702717bdf2537c10333825da92740a7dd,/path/to/PETS-FFT-Ablation/results/unconditional_aa_aa_three_dataset/AirQuality/T64/seed_0/checkpoints/checkpoint-10.pt,7c8bc0322c4288bf51847a08867d251d17e61b8528e1ff015540509a2328636b,294.45188999176025,181.625,128,FULL
COMPLETE,PETS-U,AirQuality,64,0,100002,2,4096,"[4096, 64, 9]",bf2864a622671d66f1bbd60460d72fbf168b573e9eaa157eda97a78b4ea55f21,/path/to/PETS-FFT-Ablation/results/unconditional_aa_aa_three_dataset/AirQuality/T64/seed_0/checkpoints/checkpoint-10.pt,7c8bc0322c4288bf51847a08867d251d17e61b8528e1ff015540509a2328636b,295.01506781578064,182.84375,128,FULL
COMPLETE,PETS-U,AirQuality,64,0,100003,0,4096,"[4096, 64, 9]",86e67a144a0e3831cf6a06ae16f1ab2155e758531f2112ee937b919d665ea010,/path/to/PETS-FFT-Ablation/results/unconditional_aa_aa_three_dataset/AirQuality/T64/seed_0/checkpoints/checkpoint-10.pt,7c8bc0322c4288bf51847a08867d251d17e61b8528e1ff015540509a2328636b,292.85343289375305,181.1875,128,FULL
COMPLETE,PETS-U,AirQuality,64,0,100004,1,4096,"[4096, 64, 9]",feaef89e930e61d47fd577399925384f9eb3bc766f3c60f9964c6dac50efe3f6,/path/to/PETS-FFT-Ablation/results/unconditional_aa_aa_three_dataset/AirQuality/T64/seed_0/checkpoints/checkpoint-10.pt,7c8bc0322c4288bf51847a08867d251d17e61b8528e1ff015540509a2328636b,293.30689120292664,182.0,128,FULL
COMPLETE,PETS-U,AirQuality,64,42,100000,2,4096,"[4096, 64, 9]",cc4e67e73abdc2f7615311ebda17e637c958a7cd58d531a69e756346e5a68fda,/path/to/PETS-FFT-Ablation/results/unconditional_aa_aa_three_dataset/AirQuality/T64/seed_42/checkpoints/checkpoint-10.pt,bf6c2290c5124c3b7ba63bf14a8c1664e443e1da0f6870f2a3aa72f8644195bf,296.82050347328186,182.875,128,FULL
COMPLETE,PETS-U,AirQuality,64,42,100001,0,4096,"[4096, 64, 9]",dd5d3e43f0f82e4c0c484c8bbdbfe016cdf18decb5b77cdc189731c7cf3fe8cd,/path/to/PETS-FFT-Ablation/results/unconditional_aa_aa_three_dataset/AirQuality/T64/seed_42/checkpoints/checkpoint-10.pt,bf6c2290c5124c3b7ba63bf14a8c1664e443e1da0f6870f2a3aa72f8644195bf,296.2057478427887,182.125,128,FULL
COMPLETE,PETS-U,AirQuality,64,42,100002,1,4096,"[4096, 64, 9]",0e084eab4a1705e9c1fc6006452596ff5392e79232f092eff6c38aaca89cca34,/path/to/PETS-FFT-Ablation/results/unconditional_aa_aa_three_dataset/AirQuality/T64/seed_42/checkpoints/checkpoint-10.pt,bf6c2290c5124c3b7ba63bf14a8c1664e443e1da0f6870f2a3aa72f8644195bf,295.4496591091156,182.8125,128,FULL
COMPLETE,PETS-U,AirQuality,64,42,100003,2,4096,"[4096, 64, 9]",cd1718cae04d1055d6d66b2cc57bb7bdffccb38b5dc5cc6e449234dae276ba1a,/path/to/PETS-FFT-Ablation/results/unconditional_aa_aa_three_dataset/AirQuality/T64/seed_42/checkpoints/checkpoint-10.pt,bf6c2290c5124c3b7ba63bf14a8c1664e443e1da0f6870f2a3aa72f8644195bf,297.25926089286804,182.875,128,FULL
COMPLETE,PETS-U,AirQuality,64,42,100004,0,4096,"[4096, 64, 9]",9f0f84d92adbc1a96d88c565d097f626a6a27150e9dc6ebcc20f3d0a6777170d,/path/to/PETS-FFT-Ablation/results/unconditional_aa_aa_three_dataset/AirQuality/T64/seed_42/checkpoints/checkpoint-10.pt,bf6c2290c5124c3b7ba63bf14a8c1664e443e1da0f6870f2a3aa72f8644195bf,295.2376205921173,182.5625,128,FULL
COMPLETE,PETS-U,AirQuality,64,123,100000,1,4096,"[4096, 64, 9]",9d4f46d4bdc98616aae3c78cffe28deab79fedc72134eac2bc6fe63ae1b6bb7c,/path/to/PETS-FFT-Ablation/results/unconditional_aa_aa_three_dataset/AirQuality/T64/seed_123/checkpoints/checkpoint-10.pt,b0c0df6e061380d1b292639a7600e4041743d217bc578dbd728f7fea4f386513,292.3340690135956,181.125,128,FULL
COMPLETE,PETS-U,AirQuality,64,123,100001,2,4096,"[4096, 64, 9]",7c546757eece4776ecf44ebdb5addb37bf6cee2364351529595b6798ae585d22,/path/to/PETS-FFT-Ablation/results/unconditional_aa_aa_three_dataset/AirQuality/T64/seed_123/checkpoints/checkpoint-10.pt,b0c0df6e061380d1b292639a7600e4041743d217bc578dbd728f7fea4f386513,293.44728922843933,180.5625,128,FULL
COMPLETE,PETS-U,AirQuality,64,123,100002,1,4096,"[4096, 64, 9]",3c4163092a151b5a9393209970b2f3afb8b319f6471d61cf9674cdda9f426a55,/path/to/PETS-FFT-Ablation/results/unconditional_aa_aa_three_dataset/AirQuality/T64/seed_123/checkpoints/checkpoint-10.pt,b0c0df6e061380d1b292639a7600e4041743d217bc578dbd728f7fea4f386513,292.67009472846985,180.75,128,FULL
COMPLETE,PETS-U,AirQuality,64,123,100003,0,4096,"[4096, 64, 9]",3d7f4e3931194782d89d8b4e2f2f93605d58690cc55d691e4f78eaf6d891917b,/path/to/PETS-FFT-Ablation/results/unconditional_aa_aa_three_dataset/AirQuality/T64/seed_123/checkpoints/checkpoint-10.pt,b0c0df6e061380d1b292639a7600e4041743d217bc578dbd728f7fea4f386513,292.64912724494934,180.625,128,FULL
COMPLETE,PETS-U,AirQuality,64,123,100004,2,4096,"[4096, 64, 9]",74e838a7656e016990aff03daf41b0336922a7ab6ffa3e7d7b9bab2d9b0734ad,/path/to/PETS-FFT-Ablation/results/unconditional_aa_aa_three_dataset/AirQuality/T64/seed_123/checkpoints/checkpoint-10.pt,b0c0df6e061380d1b292639a7600e4041743d217bc578dbd728f7fea4f386513,293.9780333042145,180.75,128,FULL
COMPLETE,Diffusion-TS,AirQuality,64,0,100000,1,4096,"[4096, 64, 9]",9885c06b0b72d92b053eb58344c90990fc66294fe46979d2b86022db59746ef4,/path/to/PETS-FFT-Ablation/results/final_unconditional_main_v1/work/Diffusion_TS/AirQuality/T64/seed_0/checkpoints_64/checkpoint-10.pt,daabb48525bc6bc0d6ec421cc273257571686ccd2e6d466b740ce9622358c67c,402.0731053352356,165.66943359375,128,native
COMPLETE,Diffusion-TS,AirQuality,64,0,100001,0,4096,"[4096, 64, 9]",8380ee826f8b5e318ee13f84ee0aca034017c2bf91817af2629099900d4bfdcd,/path/to/PETS-FFT-Ablation/results/final_unconditional_main_v1/work/Diffusion_TS/AirQuality/T64/seed_0/checkpoints_64/checkpoint-10.pt,daabb48525bc6bc0d6ec421cc273257571686ccd2e6d466b740ce9622358c67c,401.16132712364197,165.66943359375,128,native
COMPLETE,Diffusion-TS,AirQuality,64,0,100002,2,4096,"[4096, 64, 9]",5a50411dc6ae7d7564f745b9fe970e0b1ba04df1dc6c5481714e6cec7c60dd19,/path/to/PETS-FFT-Ablation/results/final_unconditional_main_v1/work/Diffusion_TS/AirQuality/T64/seed_0/checkpoints_64/checkpoint-10.pt,daabb48525bc6bc0d6ec421cc273257571686ccd2e6d466b740ce9622358c67c,404.8324406147003,165.66943359375,128,native
COMPLETE,Diffusion-TS,AirQuality,64,0,100003,1,4096,"[4096, 64, 9]",236fb2f12cf121577c0366ded552f53226e148bdf67e95b6ecb527979a7b2280,/path/to/PETS-FFT-Ablation/results/final_unconditional_main_v1/work/Diffusion_TS/AirQuality/T64/seed_0/checkpoints_64/checkpoint-10.pt,daabb48525bc6bc0d6ec421cc273257571686ccd2e6d466b740ce9622358c67c,411.18900442123413,165.66943359375,128,native
COMPLETE,Diffusion-TS,AirQuality,64,0,100004,0,4096,"[4096, 64, 9]",04c0fba51040601dee56f06163b42b7a804ba3edbf657e902ce8f5a9b98f31c2,/path/to/PETS-FFT-Ablation/results/final_unconditional_main_v1/work/Diffusion_TS/AirQuality/T64/seed_0/checkpoints_64/checkpoint-10.pt,daabb48525bc6bc0d6ec421cc273257571686ccd2e6d466b740ce9622358c67c,411.1179130077362,165.66943359375,128,native
COMPLETE,Diffusion-TS,AirQuality,64,42,100000,2,4096,"[4096, 64, 9]",05cb6b9fcd46135ab12931d1d1c63b979661024812aa7454e0d06165a45e752a,/path/to/PETS-FFT-Ablation/results/final_unconditional_main_v1/work/Diffusion_TS/AirQuality/T64/seed_42/checkpoints_64/checkpoint-10.pt,8ee7e9125fb641a12f2b458fcb87971670c7fabe99bcdeb38c7161472cbf2170,407.17598271369934,165.66943359375,128,native
COMPLETE,Diffusion-TS,AirQuality,64,42,100001,1,4096,"[4096, 64, 9]",1955f542415426b71a05f1158d2f07525166a1d46982b19beadb9a8113d81356,/path/to/PETS-FFT-Ablation/results/final_unconditional_main_v1/work/Diffusion_TS/AirQuality/T64/seed_42/checkpoints_64/checkpoint-10.pt,8ee7e9125fb641a12f2b458fcb87971670c7fabe99bcdeb38c7161472cbf2170,407.5629930496216,165.66943359375,128,native
COMPLETE,Diffusion-TS,AirQuality,64,42,100002,0,4096,"[4096, 64, 9]",cf4894a5ed6904328aca52044ec037aaa7ec6011c53bf9979036f7bd85d8db13,/path/to/PETS-FFT-Ablation/results/final_unconditional_main_v1/work/Diffusion_TS/AirQuality/T64/seed_42/checkpoints_64/checkpoint-10.pt,8ee7e9125fb641a12f2b458fcb87971670c7fabe99bcdeb38c7161472cbf2170,409.5688707828522,165.66943359375,128,native
COMPLETE,Diffusion-TS,AirQuality,64,42,100003,2,4096,"[4096, 64, 9]",50acd91d9388abbd1e2457f14e7de498ae9ac8e23dcfcbd2fe04d8592d91a3a1,/path/to/PETS-FFT-Ablation/results/final_unconditional_main_v1/work/Diffusion_TS/AirQuality/T64/seed_42/checkpoints_64/checkpoint-10.pt,8ee7e9125fb641a12f2b458fcb87971670c7fabe99bcdeb38c7161472cbf2170,411.2458162307739,165.66943359375,128,native
COMPLETE,Diffusion-TS,AirQuality,64,42,100004,1,4096,"[4096, 64, 9]",136338148d5f6d8b6b5ecc5e2a3324e1ade069ca434817ea155c66d16846154c,/path/to/PETS-FFT-Ablation/results/final_unconditional_main_v1/work/Diffusion_TS/AirQuality/T64/seed_42/checkpoints_64/checkpoint-10.pt,8ee7e9125fb641a12f2b458fcb87971670c7fabe99bcdeb38c7161472cbf2170,410.0901596546173,165.66943359375,128,native
COMPLETE,Diffusion-TS,AirQuality,64,123,100000,0,4096,"[4096, 64, 9]",853ce434948779d0c7c216cd2f6fa7571d755331387b1967f100e0b1178fa28d,/path/to/PETS-FFT-Ablation/results/final_unconditional_main_v1/work/Diffusion_TS/AirQuality/T64/seed_123/checkpoints_64/checkpoint-10.pt,95b976d4400b505118b4b6b6d61fdae142ee81c37e6cebbde751e79254d854e3,415.67901825904846,165.66943359375,128,native
COMPLETE,Diffusion-TS,AirQuality,64,123,100001,2,4096,"[4096, 64, 9]",42800bf40d7f0d097d075e5ca8785991eb3fc1b2155d96afc993272c96bdae21,/path/to/PETS-FFT-Ablation/results/final_unconditional_main_v1/work/Diffusion_TS/AirQuality/T64/seed_123/checkpoints_64/checkpoint-10.pt,95b976d4400b505118b4b6b6d61fdae142ee81c37e6cebbde751e79254d854e3,400.15241289138794,165.66943359375,128,native
COMPLETE,Diffusion-TS,AirQuality,64,123,100002,1,4096,"[4096, 64, 9]",87b9a55e28b94feb907008fc570ac9731403548de0ca095a85e2f4f8fdc3be2d,/path/to/PETS-FFT-Ablation/results/final_unconditional_main_v1/work/Diffusion_TS/AirQuality/T64/seed_123/checkpoints_64/checkpoint-10.pt,95b976d4400b505118b4b6b6d61fdae142ee81c37e6cebbde751e79254d854e3,405.01722502708435,165.66943359375,128,native
COMPLETE,Diffusion-TS,AirQuality,64,123,100003,0,4096,"[4096, 64, 9]",f3e0bce8f776e92f49f10e6358006b0ee42cce68affe1f11056da96216f3855e,/path/to/PETS-FFT-Ablation/results/final_unconditional_main_v1/work/Diffusion_TS/AirQuality/T64/seed_123/checkpoints_64/checkpoint-10.pt,95b976d4400b505118b4b6b6d61fdae142ee81c37e6cebbde751e79254d854e3,405.6518681049347,165.66943359375,128,native
COMPLETE,Diffusion-TS,AirQuality,64,123,100004,2,4096,"[4096, 64, 9]",fb57f5ea6f29969897961d3a2bd53a816846c572f3b643d4b50ccdd2470cf38f,/path/to/PETS-FFT-Ablation/results/final_unconditional_main_v1/work/Diffusion_TS/AirQuality/T64/seed_123/checkpoints_64/checkpoint-10.pt,95b976d4400b505118b4b6b6d61fdae142ee81c37e6cebbde751e79254d854e3,398.9731788635254,165.66943359375,128,native
COMPLETE,PETS-U,AirQuality,256,0,100000,1,4096,"[4096, 256, 9]",cc1eeb9cb3a415a9eeef782709379f412d7387423e41e2e6a47d9685e7b0071a,/path/to/PETS-FFT-Ablation/results/unconditional_aa_aa_three_dataset/AirQuality/T256/seed_0/checkpoints/checkpoint-10.pt,fcd4d7caa66aa938eab0d598b09c0aad667e8bade3eb0e9ba7e7d9a65bcfe523,945.0972692966461,397.74658203125,128,FULL
COMPLETE,PETS-U,AirQuality,256,0,100001,2,4096,"[4096, 256, 9]",b7bdd9360de5034aefd394c69bf478dbea5f430e60bcbda90687f4197835036c,/path/to/PETS-FFT-Ablation/results/unconditional_aa_aa_three_dataset/AirQuality/T256/seed_0/checkpoints/checkpoint-10.pt,fcd4d7caa66aa938eab0d598b09c0aad667e8bade3eb0e9ba7e7d9a65bcfe523,947.1939473152161,397.74658203125,128,FULL
COMPLETE,PETS-U,AirQuality,256,0,100002,0,4096,"[4096, 256, 9]",599e3ce819d6e6358d9d1baa7442d03da301072c324593d4d7eaa48bc2c49953,/path/to/PETS-FFT-Ablation/results/unconditional_aa_aa_three_dataset/AirQuality/T256/seed_0/checkpoints/checkpoint-10.pt,fcd4d7caa66aa938eab0d598b09c0aad667e8bade3eb0e9ba7e7d9a65bcfe523,944.8454596996307,397.74658203125,128,FULL
COMPLETE,PETS-U,AirQuality,256,0,100003,1,4096,"[4096, 256, 9]",172f4549658b6db49649fc6cd533f8fc54442bec3def470a3760a4f7b2709f6a,/path/to/PETS-FFT-Ablation/results/unconditional_aa_aa_three_dataset/AirQuality/T256/seed_0/checkpoints/checkpoint-10.pt,fcd4d7caa66aa938eab0d598b09c0aad667e8bade3eb0e9ba7e7d9a65bcfe523,944.4104552268982,397.74658203125,128,FULL
COMPLETE,PETS-U,AirQuality,256,0,100004,2,4096,"[4096, 256, 9]",36641fdc0dae019ade148f495cfb6e0d82083977bf29f7f9a5b085ef29463e43,/path/to/PETS-FFT-Ablation/results/unconditional_aa_aa_three_dataset/AirQuality/T256/seed_0/checkpoints/checkpoint-10.pt,fcd4d7caa66aa938eab0d598b09c0aad667e8bade3eb0e9ba7e7d9a65bcfe523,947.2892570495605,397.74658203125,128,FULL
COMPLETE,PETS-U,AirQuality,256,42,100000,0,4096,"[4096, 256, 9]",fcfd3ad612ed59701c3531d82cdf2fea540f945c3183e32101c93a8e9a3bd9c4,/path/to/PETS-FFT-Ablation/results/unconditional_aa_aa_three_dataset/AirQuality/T256/seed_42/checkpoints/checkpoint-10.pt,5281a6792af30a680955506b408dbbacaf80cbc04c30f620661b65153fa6bafe,940.8342726230621,397.74658203125,128,FULL
COMPLETE,PETS-U,AirQuality,256,42,100001,1,4096,"[4096, 256, 9]",6dfb520ad11a34e1ad0ae2fe7bf402edc1f1c1620bf770b2198b3c996865c01c,/path/to/PETS-FFT-Ablation/results/unconditional_aa_aa_three_dataset/AirQuality/T256/seed_42/checkpoints/checkpoint-10.pt,5281a6792af30a680955506b408dbbacaf80cbc04c30f620661b65153fa6bafe,939.6078255176544,397.74658203125,128,FULL
COMPLETE,PETS-U,AirQuality,256,42,100002,0,4096,"[4096, 256, 9]",3f2e8ac6982ca5b3931b1fe8fc0eba66f40020193e43693e27e887280118dcbf,/path/to/PETS-FFT-Ablation/results/unconditional_aa_aa_three_dataset/AirQuality/T256/seed_42/checkpoints/checkpoint-10.pt,5281a6792af30a680955506b408dbbacaf80cbc04c30f620661b65153fa6bafe,940.2947738170624,397.74658203125,128,FULL
COMPLETE,PETS-U,AirQuality,256,42,100003,2,4096,"[4096, 256, 9]",a49cca1309106eba5a37bfefeb70323184245401362ea8a0d89368cbf3110a32,/path/to/PETS-FFT-Ablation/results/unconditional_aa_aa_three_dataset/AirQuality/T256/seed_42/checkpoints/checkpoint-10.pt,5281a6792af30a680955506b408dbbacaf80cbc04c30f620661b65153fa6bafe,943.8125681877136,397.12158203125,128,FULL
COMPLETE,PETS-U,AirQuality,256,42,100004,1,4096,"[4096, 256, 9]",7092dfac09844d22a891a3a77f0baff9b4e3fe466afde7745d53f4261edb18e6,/path/to/PETS-FFT-Ablation/results/unconditional_aa_aa_three_dataset/AirQuality/T256/seed_42/checkpoints/checkpoint-10.pt,5281a6792af30a680955506b408dbbacaf80cbc04c30f620661b65153fa6bafe,940.1772193908691,397.12158203125,128,FULL
COMPLETE,PETS-U,AirQuality,256,123,100000,0,4096,"[4096, 256, 9]",153f427e7f2a388a598df5601e13410a61163a0375088c84195a95640c83c100,/path/to/PETS-FFT-Ablation/results/unconditional_aa_aa_three_dataset/AirQuality/T256/seed_123/checkpoints/checkpoint-10.pt,8ee3f5a561fec3a0c8c08e3944f1f76071eca4f31c100dc9cc7367c6111ed0a4,939.0138804912567,397.74658203125,128,FULL
COMPLETE,PETS-U,AirQuality,256,123,100001,2,4096,"[4096, 256, 9]",cfc428d986757248b8c0be4f1a4a8eb0cc38ce0ca576476b146179bb256330d5,/path/to/PETS-FFT-Ablation/results/unconditional_aa_aa_three_dataset/AirQuality/T256/seed_123/checkpoints/checkpoint-10.pt,8ee3f5a561fec3a0c8c08e3944f1f76071eca4f31c100dc9cc7367c6111ed0a4,942.1655821800232,397.74658203125,128,FULL
COMPLETE,PETS-U,AirQuality,256,123,100002,1,4096,"[4096, 256, 9]",577750aff2432c27195e61dbe9f1741fcae7da28880665bd6ccacd95be3728ab,/path/to/PETS-FFT-Ablation/results/unconditional_aa_aa_three_dataset/AirQuality/T256/seed_123/checkpoints/checkpoint-10.pt,8ee3f5a561fec3a0c8c08e3944f1f76071eca4f31c100dc9cc7367c6111ed0a4,939.1246054172516,397.74658203125,128,FULL
COMPLETE,PETS-U,AirQuality,256,123,100003,0,4096,"[4096, 256, 9]",e6e46ee82fcf9bdb56313de4ab97bb3c727b2a6162f0754eee079a6603bb58a0,/path/to/PETS-FFT-Ablation/results/unconditional_aa_aa_three_dataset/AirQuality/T256/seed_123/checkpoints/checkpoint-10.pt,8ee3f5a561fec3a0c8c08e3944f1f76071eca4f31c100dc9cc7367c6111ed0a4,938.8935146331787,397.74658203125,128,FULL
COMPLETE,PETS-U,AirQuality,256,123,100004,2,4096,"[4096, 256, 9]",2c13047b0397a807ce3a708a739a5903dbde615ab9b0812c8d7b2781068c2737,/path/to/PETS-FFT-Ablation/results/unconditional_aa_aa_three_dataset/AirQuality/T256/seed_123/checkpoints/checkpoint-10.pt,8ee3f5a561fec3a0c8c08e3944f1f76071eca4f31c100dc9cc7367c6111ed0a4,942.1239714622498,397.74658203125,128,FULL
COMPLETE,Diffusion-TS,AirQuality,256,0,100000,1,4096,"[4096, 256, 9]",952e00e97c761e64166d043f14b71954b542cf69a9bbd6a835a78d3a2b5be155,/path/to/PETS-FFT-Ablation/results/final_unconditional_main_v1/work/Diffusion_TS/AirQuality/T256/seed_0/checkpoints_256/checkpoint-10.pt,bb656a8ede570ddcbc82cbf2da950c2133b423fc4c8db661316f39f20233a890,588.9022495746613,411.52880859375,128,native
COMPLETE,Diffusion-TS,AirQuality,256,0,100001,0,4096,"[4096, 256, 9]",c78df9da81ee6de76955a03a83e5faaa763d2b932f7e1037c49db05cab6bf701,/path/to/PETS-FFT-Ablation/results/final_unconditional_main_v1/work/Diffusion_TS/AirQuality/T256/seed_0/checkpoints_256/checkpoint-10.pt,bb656a8ede570ddcbc82cbf2da950c2133b423fc4c8db661316f39f20233a890,588.9759356975555,411.52880859375,128,native
COMPLETE,Diffusion-TS,AirQuality,256,0,100002,2,4096,"[4096, 256, 9]",54c2d67cb2431a0f7645789daa5dd8652fa6344b7084818cd553af6cf0170046,/path/to/PETS-FFT-Ablation/results/final_unconditional_main_v1/work/Diffusion_TS/AirQuality/T256/seed_0/checkpoints_256/checkpoint-10.pt,bb656a8ede570ddcbc82cbf2da950c2133b423fc4c8db661316f39f20233a890,594.3301312923431,411.52880859375,128,native
COMPLETE,Diffusion-TS,AirQuality,256,0,100003,1,4096,"[4096, 256, 9]",c87cab9330a1cd378ef5d295ffe88f296c9fff0c93922c59dddbcd0c717aeeb0,/path/to/PETS-FFT-Ablation/results/final_unconditional_main_v1/work/Diffusion_TS/AirQuality/T256/seed_0/checkpoints_256/checkpoint-10.pt,bb656a8ede570ddcbc82cbf2da950c2133b423fc4c8db661316f39f20233a890,594.1780850887299,411.52880859375,128,native
COMPLETE,Diffusion-TS,AirQuality,256,0,100004,0,4096,"[4096, 256, 9]",bae8dd328fde09691678368b9681970fd93a1d405f8d03ebc3216448bbbf5fd8,/path/to/PETS-FFT-Ablation/results/final_unconditional_main_v1/work/Diffusion_TS/AirQuality/T256/seed_0/checkpoints_256/checkpoint-10.pt,bb656a8ede570ddcbc82cbf2da950c2133b423fc4c8db661316f39f20233a890,592.9587075710297,411.52880859375,128,native
COMPLETE,Diffusion-TS,AirQuality,256,42,100000,2,4096,"[4096, 256, 9]",a8e9e3f2d0616092012a8f38dc670087a4ac62ad34ac41d501507729935ef5e6,/path/to/PETS-FFT-Ablation/results/final_unconditional_main_v1/work/Diffusion_TS/AirQuality/T256/seed_42/checkpoints_256/checkpoint-10.pt,b695b730e48b480bccbba13027e724b9cf95e541e372f513e759b46be43e5484,593.5256702899933,411.52880859375,128,native
COMPLETE,Diffusion-TS,AirQuality,256,42,100001,1,4096,"[4096, 256, 9]",4b3d4b10dbe7014ecc1bf978c9b8b516c1afa553f7be41275e33cddb3b0a03fe,/path/to/PETS-FFT-Ablation/results/final_unconditional_main_v1/work/Diffusion_TS/AirQuality/T256/seed_42/checkpoints_256/checkpoint-10.pt,b695b730e48b480bccbba13027e724b9cf95e541e372f513e759b46be43e5484,593.9695794582367,411.52880859375,128,native
COMPLETE,Diffusion-TS,AirQuality,256,42,100002,0,4096,"[4096, 256, 9]",6ae1446e3fa2bcaf4dd5d08bbc9546f30d4a291e230fe0143d720fe30ccee220,/path/to/PETS-FFT-Ablation/results/final_unconditional_main_v1/work/Diffusion_TS/AirQuality/T256/seed_42/checkpoints_256/checkpoint-10.pt,b695b730e48b480bccbba13027e724b9cf95e541e372f513e759b46be43e5484,593.8279826641083,411.52880859375,128,native
COMPLETE,Diffusion-TS,AirQuality,256,42,100003,2,4096,"[4096, 256, 9]",5624438f07e5d4c9278a2563bc906c96c848ab40189159dc5b29a6d158014599,/path/to/PETS-FFT-Ablation/results/final_unconditional_main_v1/work/Diffusion_TS/AirQuality/T256/seed_42/checkpoints_256/checkpoint-10.pt,b695b730e48b480bccbba13027e724b9cf95e541e372f513e759b46be43e5484,594.0509879589081,411.52880859375,128,native
COMPLETE,Diffusion-TS,AirQuality,256,42,100004,1,4096,"[4096, 256, 9]",c613b6769f7ec7e38468d16b1fdc738e0daaf86b2bbc971e07a98f0f00bbeea6,/path/to/PETS-FFT-Ablation/results/final_unconditional_main_v1/work/Diffusion_TS/AirQuality/T256/seed_42/checkpoints_256/checkpoint-10.pt,b695b730e48b480bccbba13027e724b9cf95e541e372f513e759b46be43e5484,594.0707402229309,411.52880859375,128,native
COMPLETE,Diffusion-TS,AirQuality,256,123,100000,0,4096,"[4096, 256, 9]",27828374064e532da21afc154fb61caa8f442816727c1a749d4eccce3f85582f,/path/to/PETS-FFT-Ablation/results/final_unconditional_main_v1/work/Diffusion_TS/AirQuality/T256/seed_123/checkpoints_256/checkpoint-10.pt,a5c3a4a8628092cea8bd95f005494bad23068fb536eaf1f272dfad0161dcf567,594.4219224452972,411.52880859375,128,native
COMPLETE,Diffusion-TS,AirQuality,256,123,100001,2,4096,"[4096, 256, 9]",1f092fb345bbd440bfd8134b052e219c2665daeda132c41f3c2582fa8d6e8e15,/path/to/PETS-FFT-Ablation/results/final_unconditional_main_v1/work/Diffusion_TS/AirQuality/T256/seed_123/checkpoints_256/checkpoint-10.pt,a5c3a4a8628092cea8bd95f005494bad23068fb536eaf1f272dfad0161dcf567,593.7453756332397,411.52880859375,128,native
COMPLETE,Diffusion-TS,AirQuality,256,123,100002,1,4096,"[4096, 256, 9]",8489f6c99dd499f447b166f5c71e3b6ae2ceebdb8127a4f6284292c3a93ca858,/path/to/PETS-FFT-Ablation/results/final_unconditional_main_v1/work/Diffusion_TS/AirQuality/T256/seed_123/checkpoints_256/checkpoint-10.pt,a5c3a4a8628092cea8bd95f005494bad23068fb536eaf1f272dfad0161dcf567,594.4498591423035,411.52880859375,128,native
COMPLETE,Diffusion-TS,AirQuality,256,123,100003,0,4096,"[4096, 256, 9]",ca524808e6be8ff77507e2afb48b692910f21b06e3bee217519ecdae89e21efd,/path/to/PETS-FFT-Ablation/results/final_unconditional_main_v1/work/Diffusion_TS/AirQuality/T256/seed_123/checkpoints_256/checkpoint-10.pt,a5c3a4a8628092cea8bd95f005494bad23068fb536eaf1f272dfad0161dcf567,594.2585873603821,411.52880859375,128,native
COMPLETE,Diffusion-TS,AirQuality,256,123,100004,2,4096,"[4096, 256, 9]",b84336b99480468ed77e9520ecca8bea3201ad223548ba23e0bc0d5a7e29dea7,/path/to/PETS-FFT-Ablation/results/final_unconditional_main_v1/work/Diffusion_TS/AirQuality/T256/seed_123/checkpoints_256/checkpoint-10.pt,a5c3a4a8628092cea8bd95f005494bad23068fb536eaf1f272dfad0161dcf567,587.1216466426849,411.52880859375,128,native
COMPLETE,PETS-U,Energy,128,0,100000,1,4096,"[4096, 128, 28]",b5a89ffd2b3829d29f6058255027553df1df8955aca42a98761edd4023cdfda1,/path/to/PETS-FFT-Ablation/results/final_unconditional_main_v1/work/PETS_U/Energy/T128/seed_0/checkpoints/checkpoint-10.pt,10ca6b4d171258c34fbab688ee1d0bed134438251dff46014519a4c0c3c7e97e,467.70880484580994,223.04296875,128,FULL
COMPLETE,PETS-U,Energy,128,0,100001,0,4096,"[4096, 128, 28]",66f62205452e3e031fe9f49c834c61fe00116f823935d820dc8ad752f109a688,/path/to/PETS-FFT-Ablation/results/final_unconditional_main_v1/work/PETS_U/Energy/T128/seed_0/checkpoints/checkpoint-10.pt,10ca6b4d171258c34fbab688ee1d0bed134438251dff46014519a4c0c3c7e97e,466.4002890586853,223.13671875,128,FULL
COMPLETE,PETS-U,Energy,128,0,100002,2,4096,"[4096, 128, 28]",fde905efcf527dd0f18da61dce9c8e7bd73519d074114dfaf0687244ab2503d7,/path/to/PETS-FFT-Ablation/results/final_unconditional_main_v1/work/PETS_U/Energy/T128/seed_0/checkpoints/checkpoint-10.pt,10ca6b4d171258c34fbab688ee1d0bed134438251dff46014519a4c0c3c7e97e,467.6086618900299,223.19921875,128,FULL
COMPLETE,PETS-U,Energy,128,0,100003,1,4096,"[4096, 128, 28]",3811dac65971661b2db6bbd5155ceed52278351597ee778f436a99908643f8ba,/path/to/PETS-FFT-Ablation/results/final_unconditional_main_v1/work/PETS_U/Energy/T128/seed_0/checkpoints/checkpoint-10.pt,10ca6b4d171258c34fbab688ee1d0bed134438251dff46014519a4c0c3c7e97e,467.0324351787567,222.91796875,128,FULL
COMPLETE,PETS-U,Energy,128,0,100004,0,4096,"[4096, 128, 28]",e271f6b575a360600f946ed44296651355592dc08db8ec56af67f5804a960ee5,/path/to/PETS-FFT-Ablation/results/final_unconditional_main_v1/work/PETS_U/Energy/T128/seed_0/checkpoints/checkpoint-10.pt,10ca6b4d171258c34fbab688ee1d0bed134438251dff46014519a4c0c3c7e97e,467.1789758205414,222.29296875,128,FULL
COMPLETE,PETS-U,Energy,128,42,100000,2,4096,"[4096, 128, 28]",de0c38f641024c892e97236670dc4418cdd50cb7482f67fb637285cc5e07e6d2,/path/to/PETS-FFT-Ablation/results/final_unconditional_main_v1/work/PETS_U/Energy/T128/seed_42/checkpoints/checkpoint-10.pt,81b9a963ec311c33358ad9fd62a57673cdad30f4b4e5e332e3bde87b96dc7e5f,467.70850110054016,223.48046875,128,FULL
COMPLETE,PETS-U,Energy,128,42,100001,1,4096,"[4096, 128, 28]",35e5190b9132c49821b2cc505c6f68e67443f082b071cf43eae9cfcd8728e5ca,/path/to/PETS-FFT-Ablation/results/final_unconditional_main_v1/work/PETS_U/Energy/T128/seed_42/checkpoints/checkpoint-10.pt,81b9a963ec311c33358ad9fd62a57673cdad30f4b4e5e332e3bde87b96dc7e5f,467.5932106971741,223.73046875,128,FULL
COMPLETE,PETS-U,Energy,128,42,100002,0,4096,"[4096, 128, 28]",0800867c1f7f42c5078ce87d46753aaba2c622fd858d19cadce382da9ad04807,/path/to/PETS-FFT-Ablation/results/final_unconditional_main_v1/work/PETS_U/Energy/T128/seed_42/checkpoints/checkpoint-10.pt,81b9a963ec311c33358ad9fd62a57673cdad30f4b4e5e332e3bde87b96dc7e5f,467.0734031200409,223.29296875,128,FULL
COMPLETE,PETS-U,Energy,128,42,100003,2,4096,"[4096, 128, 28]",ceb7f6e24c6c3c6d989bf0ad5e23e741e7fceb5ded9d5227fb09934bb269c58d,/path/to/PETS-FFT-Ablation/results/final_unconditional_main_v1/work/PETS_U/Energy/T128/seed_42/checkpoints/checkpoint-10.pt,81b9a963ec311c33358ad9fd62a57673cdad30f4b4e5e332e3bde87b96dc7e5f,467.7999746799469,223.07421875,128,FULL
COMPLETE,PETS-U,Energy,128,42,100004,1,4096,"[4096, 128, 28]",6f9a120dfa7117e916d5298faeb1760718362cc31c9d06ef9e61bd717eb2891c,/path/to/PETS-FFT-Ablation/results/final_unconditional_main_v1/work/PETS_U/Energy/T128/seed_42/checkpoints/checkpoint-10.pt,81b9a963ec311c33358ad9fd62a57673cdad30f4b4e5e332e3bde87b96dc7e5f,466.98029804229736,223.91796875,128,FULL
COMPLETE,PETS-U,Energy,128,123,100000,0,4096,"[4096, 128, 28]",14130a12e3f1d76749ba4aa31c0065357f96e6dd1aefb54117c11aaedbc6678b,/path/to/PETS-FFT-Ablation/results/final_unconditional_main_v1/work/PETS_U/Energy/T128/seed_123/checkpoints/checkpoint-10.pt,53e892f62f7dabcf89cdef3928cc897d2b1af9ac86e6c93276db042bf914a537,466.6403923034668,223.16796875,128,FULL
COMPLETE,PETS-U,Energy,128,123,100001,2,4096,"[4096, 128, 28]",fcc266386a67fd61f4528883fa1aa582f390d577465292c550b6eaf24897eefd,/path/to/PETS-FFT-Ablation/results/final_unconditional_main_v1/work/PETS_U/Energy/T128/seed_123/checkpoints/checkpoint-10.pt,53e892f62f7dabcf89cdef3928cc897d2b1af9ac86e6c93276db042bf914a537,468.1708285808563,222.94921875,128,FULL
COMPLETE,PETS-U,Energy,128,123,100002,1,4096,"[4096, 128, 28]",dade79624058ffa3c3a1fc88d8400b124d1a42db69a7096d3c39924d5efe3c84,/path/to/PETS-FFT-Ablation/results/final_unconditional_main_v1/work/PETS_U/Energy/T128/seed_123/checkpoints/checkpoint-10.pt,53e892f62f7dabcf89cdef3928cc897d2b1af9ac86e6c93276db042bf914a537,467.37994170188904,223.26171875,128,FULL
COMPLETE,PETS-U,Energy,128,123,100003,0,4096,"[4096, 128, 28]",082bb1eb0d713e2a35e3d5c819e091f5448db878efcf194430b71b466be6efb6,/path/to/PETS-FFT-Ablation/results/final_unconditional_main_v1/work/PETS_U/Energy/T128/seed_123/checkpoints/checkpoint-10.pt,53e892f62f7dabcf89cdef3928cc897d2b1af9ac86e6c93276db042bf914a537,467.4721055030823,223.10546875,128,FULL
COMPLETE,PETS-U,Energy,128,123,100004,2,4096,"[4096, 128, 28]",5df62705c1c8b25204dad83c088e5544440212c2e42c13877be119496e19098e,/path/to/PETS-FFT-Ablation/results/final_unconditional_main_v1/work/PETS_U/Energy/T128/seed_123/checkpoints/checkpoint-10.pt,53e892f62f7dabcf89cdef3928cc897d2b1af9ac86e6c93276db042bf914a537,468.59331488609314,223.38671875,128,FULL
COMPLETE,Diffusion-TS,Energy,128,0,100000,1,4096,"[4096, 128, 28]",420a671cc8221bff26966317fb7c14375f3881103cfac1e0cb8f97d1241ae0c1,/path/to/PETS-FFT-Ablation/results/final_unconditional_main_v1/work/Diffusion_TS/Energy/T128/seed_0/checkpoints_128/checkpoint-10.pt,bbf7b497e1ebb03483063ec9362cfa208c651dc924b7a5a82565e78dc678e858,256.27517557144165,146.775390625,128,native
COMPLETE,Diffusion-TS,Energy,128,0,100001,0,4096,"[4096, 128, 28]",8b8ef11a7ba05dae499482e58db53c71d57979f3e2c68510233b152d810be0cc,/path/to/PETS-FFT-Ablation/results/final_unconditional_main_v1/work/Diffusion_TS/Energy/T128/seed_0/checkpoints_128/checkpoint-10.pt,bbf7b497e1ebb03483063ec9362cfa208c651dc924b7a5a82565e78dc678e858,258.7752413749695,146.775390625,128,native
COMPLETE,Diffusion-TS,Energy,128,0,100002,2,4096,"[4096, 128, 28]",71d86f00bec4b2eca8ca521d449dc2df57056c4881a798a65eb39565a4d574bb,/path/to/PETS-FFT-Ablation/results/final_unconditional_main_v1/work/Diffusion_TS/Energy/T128/seed_0/checkpoints_128/checkpoint-10.pt,bbf7b497e1ebb03483063ec9362cfa208c651dc924b7a5a82565e78dc678e858,420.62371826171875,147.1640625,128,native
COMPLETE,Diffusion-TS,Energy,128,0,100003,1,4096,"[4096, 128, 28]",31240832f06f70e7a81df6afeb669e32e6097ef255566ddcbe67b3ee0187039b,/path/to/PETS-FFT-Ablation/results/final_unconditional_main_v1/work/Diffusion_TS/Energy/T128/seed_0/checkpoints_128/checkpoint-10.pt,bbf7b497e1ebb03483063ec9362cfa208c651dc924b7a5a82565e78dc678e858,419.78101348876953,147.1640625,128,native
COMPLETE,Diffusion-TS,Energy,128,0,100004,0,4096,"[4096, 128, 28]",82fe2f970e2a21e5c3b19d4a43b8dd614352614a4c459a3fa4927aa6827d14b7,/path/to/PETS-FFT-Ablation/results/final_unconditional_main_v1/work/Diffusion_TS/Energy/T128/seed_0/checkpoints_128/checkpoint-10.pt,bbf7b497e1ebb03483063ec9362cfa208c651dc924b7a5a82565e78dc678e858,418.4902813434601,147.1640625,128,native
COMPLETE,Diffusion-TS,Energy,128,42,100000,0,4096,"[4096, 128, 28]",900b1b0759d5a3fd871ad0df64ac7de0af78244dede70e6696c6ae3199610b8a,/path/to/PETS-FFT-Ablation/results/final_unconditional_main_v1/work/Diffusion_TS/Energy/T128/seed_42/checkpoints_128/checkpoint-10.pt,d85820f961cf5234658ea289f6aedafa4a94e0b4a9dbc15593e3f1e9567c8a69,420.5929458141327,146.775390625,128,native
COMPLETE,Diffusion-TS,Energy,128,42,100001,1,4096,"[4096, 128, 28]",f072ce0ed2acaa98fe36bea134638fe7cd596796c7316b587faf5970ac9d9dba,/path/to/PETS-FFT-Ablation/results/final_unconditional_main_v1/work/Diffusion_TS/Energy/T128/seed_42/checkpoints_128/checkpoint-10.pt,d85820f961cf5234658ea289f6aedafa4a94e0b4a9dbc15593e3f1e9567c8a69,421.3207070827484,146.775390625,128,native
COMPLETE,Diffusion-TS,Energy,128,42,100002,2,4096,"[4096, 128, 28]",9f7567cda4c2b3d2f11f9e5121c25db533698f3891e15cfde2e957dc01be107f,/path/to/PETS-FFT-Ablation/results/final_unconditional_main_v1/work/Diffusion_TS/Energy/T128/seed_42/checkpoints_128/checkpoint-10.pt,d85820f961cf5234658ea289f6aedafa4a94e0b4a9dbc15593e3f1e9567c8a69,421.701744556427,147.1640625,128,native
COMPLETE,Diffusion-TS,Energy,128,42,100003,0,4096,"[4096, 128, 28]",fb003b62d8e53827b2e5218ddbff82b367d04e6c4b105accba61c07bb8f532c4,/path/to/PETS-FFT-Ablation/results/final_unconditional_main_v1/work/Diffusion_TS/Energy/T128/seed_42/checkpoints_128/checkpoint-10.pt,d85820f961cf5234658ea289f6aedafa4a94e0b4a9dbc15593e3f1e9567c8a69,420.0346393585205,147.1640625,128,native
COMPLETE,Diffusion-TS,Energy,128,42,100004,1,4096,"[4096, 128, 28]",9c0ca51b3528df5a85de903fe361c88431e1b412762756408d80fb5e6491cbb6,/path/to/PETS-FFT-Ablation/results/final_unconditional_main_v1/work/Diffusion_TS/Energy/T128/seed_42/checkpoints_128/checkpoint-10.pt,d85820f961cf5234658ea289f6aedafa4a94e0b4a9dbc15593e3f1e9567c8a69,421.27872681617737,147.1640625,128,native
COMPLETE,Diffusion-TS,Energy,128,123,100000,2,4096,"[4096, 128, 28]",044267d24e44b319d77937ecd994c8a1577bf180651c87efb6efb4719b8fb3da,/path/to/PETS-FFT-Ablation/results/final_unconditional_main_v1/work/Diffusion_TS/Energy/T128/seed_123/checkpoints_128/checkpoint-10.pt,cde40fad788eaedce1960dd5e74e949a6654ba5b83dfa6f427f49c39568ec740,420.54318714141846,146.775390625,128,native
COMPLETE,Diffusion-TS,Energy,128,123,100001,0,4096,"[4096, 128, 28]",4ec496fb29eef1ab06d8f518885fd9b1632103ffbe8589c80cc6c592a0f6ba0c,/path/to/PETS-FFT-Ablation/results/final_unconditional_main_v1/work/Diffusion_TS/Energy/T128/seed_123/checkpoints_128/checkpoint-10.pt,cde40fad788eaedce1960dd5e74e949a6654ba5b83dfa6f427f49c39568ec740,415.5153136253357,147.1640625,128,native
COMPLETE,Diffusion-TS,Energy,128,123,100002,1,4096,"[4096, 128, 28]",9bda9caf4c79d683ec6f2585f674b7b9460a793609437294ac40ba470cd3138b,/path/to/PETS-FFT-Ablation/results/final_unconditional_main_v1/work/Diffusion_TS/Energy/T128/seed_123/checkpoints_128/checkpoint-10.pt,cde40fad788eaedce1960dd5e74e949a6654ba5b83dfa6f427f49c39568ec740,421.2163722515106,147.1640625,128,native
COMPLETE,Diffusion-TS,Energy,128,123,100003,2,4096,"[4096, 128, 28]",c6a86f4a9ffca73bd1aeac4a13f427ee46f1114a010a792bc26a37b1e65cfaaa,/path/to/PETS-FFT-Ablation/results/final_unconditional_main_v1/work/Diffusion_TS/Energy/T128/seed_123/checkpoints_128/checkpoint-10.pt,cde40fad788eaedce1960dd5e74e949a6654ba5b83dfa6f427f49c39568ec740,421.6645941734314,147.1640625,128,native
COMPLETE,Diffusion-TS,Energy,128,123,100004,0,4096,"[4096, 128, 28]",7db6096fe1cdb9de994fd3c2f3dd93fbf1c42a81c456e5ebf5c7a3d546417aa0,/path/to/PETS-FFT-Ablation/results/final_unconditional_main_v1/work/Diffusion_TS/Energy/T128/seed_123/checkpoints_128/checkpoint-10.pt,cde40fad788eaedce1960dd5e74e949a6654ba5b83dfa6f427f49c39568ec740,194.7582986354828,147.1640625,128,native
COMPLETE,PETS-U,Energy,64,0,100000,1,4096,"[4096, 64, 28]",5b9c139869091113bd6098672401efc060e66684fd48d138fe9354cc6cb5215b,/path/to/PETS-FFT-Ablation/results/final_unconditional_main_v1/work/PETS_U/Energy/T64/seed_0/checkpoints/checkpoint-10.pt,bf523f5f818438118239656d968181cfe4f4ebd7f1659c1c11527ae0a882f536,297.13510489463806,178.84423828125,128,FULL
COMPLETE,PETS-U,Energy,64,0,100001,2,4096,"[4096, 64, 28]",9ffb4946f857579c06548b88fbf41e8d8fccfec643c69d902f6492864d90b6ec,/path/to/PETS-FFT-Ablation/results/final_unconditional_main_v1/work/PETS_U/Energy/T64/seed_0/checkpoints/checkpoint-10.pt,bf523f5f818438118239656d968181cfe4f4ebd7f1659c1c11527ae0a882f536,297.72245621681213,179.21923828125,128,FULL
COMPLETE,PETS-U,Energy,64,0,100002,0,4096,"[4096, 64, 28]",20dd38ae02db3a3cb74f01ed2610c14a10ee40c5e399731979614a957eea3c93,/path/to/PETS-FFT-Ablation/results/final_unconditional_main_v1/work/PETS_U/Energy/T64/seed_0/checkpoints/checkpoint-10.pt,bf523f5f818438118239656d968181cfe4f4ebd7f1659c1c11527ae0a882f536,293.45025086402893,180.34423828125,128,FULL
COMPLETE,PETS-U,Energy,64,0,100003,1,4096,"[4096, 64, 28]",3b4ffe973cb21ff45ffc47206acea5a37dd8e047fccb71674b7a3b47a98d4cb6,/path/to/PETS-FFT-Ablation/results/final_unconditional_main_v1/work/PETS_U/Energy/T64/seed_0/checkpoints/checkpoint-10.pt,bf523f5f818438118239656d968181cfe4f4ebd7f1659c1c11527ae0a882f536,294.55239033699036,178.84423828125,128,FULL
COMPLETE,PETS-U,Energy,64,0,100004,2,4096,"[4096, 64, 28]",5c359165b3b167d6bb54576e8d1e8d1d9f6022a650231ea1bd40c95567cba511,/path/to/PETS-FFT-Ablation/results/final_unconditional_main_v1/work/PETS_U/Energy/T64/seed_0/checkpoints/checkpoint-10.pt,bf523f5f818438118239656d968181cfe4f4ebd7f1659c1c11527ae0a882f536,294.91337490081787,178.84423828125,128,FULL
COMPLETE,PETS-U,Energy,64,42,100000,0,4096,"[4096, 64, 28]",056f244d84881383816acf2f91c802c0f014df8e503228aa6f5af9d145f276d4,/path/to/PETS-FFT-Ablation/results/final_unconditional_main_v1/work/PETS_U/Energy/T64/seed_42/checkpoints/checkpoint-10.pt,d8f0b8ec197063acf4bd3e295e32aa1926d41a66e83a9d1968ad9b90887468db,294.0413794517517,179.21923828125,128,FULL
COMPLETE,PETS-U,Energy,64,42,100001,1,4096,"[4096, 64, 28]",39b7260655d8eb7a2df063d22f213bb886c1310e02c23739bb5a3f2c14a25d7c,/path/to/PETS-FFT-Ablation/results/final_unconditional_main_v1/work/PETS_U/Energy/T64/seed_42/checkpoints/checkpoint-10.pt,d8f0b8ec197063acf4bd3e295e32aa1926d41a66e83a9d1968ad9b90887468db,295.1386363506317,180.65673828125,128,FULL
COMPLETE,PETS-U,Energy,64,42,100002,2,4096,"[4096, 64, 28]",53efa6fb2d17e7c6be4a814786c8e921cdd94483c29549117cc7e106bcb13288,/path/to/PETS-FFT-Ablation/results/final_unconditional_main_v1/work/PETS_U/Energy/T64/seed_42/checkpoints/checkpoint-10.pt,d8f0b8ec197063acf4bd3e295e32aa1926d41a66e83a9d1968ad9b90887468db,294.80245780944824,180.90673828125,128,FULL
COMPLETE,PETS-U,Energy,64,42,100003,0,4096,"[4096, 64, 28]",1a05077b858d4bdc8024b9eea10ae1ad854a9f9537dba9988f4bc0e9a6182afb,/path/to/PETS-FFT-Ablation/results/final_unconditional_main_v1/work/PETS_U/Energy/T64/seed_42/checkpoints/checkpoint-10.pt,d8f0b8ec197063acf4bd3e295e32aa1926d41a66e83a9d1968ad9b90887468db,293.3835868835449,178.84423828125,128,FULL
COMPLETE,PETS-U,Energy,64,42,100004,1,4096,"[4096, 64, 28]",676fde7d85a2a3ec3e47eeb7cfd0e64f65c093aa4771cf5bb9e06201dde6878f,/path/to/PETS-FFT-Ablation/results/final_unconditional_main_v1/work/PETS_U/Energy/T64/seed_42/checkpoints/checkpoint-10.pt,d8f0b8ec197063acf4bd3e295e32aa1926d41a66e83a9d1968ad9b90887468db,294.99720215797424,179.46923828125,128,FULL
COMPLETE,PETS-U,Energy,64,123,100000,2,4096,"[4096, 64, 28]",3db31a6a4bd8b3a6640dd6b7ef3fe422f8eb479c5e4def1f3fde3cae6dfab7df,/path/to/PETS-FFT-Ablation/results/final_unconditional_main_v1/work/PETS_U/Energy/T64/seed_123/checkpoints/checkpoint-10.pt,6396a84c2a0ea97d0f8caf0fc02e6dd327edb4cdb82c242acd0fcb5e4549f877,295.38983154296875,180.40673828125,128,FULL
COMPLETE,PETS-U,Energy,64,123,100001,0,4096,"[4096, 64, 28]",e35aba46b18b9606c0c959dcd144ca9346b4938133f5075a023fc7201a4a6dae,/path/to/PETS-FFT-Ablation/results/final_unconditional_main_v1/work/PETS_U/Energy/T64/seed_123/checkpoints/checkpoint-10.pt,6396a84c2a0ea97d0f8caf0fc02e6dd327edb4cdb82c242acd0fcb5e4549f877,293.8674077987671,180.34423828125,128,FULL
COMPLETE,PETS-U,Energy,64,123,100002,1,4096,"[4096, 64, 28]",45396f26917eb6e7f20138fa03e27dc6351541242c1c93542a099720f5a778bd,/path/to/PETS-FFT-Ablation/results/final_unconditional_main_v1/work/PETS_U/Energy/T64/seed_123/checkpoints/checkpoint-10.pt,6396a84c2a0ea97d0f8caf0fc02e6dd327edb4cdb82c242acd0fcb5e4549f877,295.32295417785645,178.84423828125,128,FULL
COMPLETE,PETS-U,Energy,64,123,100003,2,4096,"[4096, 64, 28]",d99b24a8c8ce39759a92b8dfb6975236a258395016f1716dd06d7b2307dea724,/path/to/PETS-FFT-Ablation/results/final_unconditional_main_v1/work/PETS_U/Energy/T64/seed_123/checkpoints/checkpoint-10.pt,6396a84c2a0ea97d0f8caf0fc02e6dd327edb4cdb82c242acd0fcb5e4549f877,294.886399269104,179.21923828125,128,FULL
COMPLETE,PETS-U,Energy,64,123,100004,0,4096,"[4096, 64, 28]",021a9daace458b823ec8b6f3b108bf3bf09d306f912341d69606228a94f60070,/path/to/PETS-FFT-Ablation/results/final_unconditional_main_v1/work/PETS_U/Energy/T64/seed_123/checkpoints/checkpoint-10.pt,6396a84c2a0ea97d0f8caf0fc02e6dd327edb4cdb82c242acd0fcb5e4549f877,303.90258598327637,179.59423828125,128,FULL
COMPLETE,Diffusion-TS,Energy,64,0,100000,1,4096,"[4096, 64, 28]",e894fdca7597a52277dbfab5eb39f2394aa54da2e62e0a3b8a012f991d92c4ea,/path/to/PETS-FFT-Ablation/results/final_unconditional_main_v1/work/Diffusion_TS/Energy/T64/seed_0/checkpoints_64/checkpoint-10.pt,336c44c63d7e95e4394e0aeb794356758efc2fa900d695479c31cd691ecd6cf5,227.91859769821167,169.33642578125,128,native
COMPLETE,Diffusion-TS,Energy,64,0,100001,2,4096,"[4096, 64, 28]",65c0fd8ab10fb4849cb8d87a2b48f4834a50ab0072986ffc158f1576ef703003,/path/to/PETS-FFT-Ablation/results/final_unconditional_main_v1/work/Diffusion_TS/Energy/T64/seed_0/checkpoints_64/checkpoint-10.pt,336c44c63d7e95e4394e0aeb794356758efc2fa900d695479c31cd691ecd6cf5,218.52122402191162,169.33642578125,128,native
COMPLETE,Diffusion-TS,Energy,64,0,100002,0,4096,"[4096, 64, 28]",639670711b50478ac77c495df203ac3a80b48612b51e226c43d6bb1fa5e80fef,/path/to/PETS-FFT-Ablation/results/final_unconditional_main_v1/work/Diffusion_TS/Energy/T64/seed_0/checkpoints_64/checkpoint-10.pt,336c44c63d7e95e4394e0aeb794356758efc2fa900d695479c31cd691ecd6cf5,414.66993594169617,169.33642578125,128,native
COMPLETE,Diffusion-TS,Energy,64,0,100003,2,4096,"[4096, 64, 28]",927fb8ec58f6312c6454420e2d46a19900ab6b7883f887d4bd98c34635dcf26b,/path/to/PETS-FFT-Ablation/results/final_unconditional_main_v1/work/Diffusion_TS/Energy/T64/seed_0/checkpoints_64/checkpoint-10.pt,336c44c63d7e95e4394e0aeb794356758efc2fa900d695479c31cd691ecd6cf5,415.3266019821167,169.33642578125,128,native
COMPLETE,Diffusion-TS,Energy,64,0,100004,1,4096,"[4096, 64, 28]",a1056254d228cba8d34f615b135cd51ad98531b018f210a24061cfd54be9e246,/path/to/PETS-FFT-Ablation/results/final_unconditional_main_v1/work/Diffusion_TS/Energy/T64/seed_0/checkpoints_64/checkpoint-10.pt,336c44c63d7e95e4394e0aeb794356758efc2fa900d695479c31cd691ecd6cf5,419.4160315990448,169.33642578125,128,native
COMPLETE,Diffusion-TS,Energy,64,42,100000,0,4096,"[4096, 64, 28]",7ff244d602c0f6afdec471d87887f5bc501aae3b99065081f8e82a1280bd2bbb,/path/to/PETS-FFT-Ablation/results/final_unconditional_main_v1/work/Diffusion_TS/Energy/T64/seed_42/checkpoints_64/checkpoint-10.pt,6c1da7e6825becf3017c85e0b66a39e2cbc19e1af1c520acba34e6ad8a42c2b9,414.3760917186737,169.33642578125,128,native
COMPLETE,Diffusion-TS,Energy,64,42,100001,2,4096,"[4096, 64, 28]",e7605d732d74206276da1542cf93ddcf12e4301100ee39a8a527c32094e47ac1,/path/to/PETS-FFT-Ablation/results/final_unconditional_main_v1/work/Diffusion_TS/Energy/T64/seed_42/checkpoints_64/checkpoint-10.pt,6c1da7e6825becf3017c85e0b66a39e2cbc19e1af1c520acba34e6ad8a42c2b9,414.1270945072174,169.33642578125,128,native
COMPLETE,Diffusion-TS,Energy,64,42,100002,1,4096,"[4096, 64, 28]",5cf3b20e13956bcdd7bbe11d007dcc8ac81d6206931009796fc366b9ee9382a6,/path/to/PETS-FFT-Ablation/results/final_unconditional_main_v1/work/Diffusion_TS/Energy/T64/seed_42/checkpoints_64/checkpoint-10.pt,6c1da7e6825becf3017c85e0b66a39e2cbc19e1af1c520acba34e6ad8a42c2b9,415.3250660896301,169.33642578125,128,native
COMPLETE,Diffusion-TS,Energy,64,42,100003,0,4096,"[4096, 64, 28]",30ecb3be2b8ba46d9e62e40425e3cc481fbdb0ccc64e768f19eed4cafe943fe4,/path/to/PETS-FFT-Ablation/results/final_unconditional_main_v1/work/Diffusion_TS/Energy/T64/seed_42/checkpoints_64/checkpoint-10.pt,6c1da7e6825becf3017c85e0b66a39e2cbc19e1af1c520acba34e6ad8a42c2b9,422.58787059783936,169.33642578125,128,native
COMPLETE,Diffusion-TS,Energy,64,42,100004,2,4096,"[4096, 64, 28]",c5e378319b90864454e078be03d98d86859e4733e14d6c4adfa234960d0cb5de,/path/to/PETS-FFT-Ablation/results/final_unconditional_main_v1/work/Diffusion_TS/Energy/T64/seed_42/checkpoints_64/checkpoint-10.pt,6c1da7e6825becf3017c85e0b66a39e2cbc19e1af1c520acba34e6ad8a42c2b9,405.8145537376404,169.33642578125,128,native
COMPLETE,Diffusion-TS,Energy,64,123,100000,1,4096,"[4096, 64, 28]",3de19e5b9ed79d4c49d1ccaf70434cfb01b15136cbcc517483298a7c947ec3ef,/path/to/PETS-FFT-Ablation/results/final_unconditional_main_v1/work/Diffusion_TS/Energy/T64/seed_123/checkpoints_64/checkpoint-10.pt,f133759f6738a08bcf17a728e59bccd3acfae5d5211dafafd4dc6fdcea422464,407.8684751987457,169.33642578125,128,native
COMPLETE,Diffusion-TS,Energy,64,123,100001,0,4096,"[4096, 64, 28]",f4efebf2275be445e89fe56ac020dc0f2cb2a0500ebf83a90da8ab9c8509a04d,/path/to/PETS-FFT-Ablation/results/final_unconditional_main_v1/work/Diffusion_TS/Energy/T64/seed_123/checkpoints_64/checkpoint-10.pt,f133759f6738a08bcf17a728e59bccd3acfae5d5211dafafd4dc6fdcea422464,427.02295875549316,169.33642578125,128,native
COMPLETE,Diffusion-TS,Energy,64,123,100002,2,4096,"[4096, 64, 28]",173c0c6a7b6d729e8216b9c8c39c043dfa6b01f8c0872e93aa50e3f312b669be,/path/to/PETS-FFT-Ablation/results/final_unconditional_main_v1/work/Diffusion_TS/Energy/T64/seed_123/checkpoints_64/checkpoint-10.pt,f133759f6738a08bcf17a728e59bccd3acfae5d5211dafafd4dc6fdcea422464,408.09353160858154,169.33642578125,128,native
COMPLETE,Diffusion-TS,Energy,64,123,100003,1,4096,"[4096, 64, 28]",41e7dfdecbfccda1d576d441cc9239729e84adfecdd881f311381b817be10044,/path/to/PETS-FFT-Ablation/results/final_unconditional_main_v1/work/Diffusion_TS/Energy/T64/seed_123/checkpoints_64/checkpoint-10.pt,f133759f6738a08bcf17a728e59bccd3acfae5d5211dafafd4dc6fdcea422464,412.5918915271759,169.33642578125,128,native
COMPLETE,Diffusion-TS,Energy,64,123,100004,2,4096,"[4096, 64, 28]",0f3b18e283b6491230ebd6223a4ca1d30ac1bc032860c81659c0726c977ddea1,/path/to/PETS-FFT-Ablation/results/final_unconditional_main_v1/work/Diffusion_TS/Energy/T64/seed_123/checkpoints_64/checkpoint-10.pt,f133759f6738a08bcf17a728e59bccd3acfae5d5211dafafd4dc6fdcea422464,134.9427409172058,169.33642578125,128,native
COMPLETE,PETS-U,Energy,256,0,100000,0,4096,"[4096, 256, 28]",a3e7acd00bd426edfbec326fb770e04499f8fd9770c23d9a0e2f80ff0d7bdb25,/path/to/PETS-FFT-Ablation/results/final_unconditional_main_v1/work/PETS_U/Energy/T256/seed_0/checkpoints/checkpoint-10.pt,67e2d1b676ae30887ab0e9df729628b0696b6460e85247f1bb50304917f03c71,960.6673798561096,405.9033203125,128,FULL
COMPLETE,PETS-U,Energy,256,0,100001,1,4096,"[4096, 256, 28]",ef00a3a1e7f8bd1211d88eaf3ab342456cb24ba92129c45b818896da5a43e28c,/path/to/PETS-FFT-Ablation/results/final_unconditional_main_v1/work/PETS_U/Energy/T256/seed_0/checkpoints/checkpoint-10.pt,67e2d1b676ae30887ab0e9df729628b0696b6460e85247f1bb50304917f03c71,960.8344321250916,405.9033203125,128,FULL
COMPLETE,PETS-U,Energy,256,0,100002,2,4096,"[4096, 256, 28]",60f28a2768cec24408866a714dcbee904114c85e4109152666afafd6ac59a350,/path/to/PETS-FFT-Ablation/results/final_unconditional_main_v1/work/PETS_U/Energy/T256/seed_0/checkpoints/checkpoint-10.pt,67e2d1b676ae30887ab0e9df729628b0696b6460e85247f1bb50304917f03c71,960.990651845932,405.9033203125,128,FULL
COMPLETE,PETS-U,Energy,256,0,100003,0,4096,"[4096, 256, 28]",1f8a304cbf2335f27d349c8e7b20fbb417f8df04bf27f85ea8f16ca0103c7a3d,/path/to/PETS-FFT-Ablation/results/final_unconditional_main_v1/work/PETS_U/Energy/T256/seed_0/checkpoints/checkpoint-10.pt,67e2d1b676ae30887ab0e9df729628b0696b6460e85247f1bb50304917f03c71,960.1468217372894,405.9033203125,128,FULL
COMPLETE,PETS-U,Energy,256,0,100004,1,4096,"[4096, 256, 28]",b0fa2ceb04b48df617b73fe97eed9ee3f9a4a210fcd4e8afd786791a2f2f41c2,/path/to/PETS-FFT-Ablation/results/final_unconditional_main_v1/work/PETS_U/Energy/T256/seed_0/checkpoints/checkpoint-10.pt,67e2d1b676ae30887ab0e9df729628b0696b6460e85247f1bb50304917f03c71,960.9651474952698,405.9033203125,128,FULL
COMPLETE,PETS-U,Energy,256,42,100000,2,4096,"[4096, 256, 28]",d92ba08b7e977e87403f9932a42c1426c12b19e7d557b94de2fa45c7d3bc9b07,/path/to/PETS-FFT-Ablation/results/final_unconditional_main_v1/work/PETS_U/Energy/T256/seed_42/checkpoints/checkpoint-10.pt,f7fd1833f3b4a780794c9bce58bd61efaf587a2a6813de9fa1ab9e64e2b29af1,959.1291880607605,405.9033203125,128,FULL
COMPLETE,PETS-U,Energy,256,42,100001,0,4096,"[4096, 256, 28]",86e4a378e626ca8a5c120e95b7677502a8a32d7da443268c1c1015e54f8ec19b,/path/to/PETS-FFT-Ablation/results/final_unconditional_main_v1/work/PETS_U/Energy/T256/seed_42/checkpoints/checkpoint-10.pt,f7fd1833f3b4a780794c9bce58bd61efaf587a2a6813de9fa1ab9e64e2b29af1,959.0096442699432,405.9033203125,128,FULL
COMPLETE,PETS-U,Energy,256,42,100002,1,4096,"[4096, 256, 28]",f0e521bf199fdf99218d73e9f41f3169c9a778be5221831b7de93997b913d8c4,/path/to/PETS-FFT-Ablation/results/final_unconditional_main_v1/work/PETS_U/Energy/T256/seed_42/checkpoints/checkpoint-10.pt,f7fd1833f3b4a780794c9bce58bd61efaf587a2a6813de9fa1ab9e64e2b29af1,959.5303361415863,405.9033203125,128,FULL
COMPLETE,PETS-U,Energy,256,42,100003,2,4096,"[4096, 256, 28]",9ff321fda7cae5bed983e99e887dc96d4ecc42bc749fda2cc223f5d182e80df6,/path/to/PETS-FFT-Ablation/results/final_unconditional_main_v1/work/PETS_U/Energy/T256/seed_42/checkpoints/checkpoint-10.pt,f7fd1833f3b4a780794c9bce58bd61efaf587a2a6813de9fa1ab9e64e2b29af1,959.2951555252075,405.9033203125,128,FULL
COMPLETE,PETS-U,Energy,256,42,100004,0,4096,"[4096, 256, 28]",87dfed4b72bb35eb3ab4df43627d971142b6894e385c8fbaa1300999b6bb7da2,/path/to/PETS-FFT-Ablation/results/final_unconditional_main_v1/work/PETS_U/Energy/T256/seed_42/checkpoints/checkpoint-10.pt,f7fd1833f3b4a780794c9bce58bd61efaf587a2a6813de9fa1ab9e64e2b29af1,958.4682374000549,405.9033203125,128,FULL
COMPLETE,PETS-U,Energy,256,123,100000,1,4096,"[4096, 256, 28]",f3ff220e476cb4c0893ebe5fe7c4716db5327834d374512533acbce5657c42d1,/path/to/PETS-FFT-Ablation/results/final_unconditional_main_v1/work/PETS_U/Energy/T256/seed_123/checkpoints/checkpoint-10.pt,0f98194d31293cc9da4ae909384cf3ee498d14d15c669f8dc40dab5874c5d943,958.5885319709778,405.9033203125,128,FULL
COMPLETE,PETS-U,Energy,256,123,100001,2,4096,"[4096, 256, 28]",fa17092f64da581ffdf8bb8ac792601a31ddcfe6771b13c31edcf57e3651dd59,/path/to/PETS-FFT-Ablation/results/final_unconditional_main_v1/work/PETS_U/Energy/T256/seed_123/checkpoints/checkpoint-10.pt,0f98194d31293cc9da4ae909384cf3ee498d14d15c669f8dc40dab5874c5d943,959.4193644523621,405.9033203125,128,FULL
COMPLETE,PETS-U,Energy,256,123,100002,0,4096,"[4096, 256, 28]",32e32431b198e2b02a4306e889d82ee94f179af438b950b65735e06c0810eb21,/path/to/PETS-FFT-Ablation/results/final_unconditional_main_v1/work/PETS_U/Energy/T256/seed_123/checkpoints/checkpoint-10.pt,0f98194d31293cc9da4ae909384cf3ee498d14d15c669f8dc40dab5874c5d943,957.9611456394196,405.9033203125,128,FULL
COMPLETE,PETS-U,Energy,256,123,100003,1,4096,"[4096, 256, 28]",72cf6f845f16f0dba0d921533442bd7715fb86b872a4b4509ad91ebb701bc338,/path/to/PETS-FFT-Ablation/results/final_unconditional_main_v1/work/PETS_U/Energy/T256/seed_123/checkpoints/checkpoint-10.pt,0f98194d31293cc9da4ae909384cf3ee498d14d15c669f8dc40dab5874c5d943,958.686398267746,405.9033203125,128,FULL
COMPLETE,PETS-U,Energy,256,123,100004,2,4096,"[4096, 256, 28]",c5a9a6f87063d59a21fa7d9a671345b1ba59f9e0c326ac75178f80b1f5f5e132,/path/to/PETS-FFT-Ablation/results/final_unconditional_main_v1/work/PETS_U/Energy/T256/seed_123/checkpoints/checkpoint-10.pt,0f98194d31293cc9da4ae909384cf3ee498d14d15c669f8dc40dab5874c5d943,960.0502834320068,405.9033203125,128,FULL
COMPLETE,Diffusion-TS,Energy,256,0,100000,0,4096,"[4096, 256, 28]",4324b0ebbcfa7a75b1ac92e5d1dd2efc4d0e52462d8f0500a02c5b151290e627,/path/to/PETS-FFT-Ablation/results/final_unconditional_main_v1/work/Diffusion_TS/Energy/T256/seed_0/checkpoints_256/checkpoint-10.pt,49b8adf646e0059991ed424cb7f8227b8dd45c7f50703083ae1784e804cb6c48,544.5712885856628,426.99462890625,128,native
COMPLETE,Diffusion-TS,Energy,256,0,100001,1,4096,"[4096, 256, 28]",1244e75109996c20886e009e1e0e250945e09f062de82f8f0043aed3a0fe8fb9,/path/to/PETS-FFT-Ablation/results/final_unconditional_main_v1/work/Diffusion_TS/Energy/T256/seed_0/checkpoints_256/checkpoint-10.pt,49b8adf646e0059991ed424cb7f8227b8dd45c7f50703083ae1784e804cb6c48,554.8923342227936,426.99462890625,128,native
COMPLETE,Diffusion-TS,Energy,256,0,100002,2,4096,"[4096, 256, 28]",bc034830620b9472fba3c2fb6d45245a0d47cba64a4ff1af0dec22ace37a334e,/path/to/PETS-FFT-Ablation/results/final_unconditional_main_v1/work/Diffusion_TS/Energy/T256/seed_0/checkpoints_256/checkpoint-10.pt,49b8adf646e0059991ed424cb7f8227b8dd45c7f50703083ae1784e804cb6c48,587.7413845062256,426.99462890625,128,native
COMPLETE,Diffusion-TS,Energy,256,0,100003,0,4096,"[4096, 256, 28]",d4b17754bb8c847aab25c1998ab42eb98c2078c237d6e56804319f4f81700803,/path/to/PETS-FFT-Ablation/results/final_unconditional_main_v1/work/Diffusion_TS/Energy/T256/seed_0/checkpoints_256/checkpoint-10.pt,49b8adf646e0059991ed424cb7f8227b8dd45c7f50703083ae1784e804cb6c48,587.2866544723511,426.99462890625,128,native
COMPLETE,Diffusion-TS,Energy,256,0,100004,1,4096,"[4096, 256, 28]",fa44d0e575948cad899a2c28480bc77dee171b2ee48bd5cd9693ef4fa0af94af,/path/to/PETS-FFT-Ablation/results/final_unconditional_main_v1/work/Diffusion_TS/Energy/T256/seed_0/checkpoints_256/checkpoint-10.pt,49b8adf646e0059991ed424cb7f8227b8dd45c7f50703083ae1784e804cb6c48,589.4655451774597,426.99462890625,128,native
COMPLETE,Diffusion-TS,Energy,256,42,100000,2,4096,"[4096, 256, 28]",7d3b7d779f3043253da56dc781b53c7059c49933ff3e7d5ad0e06d82824a6a46,/path/to/PETS-FFT-Ablation/results/final_unconditional_main_v1/work/Diffusion_TS/Energy/T256/seed_42/checkpoints_256/checkpoint-10.pt,df6731ec5c73dd71e52af3812339a662c8d965bb8acae49edf7a160d2baccb38,588.9863979816437,426.99462890625,128,native
COMPLETE,Diffusion-TS,Energy,256,42,100001,0,4096,"[4096, 256, 28]",d5559b5ab3ca4ec92da0be7eff31a477ab0c1f8fdcd5d9035eeddc0016a3300e,/path/to/PETS-FFT-Ablation/results/final_unconditional_main_v1/work/Diffusion_TS/Energy/T256/seed_42/checkpoints_256/checkpoint-10.pt,df6731ec5c73dd71e52af3812339a662c8d965bb8acae49edf7a160d2baccb38,583.0987772941589,426.99462890625,128,native
COMPLETE,Diffusion-TS,Energy,256,42,100002,1,4096,"[4096, 256, 28]",8ff69c54c46ac0e5a12e4faf44d889e1e117365c88c346c8730224a5bb3f1368,/path/to/PETS-FFT-Ablation/results/final_unconditional_main_v1/work/Diffusion_TS/Energy/T256/seed_42/checkpoints_256/checkpoint-10.pt,df6731ec5c73dd71e52af3812339a662c8d965bb8acae49edf7a160d2baccb38,591.208446264267,426.99462890625,128,native
COMPLETE,Diffusion-TS,Energy,256,42,100003,2,4096,"[4096, 256, 28]",fff9f293872ec8f421d9bc28179a147d49fc96f941c202492eaaebdc7f6d2a9e,/path/to/PETS-FFT-Ablation/results/final_unconditional_main_v1/work/Diffusion_TS/Energy/T256/seed_42/checkpoints_256/checkpoint-10.pt,df6731ec5c73dd71e52af3812339a662c8d965bb8acae49edf7a160d2baccb38,589.3267772197723,426.99462890625,128,native
COMPLETE,Diffusion-TS,Energy,256,42,100004,0,4096,"[4096, 256, 28]",a12c903027b821cc5b312f3e8ed2dd4baef24db50bfbde5742bdd8238d05be6d,/path/to/PETS-FFT-Ablation/results/final_unconditional_main_v1/work/Diffusion_TS/Energy/T256/seed_42/checkpoints_256/checkpoint-10.pt,df6731ec5c73dd71e52af3812339a662c8d965bb8acae49edf7a160d2baccb38,586.853946685791,426.99462890625,128,native
COMPLETE,Diffusion-TS,Energy,256,123,100000,1,4096,"[4096, 256, 28]",b4b2f13ee711ae28ad3544fee70997b3649f2f2e79d1a130fb17d304e88f7277,/path/to/PETS-FFT-Ablation/results/final_unconditional_main_v1/work/Diffusion_TS/Energy/T256/seed_123/checkpoints_256/checkpoint-10.pt,f7e229c25003a1cf5925c110a8f39fcf60217fc205816915b8ae7d5e8ee21750,591.4806144237518,426.99462890625,128,native
COMPLETE,Diffusion-TS,Energy,256,123,100001,2,4096,"[4096, 256, 28]",c5d0d58a5abe36bcf24aa90794dc3476694730f1951d0521d79e587dd785e292,/path/to/PETS-FFT-Ablation/results/final_unconditional_main_v1/work/Diffusion_TS/Energy/T256/seed_123/checkpoints_256/checkpoint-10.pt,f7e229c25003a1cf5925c110a8f39fcf60217fc205816915b8ae7d5e8ee21750,588.8246960639954,426.99462890625,128,native
COMPLETE,Diffusion-TS,Energy,256,123,100002,0,4096,"[4096, 256, 28]",d55e0bbd732d6f9a623c4c8d6116fc559cd5945b9cd43bd9f23f12f776b0a132,/path/to/PETS-FFT-Ablation/results/final_unconditional_main_v1/work/Diffusion_TS/Energy/T256/seed_123/checkpoints_256/checkpoint-10.pt,f7e229c25003a1cf5925c110a8f39fcf60217fc205816915b8ae7d5e8ee21750,588.0236966609955,426.99462890625,128,native
COMPLETE,Diffusion-TS,Energy,256,123,100003,1,4096,"[4096, 256, 28]",6a0290626282f24e87c89be3c6a33138d7700cef499c82704faf19ac82092a06,/path/to/PETS-FFT-Ablation/results/final_unconditional_main_v1/work/Diffusion_TS/Energy/T256/seed_123/checkpoints_256/checkpoint-10.pt,f7e229c25003a1cf5925c110a8f39fcf60217fc205816915b8ae7d5e8ee21750,579.9183337688446,426.99462890625,128,native
COMPLETE,Diffusion-TS,Energy,256,123,100004,2,4096,"[4096, 256, 28]",725d2df73965ea51e3996965d36d932bfbd251366d9d59aafce85ec067fb3c72,/path/to/PETS-FFT-Ablation/results/final_unconditional_main_v1/work/Diffusion_TS/Energy/T256/seed_123/checkpoints_256/checkpoint-10.pt,f7e229c25003a1cf5925c110a8f39fcf60217fc205816915b8ae7d5e8ee21750,527.2060298919678,426.99462890625,128,native
