evaluation_order,source_window_index
0,5
1,7
2,8
3,12
4,14
5,16
6,17
7,21
8,22
9,23
10,24
11,26
12,27
13,34
14,37
15,38
16,42
17,45
18,50
19,51
20,53
21,55
22,56
23,57
24,60
25,61
26,63
27,69
28,72
29,73
30,75
31,76
32,77
33,82
34,84
35,89
36,90
37,96
38,97
39,100
40,101
41,102
42,103
43,105
44,108
45,110
46,112
47,113
48,114
49,117
50,118
51,120
52,121
53,122
54,124
55,127
56,128
57,129
58,133
59,135
60,136
61,140
62,141
63,142
64,143
65,145
66,147
67,148
68,150
69,151
70,152
71,154
72,155
73,156
74,159
75,162
76,166
77,167
78,168
79,171
80,173
81,175
82,177
83,180
84,183
85,186
86,189
87,192
88,195
89,196
90,201
91,205
92,208
93,209
94,210
95,211
96,213
97,214
98,216
99,220
100,221
101,224
102,228
103,230
104,231
105,232
106,233
107,234
108,235
109,238
110,240
111,241
112,247
113,249
114,250
115,251
116,254
117,260
118,262
119,264
120,271
121,274
122,276
123,277
124,279
125,280
126,285
127,287
128,290
129,295
130,296
131,298
132,300
133,303
134,306
135,310
136,313
137,314
138,316
139,317
140,320
141,322
142,323
143,326
144,327
145,328
146,330
147,332
148,334
149,336
150,337
151,338
152,339
153,343
154,345
155,347
156,350
157,351
158,353
159,355
160,357
161,359
162,360
163,361
164,362
165,366
166,367
167,373
168,375
169,376
170,377
171,378
172,379
173,381
174,382
175,383
176,384
177,390
178,391
179,392
180,395
181,397
182,400
183,402
184,404
185,405
186,407
187,409
188,410
189,412
190,419
191,420
192,421
193,423
194,424
195,425
196,426
197,427
198,428
199,431
200,435
201,436
202,441
203,446
204,449
205,452
206,455
207,457
208,458
209,459
210,460
211,461
212,465
213,468
214,470
215,472
216,473
217,475
218,478
219,479
220,481
221,482
222,483
223,484
224,485
225,486
226,488
227,490
228,494
229,496
230,500
231,501
232,502
233,503
234,504
235,507
236,508
237,510
238,511
239,514
240,515
241,516
242,517
243,523
244,525
245,526
246,530
247,534
248,535
249,541
250,542
251,544
252,548
253,549
254,552
255,553
256,554
257,557
258,559
259,560
260,563
261,565
262,566
263,569
264,571
265,572
266,575
267,576
268,578
269,579
270,581
271,582
272,583
273,584
274,587
275,588
276,590
277,591
278,592
279,593
280,595
281,598
282,601
283,605
284,608
285,609
286,611
287,613
288,614
289,615
290,616
291,617
292,622
293,623
294,624
295,625
296,628
297,630
298,632
299,633
300,637
301,638
302,641
303,642
304,643
305,644
306,649
307,651
308,653
309,655
310,656
311,657
312,658
313,659
314,660
315,661
316,665
317,668
318,669
319,670
320,676
321,679
322,680
323,684
324,686
325,688
326,689
327,696
328,699
329,701
330,702
331,704
332,705
333,710
334,711
335,712
336,714
337,715
338,716
339,719
340,722
341,723
342,725
343,726
344,728
345,730
346,731
347,732
348,733
349,735
350,737
351,739
352,741
353,742
354,743
355,747
356,748
357,749
358,753
359,755
360,759
361,761
362,762
363,764
364,765
365,766
366,767
367,769
368,771
369,773
370,776
371,777
372,781
373,783
374,785
375,787
376,790
377,793
378,796
379,799
380,800
381,803
382,804
383,808
384,810
385,811
386,814
387,815
388,816
389,820
390,821
391,822
392,824
393,825
394,830
395,833
396,841
397,842
398,847
399,849
400,850
401,851
402,852
403,853
404,856
405,857
406,859
407,860
408,862
409,864
410,865
411,866
412,869
413,870
414,871
415,872
416,875
417,877
418,881
419,883
420,886
421,890
422,891
423,892
424,895
425,896
426,898
427,899
428,901
429,902
430,903
431,905
432,913
433,915
434,919
435,923
436,928
437,929
438,930
439,932
440,934
441,935
442,944
443,947
444,948
445,953
446,956
447,957
448,960
449,967
450,970
451,972
452,974
453,975
454,977
455,978
456,980
457,984
458,985
459,986
460,990
461,993
462,994
463,997
464,998
465,1003
466,1004
467,1007
468,1008
469,1009
470,1010
471,1020
472,1022
473,1023
474,1024
475,1025
476,1026
477,1028
478,1029
479,1030
480,1032
481,1033
482,1034
483,1036
484,1037
485,1039
486,1043
487,1045
488,1046
489,1051
490,1054
491,1058
492,1061
493,1062
494,1063
495,1064
496,1066
497,1068
498,1069
499,1071
500,1073
501,1075
502,1076
503,1078
504,1080
505,1082
506,1084
507,1093
508,1096
509,1098
510,1100
511,1101
512,1102
513,1104
514,1109
515,1110
516,1112
517,1113
518,1114
519,1115
520,1116
521,1118
522,1122
523,1123
524,1125
525,1126
526,1127
527,1128
528,1131
529,1133
530,1134
531,1135
532,1137
533,1138
534,1142
535,1143
536,1144
537,1145
538,1148
539,1149
540,1151
541,1153
542,1156
543,1159
544,1164
545,1166
546,1168
547,1170
548,1171
549,1173
550,1174
551,1176
552,1178
553,1179
554,1180
555,1183
556,1185
557,1187
558,1189
559,1190
560,1192
561,1194
562,1195
563,1196
564,1199
565,1201
566,1202
567,1204
568,1210
569,1211
570,1212
571,1214
572,1215
573,1216
574,1217
575,1219
576,1224
577,1226
578,1227
579,1228
580,1233
581,1234
582,1235
583,1237
584,1238
585,1239
586,1240
587,1242
588,1248
589,1251
590,1252
591,1253
592,1257
593,1258
594,1261
595,1262
596,1268
597,1276
598,1277
599,1279
600,1280
601,1287
602,1288
603,1290
604,1292
605,1296
606,1300
607,1301
608,1302
609,1305
610,1307
611,1308
612,1311
613,1312
614,1314
615,1317
616,1320
617,1321
618,1324
619,1325
620,1327
621,1328
622,1331
623,1332
624,1333
625,1335
626,1336
627,1337
628,1343
629,1344
630,1345
631,1346
632,1347
633,1348
634,1349
635,1352
636,1354
637,1356
638,1360
639,1367
640,1369
641,1370
642,1371
643,1376
644,1377
645,1380
646,1381
647,1382
648,1383
649,1385
650,1386
651,1387
652,1388
653,1389
654,1390
655,1393
656,1396
657,1399
658,1406
659,1408
660,1409
661,1410
662,1413
663,1415
664,1416
665,1419
666,1421
667,1422
668,1424
669,1426
670,1430
671,1432
672,1433
673,1434
674,1435
675,1436
676,1440
677,1442
678,1443
679,1444
680,1446
681,1447
682,1448
683,1455
684,1456
685,1459
686,1460
687,1466
688,1469
689,1472
690,1474
691,1475
692,1476
693,1477
694,1481
695,1485
696,1486
697,1488
698,1491
699,1493
700,1496
701,1499
702,1500
703,1504
704,1507
705,1510
706,1511
707,1513
708,1514
709,1515
710,1519
711,1521
712,1524
713,1528
714,1529
715,1532
716,1533
717,1534
718,1535
719,1536
720,1537
721,1538
722,1542
723,1546
724,1555
725,1562
726,1564
727,1567
728,1570
729,1571
730,1572
731,1578
732,1579
733,1581
734,1584
735,1588
736,1589
737,1592
738,1594
739,1598
740,1599
741,1605
742,1608
743,1610
744,1611
745,1612
746,1619
747,1622
748,1623
749,1625
750,1626
751,1630
752,1631
753,1634
754,1635
755,1637
756,1639
757,1640
758,1643
759,1645
760,1646
761,1647
762,1649
763,1650
764,1651
765,1652
766,1656
767,1658
768,1661
769,1663
770,1665
771,1669
772,1672
773,1675
774,1677
775,1684
776,1688
777,1691
778,1692
779,1695
780,1696
781,1698
782,1701
783,1713
784,1715
785,1717
786,1721
787,1724
788,1725
789,1726
790,1729
791,1730
792,1731
793,1733
794,1735
795,1736
796,1737
797,1739
798,1740
799,1741
800,1743
801,1744
802,1748
803,1755
804,1760
805,1763
806,1765
807,1767
808,1771
809,1778
810,1779
811,1780
812,1781
813,1782
814,1783
815,1784
816,1785
817,1787
818,1789
819,1791
820,1793
821,1794
822,1796
823,1799
824,1803
825,1804
826,1806
827,1809
828,1810
829,1811
830,1812
831,1813
832,1814
833,1816
834,1818
835,1819
836,1822
837,1823
838,1828
839,1829
840,1833
841,1834
842,1840
843,1841
844,1842
845,1843
846,1844
847,1848
848,1850
849,1851
850,1852
851,1853
852,1854
853,1855
854,1860
855,1861
856,1862
857,1869
858,1872
859,1874
860,1877
861,1878
862,1879
863,1880
864,1883
865,1886
866,1890
867,1891
868,1894
869,1895
870,1896
871,1899
872,1903
873,1904
874,1905
875,1906
876,1911
877,1912
878,1913
879,1915
880,1921
881,1922
882,1923
883,1924
884,1926
885,1927
886,1930
887,1931
888,1935
889,1936
890,1940
891,1941
892,1942
893,1944
894,1946
895,1949
896,1950
897,1951
898,1954
899,1956
900,1961
901,1963
902,1964
903,1967
904,1970
905,1973
906,1978
907,1979
908,1981
909,1984
910,1985
911,1987
912,1989
913,1990
914,1996
915,1998
916,2002
917,2003
918,2005
919,2008
920,2010
921,2013
922,2018
923,2019
924,2024
925,2025
926,2030
927,2031
928,2038
929,2039
930,2043
931,2046
932,2047
933,2048
934,2049
935,2053
936,2056
937,2058
938,2059
939,2062
940,2065
941,2066
942,2070
943,2071
944,2072
945,2076
946,2078
947,2079
948,2081
949,2084
950,2085
951,2088
952,2090
953,2094
954,2095
955,2100
956,2101
957,2103
958,2104
959,2105
960,2106
961,2107
962,2108
963,2111
964,2112
965,2113
966,2117
967,2118
968,2121
969,2123
970,2125
971,2126
972,2130
973,2132
974,2133
975,2134
976,2135
977,2136
978,2137
979,2140
980,2142
981,2147
982,2148
983,2149
984,2151
985,2152
986,2154
987,2157
988,2158
989,2159
990,2160
991,2166
992,2168
993,2169
994,2172
995,2176
996,2179
997,2180
998,2182
999,2186
1000,2187
1001,2188
1002,2195
1003,2197
1004,2198
1005,2200
1006,2201
1007,2202
1008,2203
1009,2205
1010,2210
1011,2211
1012,2215
1013,2217
1014,2219
1015,2229
1016,2231
1017,2235
1018,2236
1019,2237
1020,2238
1021,2244
1022,2246
1023,2249
1024,2251
1025,2252
1026,2256
1027,2260
1028,2261
1029,2267
1030,2268
1031,2269
1032,2271
1033,2273
1034,2276
1035,2285
1036,2287
1037,2290
1038,2293
1039,2294
1040,2300
1041,2305
1042,2306
1043,2308
1044,2313
1045,2315
1046,2321
1047,2323
1048,2326
1049,2329
1050,2331
1051,2332
1052,2339
1053,2340
1054,2348
1055,2354
1056,2357
1057,2359
1058,2363
1059,2364
1060,2365
1061,2367
1062,2368
1063,2369
1064,2370
1065,2372
1066,2373
1067,2375
1068,2376
1069,2377
1070,2379
1071,2381
1072,2382
1073,2388
1074,2392
1075,2396
1076,2398
1077,2400
1078,2402
1079,2403
1080,2409
1081,2411
1082,2415
1083,2419
1084,2425
1085,2431
1086,2432
1087,2438
1088,2440
1089,2441
1090,2442
1091,2443
1092,2445
1093,2446
1094,2451
1095,2452
1096,2453
1097,2454
1098,2456
1099,2458
1100,2460
1101,2462
1102,2463
1103,2466
1104,2467
1105,2468
1106,2470
1107,2473
1108,2475
1109,2479
1110,2481
1111,2483
1112,2484
1113,2489
1114,2490
1115,2493
1116,2494
1117,2495
1118,2496
1119,2497
1120,2503
1121,2505
1122,2507
1123,2508
1124,2509
1125,2511
1126,2514
1127,2515
1128,2516
1129,2521
1130,2526
1131,2527
1132,2528
1133,2529
1134,2530
1135,2533
1136,2534
1137,2535
1138,2536
1139,2538
1140,2541
1141,2543
1142,2544
1143,2546
1144,2548
1145,2549
1146,2550
1147,2553
1148,2554
1149,2555
1150,2559
1151,2561
1152,2564
1153,2570
1154,2574
1155,2575
1156,2577
1157,2578
1158,2581
1159,2582
1160,2586
1161,2588
1162,2589
1163,2591
1164,2595
1165,2596
1166,2597
1167,2601
1168,2606
1169,2608
1170,2609
1171,2610
1172,2611
1173,2612
1174,2614
1175,2615
1176,2617
1177,2622
1178,2626
1179,2627
1180,2631
1181,2635
1182,2637
1183,2640
1184,2641
1185,2642
1186,2647
1187,2648
1188,2649
1189,2650
1190,2660
1191,2664
1192,2667
1193,2670
1194,2672
1195,2676
1196,2677
1197,2679
1198,2687
1199,2688
1200,2689
1201,2691
1202,2695
1203,2696
1204,2697
1205,2699
1206,2703
1207,2704
1208,2706
1209,2707
1210,2711
1211,2717
1212,2718
1213,2721
1214,2722
1215,2723
1216,2725
1217,2729
1218,2730
1219,2731
1220,2734
1221,2735
1222,2736
1223,2737
1224,2745
1225,2746
1226,2748
1227,2750
1228,2752
1229,2757
1230,2759
1231,2760
1232,2761
1233,2762
1234,2770
1235,2771
1236,2774
1237,2776
1238,2779
1239,2782
1240,2786
1241,2788
1242,2793
1243,2794
1244,2795
1245,2800
1246,2805
1247,2806
1248,2809
1249,2810
1250,2813
1251,2814
1252,2820
1253,2822
1254,2823
1255,2825
1256,2828
1257,2830
1258,2834
1259,2837
1260,2838
1261,2841
1262,2843
1263,2845
1264,2846
1265,2849
1266,2853
1267,2854
1268,2856
1269,2858
1270,2859
1271,2861
1272,2863
1273,2865
1274,2869
1275,2870
1276,2871
1277,2872
1278,2875
1279,2876
1280,2877
1281,2879
1282,2882
1283,2883
1284,2885
1285,2888
1286,2889
1287,2892
1288,2896
1289,2898
1290,2900
1291,2903
1292,2904
1293,2906
1294,2907
1295,2908
1296,2913
1297,2914
1298,2916
1299,2919
1300,2921
1301,2926
1302,2927
1303,2928
1304,2929
1305,2933
1306,2934
1307,2938
1308,2942
1309,2944
1310,2946
1311,2947
1312,2950
1313,2952
1314,2955
1315,2957
1316,2959
1317,2960
1318,2962
1319,2964
1320,2966
1321,2967
1322,2968
1323,2974
1324,2975
1325,2976
1326,2978
1327,2980
1328,2984
1329,2985
1330,2986
1331,2988
1332,2989
1333,2993
1334,2994
1335,2997
1336,2999
1337,3000
1338,3002
1339,3003
1340,3004
1341,3006
1342,3008
1343,3009
1344,3012
1345,3021
1346,3022
1347,3025
1348,3026
1349,3028
1350,3030
1351,3032
1352,3036
1353,3037
1354,3038
1355,3039
1356,3040
1357,3043
1358,3044
1359,3049
1360,3050
1361,3053
1362,3054
1363,3055
1364,3057
1365,3058
1366,3059
1367,3060
1368,3062
1369,3064
1370,3067
1371,3069
1372,3070
1373,3073
1374,3075
1375,3081
1376,3082
1377,3085
1378,3086
1379,3087
1380,3089
1381,3090
1382,3091
1383,3092
1384,3093
1385,3095
1386,3096
1387,3097
1388,3100
1389,3101
1390,3102
1391,3107
1392,3110
1393,3112
1394,3113
1395,3116
1396,3119
1397,3120
1398,3121
1399,3122
1400,3124
1401,3127
1402,3130
1403,3132
1404,3134
1405,3135
1406,3137
1407,3140
1408,3141
1409,3143
1410,3145
1411,3148
1412,3149
1413,3151
1414,3153
1415,3154
1416,3157
1417,3158
1418,3159
1419,3160
1420,3161
1421,3164
1422,3166
1423,3169
1424,3172
1425,3175
1426,3176
1427,3177
1428,3179
1429,3180
1430,3182
1431,3183
1432,3184
1433,3185
1434,3186
1435,3187
1436,3191
1437,3192
1438,3193
1439,3194
1440,3197
1441,3198
1442,3199
1443,3200
1444,3203
1445,3204
1446,3210
1447,3214
1448,3216
1449,3217
1450,3218
1451,3219
1452,3220
1453,3221
1454,3228
1455,3229
1456,3232
1457,3237
1458,3238
1459,3241
1460,3242
1461,3243
1462,3247
1463,3248
1464,3249
1465,3251
1466,3252
1467,3255
1468,3262
1469,3263
1470,3266
1471,3268
1472,3270
1473,3273
1474,3274
1475,3275
1476,3276
1477,3278
1478,3280
1479,3282
1480,3284
1481,3285
1482,3288
1483,3290
1484,3292
1485,3296
1486,3297
1487,3299
1488,3300
1489,3302
1490,3304
1491,3310
1492,3311
1493,3312
1494,3315
1495,3316
1496,3321
1497,3322
1498,3327
1499,3328
1500,3330
1501,3331
1502,3334
1503,3340
1504,3345
1505,3347
1506,3348
1507,3350
1508,3351
1509,3353
1510,3355
1511,3356
1512,3360
1513,3362
1514,3365
1515,3366
1516,3367
1517,3373
1518,3375
1519,3377
1520,3379
1521,3382
1522,3386
1523,3388
1524,3392
1525,3397
1526,3398
1527,3400
1528,3401
1529,3402
1530,3403
1531,3404
1532,3405
1533,3413
1534,3414
1535,3415
1536,3417
1537,3418
1538,3419
1539,3421
1540,3423
1541,3427
1542,3428
1543,3430
1544,3431
1545,3432
1546,3433
1547,3436
1548,3437
1549,3440
1550,3441
1551,3442
1552,3444
1553,3447
1554,3448
1555,3449
1556,3452
1557,3453
1558,3454
1559,3455
1560,3456
1561,3457
1562,3458
1563,3460
1564,3462
1565,3463
1566,3465
1567,3466
1568,3467
1569,3469
1570,3471
1571,3474
1572,3475
1573,3481
1574,3485
1575,3486
1576,3487
1577,3488
1578,3493
1579,3494
1580,3498
1581,3500
1582,3504
1583,3508
1584,3509
1585,3513
1586,3515
1587,3516
1588,3520
1589,3521
1590,3522
1591,3523
1592,3524
1593,3526
1594,3528
1595,3531
1596,3532
1597,3534
1598,3541
1599,3542
1600,3544
1601,3546
1602,3547
1603,3548
1604,3550
1605,3553
1606,3555
1607,3558
1608,3563
1609,3564
1610,3566
1611,3567
1612,3572
1613,3573
1614,3575
1615,3576
1616,3577
1617,3578
1618,3579
1619,3586
1620,3589
1621,3593
1622,3600
1623,3601
1624,3602
1625,3607
1626,3608
1627,3609
1628,3621
1629,3622
1630,3623
1631,3626
1632,3629
1633,3630
1634,3634
1635,3635
1636,3637
1637,3638
1638,3639
1639,3641
1640,3651
1641,3660
1642,3661
1643,3662
1644,3663
1645,3667
1646,3669
1647,3670
1648,3673
1649,3678
1650,3683
1651,3686
1652,3687
1653,3689
1654,3698
1655,3700
1656,3703
1657,3705
1658,3706
1659,3707
1660,3709
1661,3710
1662,3718
1663,3724
1664,3726
1665,3727
1666,3730
1667,3732
1668,3733
1669,3738
1670,3739
1671,3740
1672,3742
1673,3744
1674,3747
1675,3748
1676,3752
1677,3759
1678,3761
1679,3762
1680,3765
1681,3767
1682,3770
1683,3772
1684,3777
1685,3778
1686,3780
1687,3784
1688,3788
1689,3790
1690,3796
1691,3797
1692,3799
1693,3802
1694,3804
1695,3809
1696,3810
1697,3811
1698,3812
1699,3813
1700,3816
1701,3820
1702,3821
1703,3822
1704,3824
1705,3826
1706,3832
1707,3834
1708,3836
1709,3838
1710,3839
1711,3840
1712,3841
1713,3842
1714,3845
1715,3848
1716,3850
1717,3851
1718,3852
1719,3855
1720,3857
1721,3860
1722,3861
1723,3862
1724,3864
1725,3867
1726,3868
1727,3873
1728,3874
1729,3876
1730,3877
1731,3878
1732,3880
1733,3881
1734,3882
1735,3883
1736,3886
1737,3889
1738,3891
1739,3893
1740,3897
1741,3898
1742,3899
1743,3904
1744,3905
1745,3906
1746,3907
1747,3908
1748,3909
1749,3910
1750,3911
1751,3912
1752,3914
1753,3918
1754,3919
1755,3920
1756,3921
1757,3924
1758,3926
1759,3927
1760,3929
1761,3931
1762,3932
1763,3934
1764,3935
1765,3937
1766,3941
1767,3945
1768,3947
1769,3948
1770,3950
1771,3955
1772,3959
1773,3961
1774,3968
1775,3972
1776,3976
1777,3977
1778,3978
1779,3980
1780,3986
1781,3990
1782,3991
1783,3993
1784,3995
1785,3996
1786,3999
1787,4000
1788,4003
1789,4004
1790,4005
1791,4008
1792,4009
1793,4010
1794,4015
1795,4016
1796,4017
1797,4018
1798,4021
1799,4022
1800,4025
1801,4026
1802,4028
1803,4029
1804,4032
1805,4035
1806,4041
1807,4042
1808,4046
1809,4049
1810,4050
1811,4054
1812,4058
1813,4059
1814,4060
1815,4061
1816,4065
1817,4066
1818,4070
1819,4073
1820,4074
1821,4081
1822,4083
1823,4085
1824,4088
1825,4089
1826,4090
1827,4093
1828,4097
1829,4098
1830,4099
1831,4100
1832,4105
1833,4106
1834,4107
1835,4111
1836,4114
1837,4115
1838,4116
1839,4117
1840,4119
1841,4121
1842,4123
1843,4125
1844,4127
1845,4128
1846,4133
1847,4135
1848,4136
1849,4140
1850,4141
1851,4143
1852,4147
1853,4148
1854,4149
1855,4150
1856,4152
1857,4153
1858,4155
1859,4156
1860,4161
1861,4166
1862,4167
1863,4174
1864,4177
1865,4179
1866,4180
1867,4181
1868,4182
1869,4183
1870,4184
1871,4189
1872,4190
1873,4194
1874,4196
1875,4203
1876,4205
1877,4208
1878,4212
1879,4216
1880,4218
1881,4219
1882,4220
1883,4222
1884,4224
1885,4230
1886,4231
1887,4232
1888,4234
1889,4236
1890,4239
1891,4241
1892,4242
1893,4243
1894,4245
1895,4249
1896,4250
1897,4251
1898,4252
1899,4256
1900,4257
1901,4259
1902,4261
1903,4263
1904,4265
1905,4269
1906,4270
1907,4275
1908,4276
1909,4281
1910,4284
1911,4285
1912,4292
1913,4298
1914,4300
1915,4303
1916,4305
1917,4306
1918,4311
1919,4313
1920,4317
1921,4320
1922,4326
1923,4327
1924,4328
1925,4329
1926,4331
1927,4333
1928,4334
1929,4335
1930,4338
1931,4339
1932,4342
1933,4343
1934,4345
1935,4347
1936,4348
1937,4351
1938,4352
1939,4354
1940,4355
1941,4356
1942,4357
1943,4359
1944,4362
1945,4363
1946,4364
1947,4366
1948,4369
1949,4371
1950,4374
1951,4377
1952,4378
1953,4379
1954,4380
1955,4383
1956,4384
1957,4386
1958,4387
1959,4388
1960,4391
1961,4393
1962,4394
1963,4395
1964,4400
1965,4401
1966,4403
1967,4404
1968,4409
1969,4412
1970,4413
1971,4414
1972,4415
1973,4416
1974,4417
1975,4422
1976,4423
1977,4425
1978,4428
1979,4429
1980,4436
1981,4437
1982,4439
1983,4442
1984,4447
1985,4448
1986,4456
1987,4462
1988,4463
1989,4464
1990,4465
1991,4468
1992,4470
1993,4474
1994,4479
1995,4482
1996,4483
1997,4488
1998,4490
1999,4493
2000,4495
2001,4496
2002,4497
2003,4501
2004,4502
2005,4503
2006,4504
2007,4507
2008,4508
2009,4510
2010,4513
2011,4514
2012,4516
2013,4520
2014,4525
2015,4529
2016,4535
2017,4537
2018,4541
2019,4542
2020,4547
2021,4549
2022,4551
2023,4552
2024,4554
2025,4560
2026,4561
2027,4563
2028,4566
2029,4567
2030,4568
2031,4572
2032,4574
2033,4576
2034,4577
2035,4578
2036,4579
2037,4584
2038,4585
2039,4590
2040,4596
2041,4598
2042,4600
2043,4604
2044,4606
2045,4613
2046,4614
2047,4616
2048,4617
2049,4620
2050,4622
2051,4625
2052,4630
2053,4632
2054,4634
2055,4635
2056,4636
2057,4637
2058,4639
2059,4640
2060,4641
2061,4642
2062,4645
2063,4647
2064,4648
2065,4649
2066,4650
2067,4652
2068,4655
2069,4657
2070,4659
2071,4660
2072,4661
2073,4662
2074,4667
2075,4668
2076,4670
2077,4672
2078,4674
2079,4676
2080,4678
2081,4684
2082,4685
2083,4686
2084,4688
2085,4689
2086,4693
2087,4698
2088,4700
2089,4702
2090,4710
2091,4714
2092,4715
2093,4718
2094,4722
2095,4724
2096,4725
2097,4726
2098,4729
2099,4732
2100,4733
2101,4736
2102,4737
2103,4738
2104,4743
2105,4746
2106,4747
2107,4748
2108,4755
2109,4756
2110,4758
2111,4759
2112,4760
2113,4761
2114,4762
2115,4763
2116,4764
2117,4765
2118,4769
2119,4770
2120,4772
2121,4773
2122,4776
2123,4777
2124,4779
2125,4782
2126,4788
2127,4792
2128,4794
2129,4796
2130,4800
2131,4805
2132,4807
2133,4810
2134,4811
2135,4816
2136,4818
2137,4821
2138,4822
2139,4823
2140,4824
2141,4825
2142,4829
2143,4830
2144,4831
2145,4836
2146,4837
2147,4838
2148,4839
2149,4842
2150,4843
2151,4844
2152,4845
2153,4846
2154,4847
2155,4849
2156,4851
2157,4853
2158,4854
2159,4855
2160,4858
2161,4859
2162,4861
2163,4864
2164,4865
2165,4867
2166,4868
2167,4869
2168,4873
2169,4874
2170,4875
2171,4877
2172,4881
2173,4883
2174,4890
2175,4892
2176,4893
2177,4896
2178,4901
2179,4903
2180,4906
2181,4908
2182,4912
2183,4913
2184,4915
2185,4916
2186,4918
2187,4924
2188,4931
2189,4934
2190,4936
2191,4939
2192,4941
2193,4943
2194,4945
2195,4949
2196,4950
2197,4951
2198,4955
2199,4956
2200,4957
2201,4959
2202,4960
2203,4961
2204,4962
2205,4963
2206,4964
2207,4967
2208,4974
2209,4975
2210,4976
2211,4980
2212,4981
2213,4982
2214,4984
2215,4985
2216,4993
2217,4997
2218,4999
2219,5000
2220,5003
2221,5004
2222,5006
2223,5007
2224,5010
2225,5011
2226,5012
2227,5013
2228,5014
2229,5018
2230,5019
2231,5021
2232,5026
2233,5027
2234,5028
2235,5029
2236,5032
2237,5034
2238,5036
2239,5037
2240,5039
2241,5040
2242,5042
2243,5043
2244,5044
2245,5045
2246,5048
2247,5049
2248,5053
2249,5055
2250,5056
2251,5059
2252,5060
2253,5061
2254,5067
2255,5068
2256,5071
2257,5072
2258,5073
2259,5074
2260,5078
2261,5079
2262,5081
2263,5082
2264,5084
2265,5086
2266,5087
2267,5089
2268,5095
2269,5096
2270,5099
2271,5102
2272,5108
2273,5109
2274,5110
2275,5112
2276,5114
2277,5126
2278,5128
2279,5129
2280,5130
2281,5132
2282,5137
2283,5138
2284,5139
2285,5140
2286,5141
2287,5142
2288,5145
2289,5148
2290,5149
2291,5151
2292,5152
2293,5154
2294,5160
2295,5162
2296,5163
2297,5164
2298,5167
2299,5172
2300,5174
2301,5175
2302,5180
2303,5181
2304,5182
2305,5183
2306,5184
2307,5185
2308,5186
2309,5187
2310,5190
2311,5191
2312,5192
2313,5194
2314,5195
2315,5199
2316,5200
2317,5201
2318,5202
2319,5203
2320,5209
2321,5218
2322,5220
2323,5221
2324,5224
2325,5225
2326,5226
2327,5227
2328,5228
2329,5231
2330,5233
2331,5235
2332,5236
2333,5238
2334,5241
2335,5246
2336,5247
2337,5249
2338,5251
2339,5253
2340,5254
2341,5259
2342,5262
2343,5263
2344,5265
2345,5266
2346,5267
2347,5268
2348,5272
2349,5274
2350,5279
2351,5282
2352,5283
2353,5284
2354,5285
2355,5289
2356,5292
2357,5293
2358,5297
2359,5298
2360,5300
2361,5301
2362,5302
2363,5303
2364,5305
2365,5306
2366,5308
2367,5310
2368,5311
2369,5312
2370,5314
2371,5315
2372,5320
2373,5323
2374,5330
2375,5332
2376,5335
2377,5337
2378,5341
2379,5343
2380,5344
2381,5346
2382,5347
2383,5348
2384,5350
2385,5353
2386,5360
2387,5363
2388,5366
2389,5367
2390,5370
2391,5374
2392,5375
2393,5376
2394,5379
2395,5380
2396,5381
2397,5383
2398,5385
2399,5386
2400,5389
2401,5390
2402,5394
2403,5395
2404,5396
2405,5397
2406,5399
2407,5401
2408,5406
2409,5414
2410,5420
2411,5423
2412,5424
2413,5426
2414,5429
2415,5431
2416,5434
2417,5436
2418,5438
2419,5439
2420,5440
2421,5441
2422,5444
2423,5446
2424,5449
2425,5450
2426,5452
2427,5457
2428,5458
2429,5460
2430,5468
2431,5469
2432,5470
2433,5474
2434,5475
2435,5476
2436,5478
2437,5485
2438,5489
2439,5490
2440,5491
2441,5495
2442,5496
2443,5498
2444,5499
2445,5503
2446,5505
2447,5507
2448,5508
2449,5512
2450,5516
2451,5520
2452,5522
2453,5526
2454,5531
2455,5532
2456,5535
2457,5538
2458,5539
2459,5542
2460,5548
2461,5549
2462,5551
2463,5552
2464,5558
2465,5559
2466,5561
2467,5567
2468,5569
2469,5571
2470,5573
2471,5579
2472,5580
2473,5581
2474,5582
2475,5584
2476,5587
2477,5588
2478,5589
2479,5592
2480,5595
2481,5596
2482,5599
2483,5601
2484,5608
2485,5610
2486,5611
2487,5612
2488,5613
2489,5614
2490,5616
2491,5617
2492,5620
2493,5621
2494,5623
2495,5625
2496,5626
2497,5627
2498,5632
2499,5633
2500,5635
2501,5638
2502,5640
2503,5641
2504,5643
2505,5645
2506,5647
2507,5648
2508,5650
2509,5651
2510,5653
2511,5654
2512,5655
2513,5656
2514,5657
2515,5659
2516,5660
2517,5661
2518,5663
2519,5669
2520,5670
2521,5673
2522,5678
2523,5680
2524,5683
2525,5685
2526,5691
2527,5692
2528,5693
2529,5695
2530,5700
2531,5701
2532,5702
2533,5704
2534,5705
2535,5709
2536,5710
2537,5711
2538,5715
2539,5718
2540,5722
2541,5724
2542,5725
2543,5726
2544,5727
2545,5731
2546,5736
2547,5740
2548,5743
2549,5744
2550,5746
2551,5747
2552,5754
2553,5755
2554,5758
2555,5760
2556,5761
2557,5763
2558,5764
2559,5766
2560,5773
2561,5774
2562,5775
2563,5776
2564,5777
2565,5779
2566,5782
2567,5783
2568,5785
2569,5787
2570,5788
2571,5790
2572,5792
2573,5793
2574,5794
2575,5800
2576,5801
2577,5803
2578,5804
2579,5805
2580,5808
2581,5812
2582,5816
2583,5819
2584,5822
2585,5830
2586,5831
2587,5832
2588,5835
2589,5837
2590,5839
2591,5841
2592,5843
2593,5844
2594,5845
2595,5847
2596,5848
2597,5849
2598,5850
2599,5851
2600,5858
2601,5859
2602,5862
2603,5863
2604,5864
2605,5865
2606,5866
2607,5871
2608,5873
2609,5874
2610,5875
2611,5876
2612,5878
2613,5882
2614,5884
2615,5885
2616,5892
2617,5893
2618,5895
2619,5896
2620,5897
2621,5898
2622,5899
2623,5900
2624,5905
2625,5908
2626,5910
2627,5911
2628,5912
2629,5914
2630,5915
2631,5918
2632,5923
2633,5924
2634,5926
2635,5928
2636,5930
2637,5931
2638,5935
2639,5936
2640,5938
2641,5939
2642,5942
2643,5945
2644,5946
2645,5948
2646,5950
2647,5952
2648,5954
2649,5960
2650,5962
2651,5965
2652,5966
2653,5969
2654,5970
2655,5971
2656,5974
2657,5977
2658,5979
2659,5980
2660,5983
2661,5985
2662,5987
2663,5990
2664,5992
2665,5995
2666,5997
2667,5999
2668,6000
2669,6003
2670,6015
2671,6016
2672,6017
2673,6019
2674,6023
2675,6024
2676,6025
2677,6026
2678,6027
2679,6029
2680,6031
2681,6032
2682,6033
2683,6035
2684,6038
2685,6040
2686,6043
2687,6044
2688,6046
2689,6047
2690,6051
2691,6052
2692,6053
2693,6055
2694,6057
2695,6060
2696,6062
2697,6066
2698,6067
2699,6069
2700,6072
2701,6074
2702,6075
2703,6076
2704,6078
2705,6081
2706,6082
2707,6085
2708,6086
2709,6087
2710,6094
2711,6097
2712,6098
2713,6099
2714,6100
2715,6101
2716,6102
2717,6104
2718,6110
2719,6111
2720,6113
2721,6114
2722,6119
2723,6120
2724,6128
2725,6131
2726,6133
2727,6134
2728,6135
2729,6136
2730,6138
2731,6142
2732,6143
2733,6145
2734,6146
2735,6147
2736,6149
2737,6151
2738,6152
2739,6153
2740,6154
2741,6157
2742,6158
2743,6161
2744,6166
2745,6169
2746,6170
2747,6171
2748,6176
2749,6181
2750,6182
2751,6184
2752,6185
2753,6188
2754,6189
2755,6192
2756,6194
2757,6197
2758,6198
2759,6199
2760,6200
2761,6201
2762,6207
2763,6208
2764,6214
2765,6221
2766,6222
2767,6228
2768,6229
2769,6233
2770,6235
2771,6238
2772,6240
2773,6241
2774,6242
2775,6243
2776,6244
2777,6245
2778,6251
2779,6252
2780,6253
2781,6254
2782,6257
2783,6259
2784,6265
2785,6266
2786,6269
2787,6270
2788,6271
2789,6272
2790,6277
2791,6281
2792,6289
2793,6290
2794,6292
2795,6294
2796,6295
2797,6297
2798,6299
2799,6300
2800,6304
2801,6305
2802,6307
2803,6313
2804,6315
2805,6317
2806,6318
2807,6323
2808,6324
2809,6325
2810,6326
2811,6327
2812,6328
2813,6329
2814,6332
2815,6333
2816,6337
2817,6338
2818,6340
2819,6341
2820,6344
2821,6347
2822,6350
2823,6353
2824,6357
2825,6358
2826,6363
2827,6364
2828,6365
2829,6367
2830,6376
2831,6377
2832,6379
2833,6381
2834,6383
2835,6384
2836,6385
2837,6387
2838,6392
2839,6393
2840,6394
2841,6396
2842,6405
2843,6406
2844,6408
2845,6410
2846,6412
2847,6415
2848,6417
2849,6418
2850,6419
2851,6420
2852,6421
2853,6423
2854,6424
2855,6425
2856,6426
2857,6427
2858,6428
2859,6429
2860,6430
2861,6431
2862,6432
2863,6433
2864,6435
2865,6438
2866,6440
2867,6441
2868,6443
2869,6444
2870,6446
2871,6449
2872,6451
2873,6453
2874,6455
2875,6456
2876,6457
2877,6461
2878,6462
2879,6465
2880,6469
2881,6470
2882,6474
2883,6475
2884,6478
2885,6479
2886,6483
2887,6484
2888,6490
2889,6491
2890,6493
2891,6495
2892,6496
2893,6502
2894,6503
2895,6505
2896,6510
2897,6511
2898,6512
2899,6513
2900,6514
2901,6516
2902,6520
2903,6522
2904,6523
2905,6526
2906,6527
2907,6528
2908,6529
2909,6530
2910,6531
2911,6533
2912,6536
2913,6538
2914,6541
2915,6542
2916,6543
2917,6544
2918,6545
2919,6546
2920,6547
2921,6552
2922,6553
2923,6555
2924,6558
2925,6559
2926,6560
2927,6568
2928,6569
2929,6570
2930,6571
2931,6574
2932,6575
2933,6577
2934,6578
2935,6583
2936,6584
2937,6585
2938,6588
2939,6594
2940,6595
2941,6597
2942,6598
2943,6601
2944,6606
2945,6607
2946,6611
2947,6612
2948,6613
2949,6614
2950,6615
2951,6618
2952,6619
2953,6624
2954,6626
2955,6628
2956,6629
2957,6632
2958,6633
2959,6634
2960,6635
2961,6639
2962,6642
2963,6644
2964,6645
2965,6646
2966,6647
2967,6648
2968,6652
2969,6653
2970,6654
2971,6655
2972,6657
2973,6661
2974,6666
2975,6667
2976,6668
2977,6672
2978,6674
2979,6675
2980,6676
2981,6677
2982,6679
2983,6681
2984,6682
2985,6687
2986,6690
2987,6692
2988,6695
2989,6697
2990,6699
2991,6711
2992,6712
2993,6713
2994,6715
2995,6719
2996,6720
2997,6726
2998,6727
2999,6728
3000,6729
3001,6730
3002,6732
3003,6733
3004,6734
3005,6738
3006,6739
3007,6740
3008,6742
3009,6743
3010,6746
3011,6747
3012,6750
3013,6752
3014,6758
3015,6759
3016,6760
3017,6761
3018,6764
3019,6766
3020,6768
3021,6769
3022,6775
3023,6776
3024,6779
3025,6781
3026,6788
3027,6790
3028,6791
3029,6792
3030,6797
3031,6798
3032,6800
3033,6804
3034,6805
3035,6807
3036,6809
3037,6812
3038,6813
3039,6815
3040,6817
3041,6819
3042,6824
3043,6826
3044,6827
3045,6828
3046,6831
3047,6832
3048,6834
3049,6835
3050,6836
3051,6839
3052,6842
3053,6844
3054,6848
3055,6850
3056,6851
3057,6855
3058,6858
3059,6859
3060,6860
3061,6861
3062,6867
3063,6871
3064,6872
3065,6873
3066,6875
3067,6876
3068,6877
3069,6881
3070,6885
3071,6886
3072,6890
3073,6892
3074,6893
3075,6894
3076,6895
3077,6896
3078,6897
3079,6899
3080,6902
3081,6909
3082,6912
3083,6913
3084,6915
3085,6917
3086,6920
3087,6921
3088,6924
3089,6925
3090,6926
3091,6927
3092,6928
3093,6930
3094,6931
3095,6933
3096,6936
3097,6937
3098,6938
3099,6939
3100,6942
3101,6943
3102,6945
3103,6948
3104,6950
3105,6951
3106,6953
3107,6954
3108,6956
3109,6959
3110,6964
3111,6965
3112,6971
3113,6974
3114,6979
3115,6980
3116,6981
3117,6988
3118,6989
3119,6994
3120,6999
3121,7002
3122,7005
3123,7006
3124,7008
3125,7010
3126,7011
3127,7015
3128,7019
3129,7020
3130,7021
3131,7023
3132,7027
3133,7029
3134,7035
3135,7037
3136,7041
3137,7043
3138,7044
3139,7045
3140,7046
3141,7047
3142,7049
3143,7052
3144,7054
3145,7055
3146,7058
3147,7060
3148,7061
3149,7062
3150,7066
3151,7068
3152,7069
3153,7072
3154,7074
3155,7075
3156,7079
3157,7080
3158,7081
3159,7082
3160,7087
3161,7088
3162,7091
3163,7092
3164,7094
3165,7095
3166,7100
3167,7101
3168,7102
3169,7104
3170,7108
3171,7109
3172,7110
3173,7112
3174,7114
3175,7115
3176,7118
3177,7119
3178,7121
3179,7125
3180,7127
3181,7133
3182,7135
3183,7136
3184,7141
3185,7143
3186,7148
3187,7149
3188,7150
3189,7152
3190,7154
3191,7158
3192,7159
3193,7160
3194,7161
3195,7162
3196,7163
3197,7166
3198,7170
3199,7172
3200,7175
3201,7181
3202,7183
3203,7186
3204,7188
3205,7190
3206,7193
3207,7195
3208,7202
3209,7208
3210,7210
3211,7211
3212,7213
3213,7214
3214,7217
3215,7219
3216,7223
3217,7226
3218,7227
3219,7229
3220,7230
3221,7231
3222,7239
3223,7240
3224,7245
3225,7248
3226,7250
3227,7253
3228,7254
3229,7255
3230,7256
3231,7257
3232,7258
3233,7262
3234,7264
3235,7265
3236,7268
3237,7269
3238,7270
3239,7272
3240,7274
3241,7279
3242,7280
3243,7286
3244,7287
3245,7289
3246,7292
3247,7297
3248,7299
3249,7300
3250,7301
3251,7302
3252,7303
3253,7304
3254,7305
3255,7306
3256,7309
3257,7310
3258,7312
3259,7313
3260,7318
3261,7319
3262,7320
3263,7321
3264,7329
3265,7331
3266,7338
3267,7339
3268,7340
3269,7341
3270,7344
3271,7345
3272,7351
3273,7353
3274,7354
3275,7356
3276,7358
3277,7360
3278,7361
3279,7364
3280,7365
3281,7366
3282,7367
3283,7368
3284,7371
3285,7372
3286,7373
3287,7376
3288,7383
3289,7384
3290,7386
3291,7387
3292,7388
3293,7393
3294,7395
3295,7396
3296,7398
3297,7399
3298,7400
3299,7403
3300,7407
3301,7408
3302,7412
3303,7414
3304,7418
3305,7419
3306,7420
3307,7424
3308,7426
3309,7427
3310,7429
3311,7432
3312,7433
3313,7437
3314,7439
3315,7442
3316,7443
3317,7446
3318,7448
3319,7451
3320,7452
3321,7453
3322,7454
3323,7455
3324,7457
3325,7458
3326,7462
3327,7463
3328,7464
3329,7466
3330,7468
3331,7469
3332,7470
3333,7471
3334,7472
3335,7473
3336,7474
3337,7476
3338,7477
3339,7480
3340,7483
3341,7484
3342,7485
3343,7488
3344,7491
3345,7492
3346,7494
3347,7496
3348,7498
3349,7503
3350,7512
3351,7513
3352,7515
3353,7517
3354,7519
3355,7521
3356,7523
3357,7527
3358,7528
3359,7529
3360,7531
3361,7532
3362,7536
3363,7538
3364,7539
3365,7544
3366,7547
3367,7549
3368,7553
3369,7558
3370,7559
3371,7561
3372,7562
3373,7563
3374,7569
3375,7572
3376,7573
3377,7574
3378,7575
3379,7576
3380,7577
3381,7578
3382,7579
3383,7580
3384,7581
3385,7586
3386,7590
3387,7591
3388,7593
3389,7594
3390,7598
3391,7600
3392,7601
3393,7602
3394,7607
3395,7608
3396,7612
3397,7614
3398,7618
3399,7620
3400,7621
3401,7627
3402,7629
3403,7631
3404,7633
3405,7637
3406,7638
3407,7639
3408,7640
3409,7642
3410,7644
3411,7645
3412,7647
3413,7648
3414,7650
3415,7651
3416,7658
3417,7664
3418,7665
3419,7669
3420,7670
3421,7672
3422,7673
3423,7674
3424,7675
3425,7676
3426,7680
3427,7682
3428,7683
3429,7684
3430,7688
3431,7689
3432,7690
3433,7691
3434,7694
3435,7695
3436,7699
3437,7702
3438,7703
3439,7704
3440,7705
3441,7706
3442,7707
3443,7708
3444,7709
3445,7711
3446,7713
3447,7717
3448,7720
3449,7721
3450,7722
3451,7723
3452,7727
3453,7728
3454,7729
3455,7734
3456,7736
3457,7741
3458,7743
3459,7751
3460,7753
3461,7756
3462,7757
3463,7759
3464,7763
3465,7764
3466,7767
3467,7772
3468,7776
3469,7782
3470,7783
3471,7784
3472,7786
3473,7787
3474,7792
3475,7793
3476,7794
3477,7795
3478,7797
3479,7801
3480,7803
3481,7806
3482,7809
3483,7811
3484,7812
3485,7813
3486,7815
3487,7816
3488,7819
3489,7824
3490,7825
3491,7827
3492,7833
3493,7837
3494,7838
3495,7839
3496,7842
3497,7845
3498,7846
3499,7848
3500,7849
3501,7850
3502,7851
3503,7854
3504,7859
3505,7860
3506,7862
3507,7866
3508,7867
3509,7871
3510,7872
3511,7874
3512,7883
3513,7887
3514,7888
3515,7890
3516,7893
3517,7894
3518,7897
3519,7899
3520,7901
3521,7903
3522,7905
3523,7907
3524,7909
3525,7913
3526,7919
3527,7923
3528,7928
3529,7930
3530,7931
3531,7932
3532,7936
3533,7937
3534,7944
3535,7946
3536,7948
3537,7949
3538,7951
3539,7952
3540,7953
3541,7954
3542,7955
3543,7956
3544,7960
3545,7961
3546,7962
3547,7964
3548,7968
3549,7970
3550,7975
3551,7980
3552,7982
3553,7983
3554,7984
3555,7985
3556,7991
3557,7992
3558,7994
3559,7999
3560,8000
3561,8003
3562,8006
3563,8007
3564,8011
3565,8016
3566,8020
3567,8021
3568,8022
3569,8024
3570,8026
3571,8029
3572,8031
3573,8033
3574,8035
3575,8038
3576,8040
3577,8041
3578,8042
3579,8046
3580,8049
3581,8051
3582,8053
3583,8055
3584,8056
3585,8059
3586,8062
3587,8063
3588,8064
3589,8065
3590,8066
3591,8068
3592,8071
3593,8072
3594,8074
3595,8075
3596,8080
3597,8086
3598,8087
3599,8090
3600,8092
3601,8093
3602,8094
3603,8096
3604,8097
3605,8098
3606,8101
3607,8102
3608,8103
3609,8106
3610,8109
3611,8110
3612,8117
3613,8119
3614,8123
3615,8126
3616,8127
3617,8129
3618,8130
3619,8131
3620,8133
3621,8135
3622,8141
3623,8142
3624,8143
3625,8148
3626,8149
3627,8151
3628,8153
3629,8158
3630,8167
3631,8177
3632,8178
3633,8179
3634,8180
3635,8181
3636,8182
3637,8184
3638,8186
3639,8188
3640,8189
3641,8192
3642,8197
3643,8200
3644,8201
3645,8202
3646,8205
3647,8207
3648,8210
3649,8214
3650,8217
3651,8218
3652,8219
3653,8222
3654,8223
3655,8226
3656,8227
3657,8229
3658,8231
3659,8232
3660,8234
3661,8235
3662,8237
3663,8240
3664,8242
3665,8243
3666,8248
3667,8250
3668,8254
3669,8255
3670,8261
3671,8266
3672,8267
3673,8272
3674,8273
3675,8274
3676,8277
3677,8278
3678,8280
3679,8281
3680,8283
3681,8286
3682,8287
3683,8290
3684,8295
3685,8297
3686,8300
3687,8303
3688,8304
3689,8306
3690,8307
3691,8312
3692,8313
3693,8314
3694,8316
3695,8317
3696,8319
3697,8321
3698,8324
3699,8325
3700,8330
3701,8334
3702,8337
3703,8339
3704,8341
3705,8342
3706,8348
3707,8356
3708,8360
3709,8362
3710,8363
3711,8365
3712,8367
3713,8368
3714,8371
3715,8372
3716,8373
3717,8375
3718,8380
3719,8381
3720,8384
3721,8385
3722,8386
3723,8388
3724,8390
3725,8391
3726,8392
3727,8394
3728,8398
3729,8400
3730,8401
3731,8409
3732,8412
3733,8413
3734,8416
3735,8417
3736,8418
3737,8419
3738,8421
3739,8422
3740,8428
3741,8430
3742,8435
3743,8437
3744,8439
3745,8443
3746,8444
3747,8446
3748,8447
3749,8448
3750,8449
3751,8450
3752,8453
3753,8455
3754,8456
3755,8457
3756,8458
3757,8459
3758,8463
3759,8465
3760,8468
3761,8471
3762,8472
3763,8473
3764,8474
3765,8477
3766,8478
3767,8483
3768,8486
3769,8489
3770,8491
3771,8492
3772,8493
3773,8496
3774,8498
3775,8504
3776,8506
3777,8509
3778,8511
3779,8512
3780,8514
3781,8516
3782,8519
3783,8521
3784,8527
3785,8528
3786,8532
3787,8535
3788,8537
3789,8538
3790,8540
3791,8541
3792,8543
3793,8544
3794,8545
3795,8551
3796,8557
3797,8558
3798,8559
3799,8560
3800,8561
3801,8563
3802,8566
3803,8568
3804,8574
3805,8575
3806,8578
3807,8582
3808,8583
3809,8585
3810,8591
3811,8593
3812,8594
3813,8598
3814,8603
3815,8604
3816,8606
3817,8609
3818,8618
3819,8619
3820,8623
3821,8628
3822,8629
3823,8630
3824,8631
3825,8633
3826,8636
3827,8638
3828,8639
3829,8640
3830,8641
3831,8646
3832,8648
3833,8649
3834,8652
3835,8655
3836,8656
3837,8658
3838,8667
3839,8668
3840,8669
3841,8671
3842,8672
3843,8673
3844,8674
3845,8675
3846,8679
3847,8680
3848,8681
3849,8686
3850,8687
3851,8689
3852,8690
3853,8691
3854,8695
3855,8696
3856,8698
3857,8701
3858,8702
3859,8703
3860,8705
3861,8708
3862,8716
3863,8718
3864,8720
3865,8722
3866,8724
3867,8726
3868,8727
3869,8731
3870,8741
3871,8742
3872,8743
3873,8745
3874,8747
3875,8749
3876,8753
3877,8754
3878,8757
3879,8762
3880,8763
3881,8764
3882,8765
3883,8767
3884,8769
3885,8770
3886,8771
3887,8772
3888,8773
3889,8777
3890,8782
3891,8786
3892,8787
3893,8791
3894,8794
3895,8796
3896,8797
3897,8800
3898,8803
3899,8804
3900,8806
3901,8813
3902,8814
3903,8815
3904,8817
3905,8818
3906,8821
3907,8824
3908,8825
3909,8829
3910,8830
3911,8831
3912,8834
3913,8835
3914,8836
3915,8837
3916,8838
3917,8840
3918,8842
3919,8843
3920,8844
3921,8847
3922,8850
3923,8852
3924,8853
3925,8855
3926,8858
3927,8859
3928,8861
3929,8862
3930,8864
3931,8865
3932,8870
3933,8874
3934,8875
3935,8879
3936,8880
3937,8881
3938,8889
3939,8893
3940,8895
3941,8896
3942,8897
3943,8898
3944,8899
3945,8900
3946,8905
3947,8908
3948,8909
3949,8911
3950,8915
3951,8919
3952,8920
3953,8923
3954,8924
3955,8925
3956,8928
3957,8930
3958,8931
3959,8933
3960,8935
3961,8938
3962,8939
3963,8941
3964,8942
3965,8949
3966,8950
3967,8953
3968,8959
3969,8961
3970,8962
3971,8963
3972,8967
3973,8968
3974,8970
3975,8971
3976,8974
3977,8978
3978,8981
3979,8982
3980,8984
3981,8985
3982,8986
3983,8987
3984,8988
3985,8991
3986,8992
3987,8994
3988,8996
3989,8997
3990,9000
3991,9002
3992,9005
3993,9006
3994,9010
3995,9011
3996,9013
3997,9014
3998,9017
3999,9018
4000,9019
4001,9025
4002,9026
4003,9027
4004,9030
4005,9031
4006,9034
4007,9035
4008,9036
4009,9038
4010,9040
4011,9041
4012,9042
4013,9043
4014,9045
4015,9047
4016,9048
4017,9049
4018,9050
4019,9051
4020,9053
4021,9054
4022,9055
4023,9056
4024,9058
4025,9059
4026,9063
4027,9065
4028,9066
4029,9067
4030,9071
4031,9073
4032,9075
4033,9076
4034,9078
4035,9081
4036,9082
4037,9085
4038,9088
4039,9092
4040,9097
4041,9099
4042,9101
4043,9102
4044,9103
4045,9104
4046,9109
4047,9115
4048,9120
4049,9122
4050,9123
4051,9124
4052,9127
4053,9128
4054,9130
4055,9135
4056,9137
4057,9138
4058,9140
4059,9142
4060,9146
4061,9147
4062,9148
4063,9149
4064,9157
4065,9158
4066,9159
4067,9160
4068,9163
4069,9167
4070,9168
4071,9171
4072,9172
4073,9176
4074,9177
4075,9180
4076,9186
4077,9187
4078,9188
4079,9190
4080,9194
4081,9196
4082,9198
4083,9199
4084,9201
4085,9203
4086,9207
4087,9209
4088,9211
4089,9214
4090,9215
4091,9217
4092,9220
4093,9221
4094,9226
4095,9229
