system,model_seed,reverse_region,timestep,call_index,site,operation,anchor_weight_mass,complement_weight_mass,anchor_norm,complement_residual_norm,fraction_projected,near_zero_skip_fraction,pre_projection_cosine,post_projection_cosine,removed_opposing_norm_ratio,removed_opposing_energy_ratio,retained_complement_norm,full_to_aa_delta_norm,aa_to_fa_delta_norm,effective_branch_count,maximum_weight,top1_top2_margin,dominant_period,active_period_count,decomposition_identity_max_abs_error,maximum_post_projection_violation
PETS_U_BF_EFULL_DFULL,0,high_noise,490,0,encoder,FULL,0.5545741841197014,0.4454258156474679,4.472598551059491,1.0613817842586286,0.0,0.0,-0.4331690099678775,-0.4331690099678775,0.0,0.0,1.0613817842586286,0.0,1.0613817842586286,3.0559042021632195,0.5298545975238085,0.3339890851639211,30.59375,7.0,5.960464477539064e-08,16.967578887939453
PETS_U_BF_EFULL_DFULL,0,high_noise,490,0,decoder,FULL,0.9562544636428356,0.0437455346327624,1.4277173090376891,0.0384573979788029,0.0,0.0,-0.5808305782051661,-0.5808305782051661,0.0,0.0,0.0384573979788029,0.0,0.0384573979788029,1.098523087799549,0.9562544636428356,0.9298636429011822,25.0,4.0,5.122274160385132e-09,0.4808708429336548
PETS_U_BF_EAA_DFULL,0,high_noise,490,0,encoder,ANTI_ANCHOR,0.5545741841197014,0.4454258156474679,4.472598551059491,1.0613817842586286,0.844482421875,0.0,-0.4331690099678775,0.0429682522516642,0.4761372548356815,0.3170823058366904,0.838987729684959,0.5229903161481309,0.838987729684959,3.0559042021632195,0.5298545975238085,0.3339890851639211,30.59375,7.0,5.960464477539064e-08,1.1920928955078125e-07
PETS_U_BF_EAA_DFULL,0,high_noise,490,0,decoder,FULL,0.9574615322053432,0.0425384754998958,1.436587874632096,0.0373391822612916,0.0,0.0,-0.5785992780265872,-0.5785992780265872,0.0,0.0,0.0373391822612916,0.0,0.0373391822612916,1.0956934243440628,0.9574615322053432,0.9318548664450644,25.0,4.0,4.6566128730773926e-09,0.4822618365287781
PETS_U_BF_EFULL_DAA,0,high_noise,490,0,encoder,FULL,0.5545741841197014,0.4454258156474679,4.472598551059491,1.0613817842586286,0.0,0.0,-0.4331690099678775,-0.4331690099678775,0.0,0.0,1.0613817842586286,0.0,1.0613817842586286,3.0559042021632195,0.5298545975238085,0.3339890851639211,30.59375,7.0,5.960464477539064e-08,16.967578887939453
PETS_U_BF_EFULL_DAA,0,high_noise,490,0,decoder,ANTI_ANCHOR,0.9562544636428356,0.0437455346327624,1.4277173090376891,0.0384573979788029,0.99560546875,0.0,-0.5808305782051661,0.000300692500426,0.5811311025850046,0.366945322804117,0.0301656395395895,0.0224723264246158,0.0301656395395895,1.098523087799549,0.9562544636428356,0.9298636429011822,25.0,4.0,5.122274160385132e-09,3.725290298461914e-09
PETS_U_BF_EAA_DAA,0,high_noise,490,0,encoder,ANTI_ANCHOR,0.5545741841197014,0.4454258156474679,4.472598551059491,1.0613817842586286,0.844482421875,0.0,-0.4331690099678775,0.0429682522516642,0.4761372548356815,0.3170823058366904,0.838987729684959,0.5229903161481309,0.838987729684959,3.0559042021632195,0.5298545975238085,0.3339890851639211,30.59375,7.0,5.960464477539064e-08,1.1920928955078125e-07
PETS_U_BF_EAA_DAA,0,high_noise,490,0,decoder,ANTI_ANCHOR,0.9574615322053432,0.0425384754998958,1.436587874632096,0.0373391822612916,0.99560546875,0.0,-0.5785992780265872,0.0003150099210862,0.5789141130685493,0.3647372751839617,0.029393819993075,0.0216526030557897,0.029393819993075,1.0956934243440628,0.9574615322053432,0.9318548664450644,25.0,4.0,4.6566128730773926e-09,3.725290298461914e-09
PETS_U_BF_EFULL_DFULL,0,middle,250,0,encoder,FULL,0.5706952018663287,0.4293047913815826,7.682003851456102,1.3075371405320766,0.0,0.0,-0.5605323371715301,-0.5605323371715301,0.0,0.0,1.3075371405320766,0.0,1.3075371405320766,2.852416690438986,0.5660284487530589,0.3983802977018058,24.71875,7.0,8.195638656616212e-08,40.47344207763672
PETS_U_BF_EFULL_DFULL,0,middle,250,0,decoder,FULL,0.98177532851696,0.0182246720214607,1.89197155306465,0.0192021351189168,0.0,0.0,-0.6275166115755582,-0.6275166115755582,0.0,0.0,0.0192021351189168,0.0,0.0192021351189168,1.0377365425229073,0.98177532851696,0.9712105244398116,25.0,4.0,1.164153218269348e-09,0.2314921617507934
PETS_U_BF_EAA_DFULL,0,middle,250,0,encoder,ANTI_ANCHOR,0.5706952018663287,0.4293047913815826,7.682003851456102,1.3075371405320766,0.9033203125,0.0,-0.5605323371715301,0.0207483041534492,0.5812806292551613,0.4279041318543962,0.912371180491391,0.7904805698258563,0.912371180491391,2.852416690438986,0.5660284487530589,0.3983802977018058,24.71875,7.0,8.195638656616212e-08,2.384185791015625e-07
PETS_U_BF_EAA_DFULL,0,middle,250,0,decoder,FULL,0.9821887593716384,0.017811239027651,1.885864943105844,0.0183529204979038,0.0,0.0,-0.6256015558236925,-0.6256015558236925,0.0,0.0,0.0183529204979038,0.0,0.0183529204979038,1.036852665245533,0.9821887593716384,0.9719157237559556,25.0,4.0,9.313225746154783e-10,0.21119025349617
PETS_U_BF_EFULL_DAA,0,middle,250,0,encoder,FULL,0.5706952018663287,0.4293047913815826,7.682003851456102,1.3075371405320766,0.0,0.0,-0.5605323371715301,-0.5605323371715301,0.0,0.0,1.3075371405320766,0.0,1.3075371405320766,2.852416690438986,0.5660284487530589,0.3983802977018058,24.71875,7.0,8.195638656616212e-08,40.47344207763672
PETS_U_BF_EFULL_DAA,0,middle,250,0,decoder,ANTI_ANCHOR,0.98177532851696,0.0182246720214607,1.89197155306465,0.0192021351189168,0.990234375,0.0,-0.6275166115755582,0.0008273131800153,0.6283436697903539,0.4372452983362495,0.0134242832225766,0.0127867135751347,0.0134242832225766,1.0377365425229073,0.98177532851696,0.9712105244398116,25.0,4.0,1.164153218269348e-09,1.862645149230957e-09
PETS_U_BF_EAA_DAA,0,middle,250,0,encoder,ANTI_ANCHOR,0.5706952018663287,0.4293047913815826,7.682003851456102,1.3075371405320766,0.9033203125,0.0,-0.5605323371715301,0.0207483041534492,0.5812806292551613,0.4279041318543962,0.912371180491391,0.7904805698258563,0.912371180491391,2.852416690438986,0.5660284487530589,0.3983802977018058,24.71875,7.0,8.195638656616212e-08,2.384185791015625e-07
PETS_U_BF_EAA_DAA,0,middle,250,0,decoder,ANTI_ANCHOR,0.9821887593716384,0.017811239027651,1.885864943105844,0.0183529204979038,0.989990234375,0.0,-0.6256015558236925,0.0008432234460621,0.6264445179268989,0.4346708938395985,0.0129004095882692,0.0121564746734299,0.0129004095882692,1.036852665245533,0.9821887593716384,0.9719157237559556,25.0,4.0,9.313225746154783e-10,9.313225746154783e-10
PETS_U_BF_EFULL_DFULL,0,clean,0,0,encoder,FULL,0.5982196982949972,0.4017803035676479,2.839495307795005,0.4946903989766724,0.0,0.0,-0.6686981374453254,-0.6686981374453254,0.0,0.0,0.4946903989766724,0.0,0.4946903989766724,2.59923255443573,0.5855547869578004,0.4362303642556071,31.4375,7.0,2.2351741790771484e-08,5.070730209350586
PETS_U_BF_EFULL_DFULL,0,clean,0,0,decoder,FULL,0.7527734022587538,0.2472266005352139,1.3406595530395862,0.1692413747696264,0.0,0.0,-0.7248001232255774,-0.7248001232255774,0.0,0.0,0.1692413747696264,0.0,0.1692413747696264,1.6584627889096737,0.7511083213612437,0.596162986010313,31.4375,4.0,1.1175870895385742e-08,0.7445734739303589
PETS_U_BF_EAA_DFULL,0,clean,0,0,encoder,ANTI_ANCHOR,0.5982196982949972,0.4017803035676479,2.839495307795005,0.4946903989766724,0.9072265625,0.0,-0.6686981374453254,0.0326118626217539,0.7013099838221706,0.5690277361582332,0.3060365442088368,0.3431505596664976,0.3060365442088368,2.59923255443573,0.5855547869578004,0.4362303642556071,31.4375,7.0,2.2351741790771484e-08,2.9802322387695312e-08
PETS_U_BF_EAA_DFULL,0,clean,0,0,decoder,FULL,0.7498258790001273,0.2501741298474371,1.3519505482399836,0.1717190091067095,0.0,0.0,-0.7256406444855656,-0.7256406444855656,0.0,0.0,0.1717190091067095,0.0,0.1717190091067095,1.6664468608796597,0.7481607971712947,0.591157428920269,31.4375,4.0,1.1175870895385742e-08,0.8142797946929932
PETS_U_BF_EFULL_DAA,0,clean,0,0,encoder,FULL,0.5982196982949972,0.4017803035676479,2.839495307795005,0.4946903989766724,0.0,0.0,-0.6686981374453254,-0.6686981374453254,0.0,0.0,0.4946903989766724,0.0,0.4946903989766724,2.59923255443573,0.5855547869578004,0.4362303642556071,31.4375,7.0,2.2351741790771484e-08,5.070730209350586
PETS_U_BF_EFULL_DAA,0,clean,0,0,decoder,ANTI_ANCHOR,0.7527734022587538,0.2472266005352139,1.3406595530395862,0.1692413747696264,0.9384765625,0.0,-0.7248001232255774,0.0155876112880441,0.7403877077222205,0.5996199875352879,0.1082524188850584,0.1135636116497949,0.1082524188850584,1.6584627889096737,0.7511083213612437,0.596162986010313,31.4375,4.0,1.1175870895385742e-08,7.450580596923828e-09
PETS_U_BF_EAA_DAA,0,clean,0,0,encoder,ANTI_ANCHOR,0.5982196982949972,0.4017803035676479,2.839495307795005,0.4946903989766724,0.9072265625,0.0,-0.6686981374453254,0.0326118626217539,0.7013099838221706,0.5690277361582332,0.3060365442088368,0.3431505596664976,0.3060365442088368,2.59923255443573,0.5855547869578004,0.4362303642556071,31.4375,7.0,2.2351741790771484e-08,2.9802322387695312e-08
PETS_U_BF_EAA_DAA,0,clean,0,0,decoder,ANTI_ANCHOR,0.7498258790001273,0.2501741298474371,1.3519505482399836,0.1717190091067095,0.9384765625,0.0,-0.7256406444855656,0.0155889471790789,0.7412295648273357,0.601349967444321,0.1091056309451232,0.1158940609766432,0.1091056309451232,1.6664468608796597,0.7481607971712947,0.591157428920269,31.4375,4.0,1.1175870895385742e-08,3.725290298461914e-09
PETS_U_BF_EFULL_DFULL,1,high_noise,490,0,encoder,FULL,0.6396041875705123,0.3603958166204393,4.485444622347131,0.966283550420485,0.0,0.0,-0.4507048300951304,-0.4507048300951304,0.0,0.0,0.966283550420485,0.0,0.966283550420485,2.32713495567441,0.6311099883168936,0.4432708821259439,27.75,5.0,5.960464477539064e-08,13.985458374023438
PETS_U_BF_EFULL_DFULL,1,high_noise,490,0,decoder,FULL,0.7300510937348008,0.2699489014048595,1.4792016113206046,0.2870297731637379,0.0,0.0,-0.4061286387029668,-0.4061286387029668,0.0,0.0,0.2870297731637379,0.0,0.2870297731637379,1.6566821783781052,0.7300510937348008,0.4890805371105671,21.0,6.0,2.2351741790771484e-08,1.753866195678711
PETS_U_BF_EAA_DFULL,1,high_noise,490,0,encoder,ANTI_ANCHOR,0.6396041875705123,0.3603958166204393,4.485444622347131,0.966283550420485,0.8994140625,0.0,-0.4507048300951304,0.0192309332876519,0.4699357560851585,0.2918165902171036,0.7999980246750056,0.4475235515979934,0.7999980246750056,2.32713495567441,0.6311099883168936,0.4432708821259439,27.75,5.0,5.960464477539064e-08,1.341104507446289e-07
PETS_U_BF_EAA_DFULL,1,high_noise,490,0,decoder,FULL,0.7323694489896297,0.2676305525383213,1.4792653649346903,0.2854462746080912,0.0,0.0,-0.4065323760949642,-0.4065323760949642,0.0,0.0,0.2854462746080912,0.0,0.2854462746080912,1.6516324393451214,0.7323694489896297,0.4932647123932838,21.0,6.0,2.2351741790771484e-08,1.76206374168396
PETS_U_BF_EFULL_DAA,1,high_noise,490,0,encoder,FULL,0.6396041875705123,0.3603958166204393,4.485444622347131,0.966283550420485,0.0,0.0,-0.4507048300951304,-0.4507048300951304,0.0,0.0,0.966283550420485,0.0,0.966283550420485,2.32713495567441,0.6311099883168936,0.4432708821259439,27.75,5.0,5.960464477539064e-08,13.985458374023438
PETS_U_BF_EFULL_DAA,1,high_noise,490,0,decoder,ANTI_ANCHOR,0.7300510937348008,0.2699489014048595,1.4792016113206046,0.2870297731637379,0.964599609375,0.0,-0.4061286387029668,0.0027738856370123,0.4089025082025728,0.2085533775899786,0.2517958609665811,0.1204081034358139,0.2517958609665811,1.6566821783781052,0.7300510937348008,0.4890805371105671,21.0,6.0,2.2351741790771484e-08,1.4901161193847656e-08
PETS_U_BF_EAA_DAA,1,high_noise,490,0,encoder,ANTI_ANCHOR,0.6396041875705123,0.3603958166204393,4.485444622347131,0.966283550420485,0.8994140625,0.0,-0.4507048300951304,0.0192309332876519,0.4699357560851585,0.2918165902171036,0.7999980246750056,0.4475235515979934,0.7999980246750056,2.32713495567441,0.6311099883168936,0.4432708821259439,27.75,5.0,5.960464477539064e-08,1.341104507446289e-07
PETS_U_BF_EAA_DAA,1,high_noise,490,0,decoder,ANTI_ANCHOR,0.7323694489896297,0.2676305525383213,1.4792653649346903,0.2854462746080912,0.964599609375,0.0,-0.4065323760949642,0.0027652646190072,0.409297625275542,0.2092061881573125,0.2503998043824822,0.1196865627378631,0.2503998043824822,1.6516324393451214,0.7323694489896297,0.4932647123932838,21.0,6.0,2.2351741790771484e-08,1.862645149230957e-08
PETS_U_BF_EFULL_DFULL,1,middle,250,0,encoder,FULL,0.5833001052960753,0.4166999030858278,9.38072594604455,1.9001005598129268,0.0,0.0,-0.6295671492015629,-0.6295671492015629,0.0,0.0,1.9001005598129268,0.0,1.9001005598129268,2.582486368715763,0.569559657946229,0.3504474870860576,29.03125,5.0,8.940696716308595e-08,68.91852569580078
PETS_U_BF_EFULL_DFULL,1,middle,250,0,decoder,FULL,0.9602631609886884,0.0397368380072293,1.8235271558660315,0.0514465939241972,0.0,0.0,-0.6491670974836552,-0.6491670974836552,0.0,0.0,0.0514465939241972,0.0,0.0514465939241972,1.0855134055018425,0.9602631609886884,0.9400489795953036,25.0,6.0,3.725290298461914e-09,1.0455567836761477
PETS_U_BF_EAA_DFULL,1,middle,250,0,encoder,ANTI_ANCHOR,0.5833001052960753,0.4166999030858278,9.38072594604455,1.9001005598129268,0.88232421875,0.0,-0.6295671492015629,0.0427634706466724,0.6723305982699799,0.5545745056037361,1.1077671364237176,1.3411392591789593,1.1077671364237176,2.582486368715763,0.569559657946229,0.3504474870860576,29.03125,5.0,8.940696716308595e-08,3.5762786865234375e-07
PETS_U_BF_EAA_DFULL,1,middle,250,0,decoder,FULL,0.9602858740836382,0.0397141265711979,1.776065046331496,0.0483658290800121,0.0,0.0,-0.6415937012473023,-0.6415937012473023,0.0,0.0,0.0483658290800121,0.0,0.0483658290800121,1.0854172632098198,0.9602858740836382,0.9403032902628184,25.0,6.0,1.862645149230957e-09,1.044618844985962
PETS_U_BF_EFULL_DAA,1,middle,250,0,encoder,FULL,0.5833001052960753,0.4166999030858278,9.38072594604455,1.9001005598129268,0.0,0.0,-0.6295671492015629,-0.6295671492015629,0.0,0.0,1.9001005598129268,0.0,1.9001005598129268,2.582486368715763,0.569559657946229,0.3504474870860576,29.03125,5.0,8.940696716308595e-08,68.91852569580078
PETS_U_BF_EFULL_DAA,1,middle,250,0,decoder,ANTI_ANCHOR,0.9602631609886884,0.0397368380072293,1.8235271558660315,0.0514465939241972,0.98779296875,0.0,-0.6491670974836552,0.0016746907491017,0.6508416779294066,0.4646855233500815,0.035470841291044,0.0342764511740476,0.035470841291044,1.0855134055018425,0.9602631609886884,0.9400489795953036,25.0,6.0,3.725290298461914e-09,2.7939677238464355e-09
PETS_U_BF_EAA_DAA,1,middle,250,0,encoder,ANTI_ANCHOR,0.5833001052960753,0.4166999030858278,9.38072594604455,1.9001005598129268,0.88232421875,0.0,-0.6295671492015629,0.0427634706466724,0.6723305982699799,0.5545745056037361,1.1077671364237176,1.3411392591789593,1.1077671364237176,2.582486368715763,0.569559657946229,0.3504474870860576,29.03125,5.0,8.940696716308595e-08,3.5762786865234375e-07
PETS_U_BF_EAA_DAA,1,middle,250,0,decoder,ANTI_ANCHOR,0.9602858740836382,0.0397141265711979,1.776065046331496,0.0483658290800121,0.987060546875,0.0,-0.6415937012473023,0.0018957680317314,0.643489361401862,0.4536986438409549,0.0338952056415564,0.0317902462883168,0.0338952056415564,1.0854172632098198,0.9602858740836382,0.9403032902628184,25.0,6.0,1.862645149230957e-09,3.725290298461914e-09
PETS_U_BF_EFULL_DFULL,1,clean,0,0,encoder,FULL,0.6180295366793871,0.381970458664,3.34298860875424,0.6543911594053498,0.0,0.0,-0.6591106389743757,-0.6591106389743757,0.0,0.0,0.6543911594053498,0.0,0.6543911594053498,2.4651072956621647,0.594632881693542,0.4211018625646829,37.875,5.0,2.9802322387695312e-08,5.833855152130127
PETS_U_BF_EFULL_DFULL,1,clean,0,0,decoder,FULL,0.8901271149516106,0.1098728801589459,1.4549227452953346,0.0680037153388184,0.0,0.0,-0.6724640702744296,-0.6724640702744296,0.0,0.0,0.0680037153388184,0.0,0.0680037153388184,1.264014918357134,0.8901271149516106,0.8358839359134436,25.0,6.0,2.7939677238464355e-09,0.3317556381225586
PETS_U_BF_EAA_DFULL,1,clean,0,0,encoder,ANTI_ANCHOR,0.6180295366793871,0.381970458664,3.34298860875424,0.6543911594053498,0.872802734375,0.0,-0.6591106389743757,0.0356260013714402,0.6947366205308043,0.579477162367386,0.4039664420852205,0.4410765032599464,0.4039664420852205,2.4651072956621647,0.594632881693542,0.4211018625646829,37.875,5.0,2.9802322387695312e-08,2.9802322387695312e-08
PETS_U_BF_EAA_DFULL,1,clean,0,0,decoder,FULL,0.8870231285691261,0.1129768764367327,1.4612927135895006,0.070348051943256,0.0,0.0,-0.6734790630343355,-0.6734790630343355,0.0,0.0,0.070348051943256,0.0,0.070348051943256,1.2723890133202076,0.8870231285691261,0.8313006926327944,25.0,6.0,2.7939677238464355e-09,0.3318886756896972
PETS_U_BF_EFULL_DAA,1,clean,0,0,encoder,FULL,0.6180295366793871,0.381970458664,3.34298860875424,0.6543911594053498,0.0,0.0,-0.6591106389743757,-0.6591106389743757,0.0,0.0,0.6543911594053498,0.0,0.6543911594053498,2.4651072956621647,0.594632881693542,0.4211018625646829,37.875,5.0,2.9802322387695312e-08,5.833855152130127
PETS_U_BF_EFULL_DAA,1,clean,0,0,decoder,ANTI_ANCHOR,0.8901271149516106,0.1098728801589459,1.4549227452953346,0.0680037153388184,0.9951171875,0.0,-0.6724640702744296,0.0004077596600133,0.6728717717447239,0.4761351105749634,0.0468383736454143,0.0479646339826338,0.0468383736454143,1.264014918357134,0.8901271149516106,0.8358839359134436,25.0,6.0,2.7939677238464355e-09,3.725290298461914e-09
PETS_U_BF_EAA_DAA,1,clean,0,0,encoder,ANTI_ANCHOR,0.6180295366793871,0.381970458664,3.34298860875424,0.6543911594053498,0.872802734375,0.0,-0.6591106389743757,0.0356260013714402,0.6947366205308043,0.579477162367386,0.4039664420852205,0.4410765032599464,0.4039664420852205,2.4651072956621647,0.594632881693542,0.4211018625646829,37.875,5.0,2.9802322387695312e-08,2.9802322387695312e-08
PETS_U_BF_EAA_DAA,1,clean,0,0,decoder,ANTI_ANCHOR,0.8870231285691261,0.1129768764367327,1.4612927135895006,0.070348051943256,0.9951171875,0.0,-0.6734790630343355,0.0003521760551933,0.6738311834542401,0.4769676497105601,0.0484386642299341,0.0496568522515374,0.0484386642299341,1.2723890133202076,0.8870231285691261,0.8313006926327944,25.0,6.0,2.7939677238464355e-09,3.725290298461914e-09
PETS_U_BF_EFULL_DFULL,2,high_noise,490,0,encoder,FULL,0.8576083648949862,0.1423916394360276,4.11972409838927,0.2906677866528753,0.0,0.0,-0.2245708550513878,-0.2245708550513878,0.0,0.0,0.2906677866528753,0.0,0.2906677866528753,1.4208020344376564,0.8575834119692445,0.7639537807554007,6.25,6.0,2.9802322387695312e-08,12.330695152282717
PETS_U_BF_EFULL_DFULL,2,high_noise,490,0,decoder,FULL,0.6745140962302685,0.3254859093576669,2.1747869038081262,0.3842588805000559,0.0,0.0,-0.3313142959514579,-0.3313142959514579,0.0,0.0,0.3842588805000559,0.0,0.3842588805000559,1.930074106901884,0.6738789631053805,0.4374039992690086,18.84375,5.0,2.2351741790771484e-08,3.275962352752685
PETS_U_BF_EAA_DFULL,2,high_noise,490,0,encoder,ANTI_ANCHOR,0.8576083648949862,0.1423916394360276,4.11972409838927,0.2906677866528753,0.700927734375,0.0,-0.2245708550513878,0.0684777822906196,0.2930485426922224,0.1657046069970463,0.2575393894483397,0.0919716309687498,0.2575393894483397,1.4208020344376564,0.8575834119692445,0.7639537807554007,6.25,6.0,2.9802322387695312e-08,1.1920928955078125e-07
PETS_U_BF_EAA_DFULL,2,high_noise,490,0,decoder,FULL,0.6742251850664616,0.325774832861498,2.1773772804590408,0.3851050446432964,0.0,0.0,-0.3312561549121078,-0.3312561549121078,0.0,0.0,0.3851050446432964,0.0,0.3851050446432964,1.9309434816241264,0.6735905595123768,0.4369741110131144,18.84375,5.0,2.2351741790771484e-08,3.2909722328186035
PETS_U_BF_EFULL_DAA,2,high_noise,490,0,encoder,FULL,0.8576083648949862,0.1423916394360276,4.11972409838927,0.2906677866528753,0.0,0.0,-0.2245708550513878,-0.2245708550513878,0.0,0.0,0.2906677866528753,0.0,0.2906677866528753,1.4208020344376564,0.8575834119692445,0.7639537807554007,6.25,6.0,2.9802322387695312e-08,12.330695152282717
PETS_U_BF_EFULL_DAA,2,high_noise,490,0,decoder,ANTI_ANCHOR,0.6745140962302685,0.3254859093576669,2.1747869038081262,0.3842588805000559,0.865234375,0.0,-0.3313142959514579,0.0184223765638387,0.3497366625270217,0.1823347557103751,0.3429262613180981,0.1355949907275158,0.3429262613180981,1.930074106901884,0.6738789631053805,0.4374039992690086,18.84375,5.0,2.2351741790771484e-08,2.9802322387695312e-08
PETS_U_BF_EAA_DAA,2,high_noise,490,0,encoder,ANTI_ANCHOR,0.8576083648949862,0.1423916394360276,4.11972409838927,0.2906677866528753,0.700927734375,0.0,-0.2245708550513878,0.0684777822906196,0.2930485426922224,0.1657046069970463,0.2575393894483397,0.0919716309687498,0.2575393894483397,1.4208020344376564,0.8575834119692445,0.7639537807554007,6.25,6.0,2.9802322387695312e-08,1.1920928955078125e-07
PETS_U_BF_EAA_DAA,2,high_noise,490,0,decoder,ANTI_ANCHOR,0.6742251850664616,0.325774832861498,2.1773772804590408,0.3851050446432964,0.864990234375,0.0,-0.3312561549121078,0.0184736297417247,0.3497297759117614,0.1823294853899753,0.3436829258184843,0.135891665979198,0.3436829258184843,1.9309434816241264,0.6735905595123768,0.4369741110131144,18.84375,5.0,2.2351741790771484e-08,2.9802322387695312e-08
PETS_U_BF_EFULL_DFULL,2,middle,250,0,encoder,FULL,0.9602474328130484,0.0397525631560711,9.910790062858725,0.1751951375856748,0.0,0.0,-0.1828517478439408,-0.1828517478439408,0.0,0.0,0.1751951375856748,0.0,0.1751951375856748,1.0871000066399574,0.9602474328130484,0.939927838742733,6.0,6.0,1.1175870895385742e-08,8.313762664794922
PETS_U_BF_EFULL_DFULL,2,middle,250,0,decoder,FULL,0.9662851244211196,0.0337148714897921,2.4433719236403704,0.046813518906049,0.0,0.0,-0.6128073100797948,-0.6128073100797948,0.0,0.0,0.046813518906049,0.0,0.046813518906049,1.072530746459961,0.9662851244211196,0.9484427385032176,25.0,5.0,3.725290298461914e-09,0.5475651025772095
PETS_U_BF_EAA_DFULL,2,middle,250,0,encoder,ANTI_ANCHOR,0.9602474328130484,0.0397525631560711,9.910790062858725,0.1751951375856748,0.6328125,0.0,-0.1828517478439408,0.1002787504531164,0.2831304331805029,0.1638677617038044,0.1587331181109448,0.0475396901981968,0.1587331181109448,1.0871000066399574,0.9602474328130484,0.939927838742733,6.0,6.0,1.1175870895385742e-08,5.960464477539064e-08
PETS_U_BF_EAA_DFULL,2,middle,250,0,decoder,FULL,0.9662134014070034,0.0337866046756971,2.4442722439125646,0.0468904951791842,0.0,0.0,-0.6127216199665888,-0.6127216199665888,0.0,0.0,0.0468904951791842,0.0,0.0468904951791842,1.072690423578024,0.9662134014070034,0.9483364075422288,25.0,5.0,3.725290298461914e-09,0.5469468832015991
PETS_U_BF_EFULL_DAA,2,middle,250,0,encoder,FULL,0.9602474328130484,0.0397525631560711,9.910790062858725,0.1751951375856748,0.0,0.0,-0.1828517478439408,-0.1828517478439408,0.0,0.0,0.1751951375856748,0.0,0.1751951375856748,1.0871000066399574,0.9602474328130484,0.939927838742733,6.0,6.0,1.1175870895385742e-08,8.313762664794922
PETS_U_BF_EFULL_DAA,2,middle,250,0,decoder,ANTI_ANCHOR,0.9662851244211196,0.0337148714897921,2.4433719236403704,0.046813518906049,0.9873046875,0.0,-0.6128073100797948,0.0015334072614627,0.6143405664433548,0.4168391888845735,0.0352861907878718,0.0282746049536215,0.0352861907878718,1.072530746459961,0.9662851244211196,0.9484427385032176,25.0,5.0,3.725290298461914e-09,5.587935447692871e-09
PETS_U_BF_EAA_DAA,2,middle,250,0,encoder,ANTI_ANCHOR,0.9602474328130484,0.0397525631560711,9.910790062858725,0.1751951375856748,0.6328125,0.0,-0.1828517478439408,0.1002787504531164,0.2831304331805029,0.1638677617038044,0.1587331181109448,0.0475396901981968,0.1587331181109448,1.0871000066399574,0.9602474328130484,0.939927838742733,6.0,6.0,1.1175870895385742e-08,5.960464477539064e-08
PETS_U_BF_EAA_DAA,2,middle,250,0,decoder,ANTI_ANCHOR,0.9662134014070034,0.0337866046756971,2.4442722439125646,0.0468904951791842,0.9873046875,0.0,-0.6127216199665888,0.0015309158443011,0.6142523854738684,0.4167248226586582,0.0353431764665401,0.0283235969469977,0.0353431764665401,1.072690423578024,0.9662134014070034,0.9483364075422288,25.0,5.0,3.725290298461914e-09,3.725290298461914e-09
PETS_U_BF_EFULL_DFULL,2,clean,0,0,encoder,FULL,0.5465182671323419,0.4534817552193999,3.812545436871005,0.7433462496883294,0.0,0.0,-0.5693384270267243,-0.5693384270267243,0.0,0.0,0.7433462496883294,0.0,0.7433462496883294,3.1597960889339447,0.5063397279009223,0.3202342363074422,41.09375,6.0,2.2351741790771484e-08,8.023719787597656
PETS_U_BF_EFULL_DFULL,2,clean,0,0,decoder,FULL,0.8353646472096443,0.1646353600081056,1.2900022320245623,0.1067757496884951,0.0,0.0,-0.7144704702019737,-0.7144704702019737,0.0,0.0,0.1067757496884951,0.0,0.1067757496884951,1.4259055890142918,0.8353646472096443,0.742764089256525,25.0,5.0,7.450580596923828e-09,0.5309478640556335
PETS_U_BF_EAA_DFULL,2,clean,0,0,encoder,ANTI_ANCHOR,0.5465182671323419,0.4534817552193999,3.812545436871005,0.7433462496883294,0.811767578125,0.0,-0.5693384270267243,0.0796235099433895,0.6489619184010853,0.5436571238544274,0.4647383413539501,0.484068636127158,0.4647383413539501,3.1597960889339447,0.5063397279009223,0.3202342363074422,41.09375,6.0,2.2351741790771484e-08,4.4703483581542975e-08
PETS_U_BF_EAA_DFULL,2,clean,0,0,decoder,FULL,0.8298191465437412,0.1701808536890894,1.2922295082680648,0.1100815609556775,0.0,0.0,-0.7124916646528234,-0.7124916646528234,0.0,0.0,0.1100815609556775,0.0,0.1100815609556775,1.441688235849142,0.8298191465437412,0.7345613585785031,25.0,5.0,7.450580596923828e-09,0.5309914946556091
PETS_U_BF_EFULL_DAA,2,clean,0,0,encoder,FULL,0.5465182671323419,0.4534817552193999,3.812545436871005,0.7433462496883294,0.0,0.0,-0.5693384270267243,-0.5693384270267243,0.0,0.0,0.7433462496883294,0.0,0.7433462496883294,3.1597960889339447,0.5063397279009223,0.3202342363074422,41.09375,6.0,2.2351741790771484e-08,8.023719787597656
PETS_U_BF_EFULL_DAA,2,clean,0,0,decoder,ANTI_ANCHOR,0.8353646472096443,0.1646353600081056,1.2900022320245623,0.1067757496884951,0.99658203125,0.0,-0.7144704702019737,0.0001081508750544,0.7145785898903227,0.5281508306209879,0.0692196710861026,0.0798234462587963,0.0692196710861026,1.4259055890142918,0.8353646472096443,0.742764089256525,25.0,5.0,7.450580596923828e-09,3.725290298461914e-09
PETS_U_BF_EAA_DAA,2,clean,0,0,encoder,ANTI_ANCHOR,0.5465182671323419,0.4534817552193999,3.812545436871005,0.7433462496883294,0.811767578125,0.0,-0.5693384270267243,0.0796235099433895,0.6489619184010853,0.5436571238544274,0.4647383413539501,0.484068636127158,0.4647383413539501,3.1597960889339447,0.5063397279009223,0.3202342363074422,41.09375,6.0,2.2351741790771484e-08,4.4703483581542975e-08
PETS_U_BF_EAA_DAA,2,clean,0,0,decoder,ANTI_ANCHOR,0.8298191465437412,0.1701808536890894,1.2922295082680648,0.1100815609556775,0.99755859375,0.0,-0.7124916646528234,9.712723164347516e-05,0.7125887623778908,0.5250662338088568,0.0716535267765721,0.082039408394948,0.0716535267765721,1.441688235849142,0.8298191465437412,0.7345613585785031,25.0,5.0,7.450580596923828e-09,3.725290298461914e-09
PETS_U_BF_EFULL_DFULL,42,high_noise,490,0,encoder,FULL,0.896641556173563,0.1033584586130018,4.671045883093029,0.265540977400363,0.0,0.0,-0.2799080318970457,-0.2799080318970457,0.0,0.0,0.265540977400363,0.0,0.265540977400363,1.33400421962142,0.8763862568885088,0.7979156309738755,8.53125,5.0,4.4703483581542975e-08,8.247790336608887
PETS_U_BF_EFULL_DFULL,42,high_noise,490,0,decoder,FULL,0.7483130358159542,0.2516869692190084,1.5951294746046187,0.2444900064439252,0.0,0.0,-0.3208338604683973,-0.3208338604683973,0.0,0.0,0.2444900064439252,0.0,0.2444900064439252,1.6209514625370502,0.7447031643241644,0.5077126929536462,18.625,5.0,1.4901161193847656e-08,1.120823621749878
PETS_U_BF_EAA_DFULL,42,high_noise,490,0,encoder,ANTI_ANCHOR,0.896641556173563,0.1033584586130018,4.671045883093029,0.265540977400363,0.773681640625,0.0,-0.2799080318970457,0.0416001686619138,0.321508076511062,0.1723577763635935,0.2385130691479133,0.087410013778348,0.2385130691479133,1.33400421962142,0.8763862568885088,0.7979156309738755,8.53125,5.0,4.4703483581542975e-08,8.195638656616212e-08
PETS_U_BF_EAA_DFULL,42,high_noise,490,0,decoder,FULL,0.7484263423830271,0.2515736513596494,1.5974037565028991,0.244344182266559,0.0,0.0,-0.3204384694467359,-0.3204384694467359,0.0,0.0,0.244344182266559,0.0,0.244344182266559,1.6206451393663883,0.7448166571557522,0.5079159429296851,18.625,5.0,1.4901161193847656e-08,1.1172711849212646
PETS_U_BF_EFULL_DAA,42,high_noise,490,0,encoder,FULL,0.896641556173563,0.1033584586130018,4.671045883093029,0.265540977400363,0.0,0.0,-0.2799080318970457,-0.2799080318970457,0.0,0.0,0.265540977400363,0.0,0.265540977400363,1.33400421962142,0.8763862568885088,0.7979156309738755,8.53125,5.0,4.4703483581542975e-08,8.247790336608887
PETS_U_BF_EFULL_DAA,42,high_noise,490,0,decoder,ANTI_ANCHOR,0.7483130358159542,0.2516869692190084,1.5951294746046187,0.2444900064439252,0.9052734375,0.0,-0.3208338604683973,0.0074768943678272,0.328310736772508,0.1557482736498456,0.2230494630009616,0.0806504858674275,0.2230494630009616,1.6209514625370502,0.7447031643241644,0.5077126929536462,18.625,5.0,1.4901161193847656e-08,1.1175870895385742e-08
PETS_U_BF_EAA_DAA,42,high_noise,490,0,encoder,ANTI_ANCHOR,0.896641556173563,0.1033584586130018,4.671045883093029,0.265540977400363,0.773681640625,0.0,-0.2799080318970457,0.0416001686619138,0.321508076511062,0.1723577763635935,0.2385130691479133,0.087410013778348,0.2385130691479133,1.33400421962142,0.8763862568885088,0.7979156309738755,8.53125,5.0,4.4703483581542975e-08,8.195638656616212e-08
PETS_U_BF_EAA_DAA,42,high_noise,490,0,decoder,ANTI_ANCHOR,0.7484263423830271,0.2515736513596494,1.5974037565028991,0.244344182266559,0.905029296875,0.0,-0.3204384694467359,0.0075187110668023,0.3279571623464221,0.1555752949951685,0.2229303684243859,0.0805435558139846,0.2229303684243859,1.6206451393663883,0.7448166571557522,0.5079159429296851,18.625,5.0,1.4901161193847656e-08,1.1175870895385742e-08
PETS_U_BF_EFULL_DFULL,42,middle,250,0,encoder,FULL,0.5785034876316786,0.4214965067803859,6.3660020219685975,1.2525513795917504,0.0,0.0,-0.6084851399778302,-0.6084851399778302,0.0,0.0,1.2525513795917504,0.0,1.2525513795917504,2.742660742253065,0.554620822891593,0.3563872342929244,32.53125,5.0,4.4703483581542975e-08,31.16733932495117
PETS_U_BF_EFULL_DFULL,42,middle,250,0,decoder,FULL,0.9736226070672274,0.0263773882616078,1.7742938918381697,0.0312411993926957,0.0,0.0,-0.7159328241924641,-0.7159328241924641,0.0,0.0,0.0312411993926957,0.0,0.0312411993926957,1.0557591542601583,0.9736226070672274,0.9604208152741194,25.0,5.0,1.164153218269348e-09,0.378711998462677
PETS_U_BF_EAA_DFULL,42,middle,250,0,encoder,ANTI_ANCHOR,0.5785034876316786,0.4214965067803859,6.3660020219685975,1.2525513795917504,0.866943359375,0.0,-0.6084851399778302,0.0530688963976661,0.6615540196822565,0.5369386614868716,0.7728850526436872,0.8470733192014279,0.7728850526436872,2.742660742253065,0.554620822891593,0.3563872342929244,32.53125,5.0,4.4703483581542975e-08,1.341104507446289e-07
PETS_U_BF_EAA_DFULL,42,middle,250,0,decoder,FULL,0.9741698689758778,0.0258301416470203,1.752273388003232,0.0296011122099457,0.0,0.0,-0.7100276222608386,-0.7100276222608386,0.0,0.0,0.0296011122099457,0.0,0.0296011122099457,1.054558228701353,0.9741698689758778,0.9612829629331828,25.0,5.0,1.164153218269348e-09,0.3786995708942413
PETS_U_BF_EFULL_DAA,42,middle,250,0,encoder,FULL,0.5785034876316786,0.4214965067803859,6.3660020219685975,1.2525513795917504,0.0,0.0,-0.6084851399778302,-0.6084851399778302,0.0,0.0,1.2525513795917504,0.0,1.2525513795917504,2.742660742253065,0.554620822891593,0.3563872342929244,32.53125,5.0,4.4703483581542975e-08,31.16733932495117
PETS_U_BF_EFULL_DAA,42,middle,250,0,decoder,ANTI_ANCHOR,0.9736226070672274,0.0263773882616078,1.7742938918381697,0.0312411993926957,0.994873046875,0.0,-0.7159328241924641,0.0004467557729139,0.7163794110783783,0.5456608152184792,0.0192511564686697,0.0236008225051165,0.0192511564686697,1.0557591542601583,0.9736226070672274,0.9604208152741194,25.0,5.0,1.164153218269348e-09,1.862645149230957e-09
PETS_U_BF_EAA_DAA,42,middle,250,0,encoder,ANTI_ANCHOR,0.5785034876316786,0.4214965067803859,6.3660020219685975,1.2525513795917504,0.866943359375,0.0,-0.6084851399778302,0.0530688963976661,0.6615540196822565,0.5369386614868716,0.7728850526436872,0.8470733192014279,0.7728850526436872,2.742660742253065,0.554620822891593,0.3563872342929244,32.53125,5.0,4.4703483581542975e-08,1.341104507446289e-07
PETS_U_BF_EAA_DAA,42,middle,250,0,decoder,ANTI_ANCHOR,0.9741698689758778,0.0258301416470203,1.752273388003232,0.0296011122099457,0.994384765625,0.0,-0.7100276222608386,0.0005170235707728,0.7105444741491738,0.5408272574124071,0.0182175609862724,0.0222752920712636,0.0182175609862724,1.054558228701353,0.9741698689758778,0.9612829629331828,25.0,5.0,1.164153218269348e-09,1.862645149230957e-09
PETS_U_BF_EFULL_DFULL,42,clean,0,0,encoder,FULL,0.5861132116988301,0.4138867817819118,3.8587638231983874,0.7067203837686975,0.0,0.0,-0.6262767190908107,-0.6262767190908107,0.0,0.0,0.7067203837686975,0.0,0.7067203837686975,2.6653953418135643,0.5608154246583581,0.3722490156069398,37.875,5.0,2.9802322387695312e-08,9.945432662963867
PETS_U_BF_EFULL_DFULL,42,clean,0,0,decoder,FULL,0.7918612770736217,0.2081387338694185,1.3058618120558094,0.1335934844732946,0.0,0.0,-0.7574911145334227,-0.7574911145334227,0.0,0.0,0.1335934844732946,0.0,0.1335934844732946,1.5635333620011806,0.7918612770736217,0.6812993586063385,25.0,5.0,7.450580596923828e-09,0.6314797401428223
PETS_U_BF_EAA_DFULL,42,clean,0,0,encoder,ANTI_ANCHOR,0.5861132116988301,0.4138867817819118,3.8587638231983874,0.7067203837686975,0.830078125,0.0,-0.6262767190908107,0.0757124796748582,0.7019891725138336,0.6172824227339067,0.3946931409518583,0.4901586677422642,0.3946931409518583,2.6653953418135643,0.5608154246583581,0.3722490156069398,37.875,5.0,2.9802322387695312e-08,4.4703483581542975e-08
PETS_U_BF_EAA_DFULL,42,clean,0,0,decoder,FULL,0.7848316766321659,0.2151683249976486,1.308666902812547,0.1383936060142332,0.0,0.0,-0.7553788995322748,-0.7553788995322748,0.0,0.0,0.1383936060142332,0.0,0.1383936060142332,1.587340321391821,0.7848316766321659,0.6708766631782055,25.0,5.0,7.450580596923828e-09,0.6314906477928162
PETS_U_BF_EFULL_DAA,42,clean,0,0,encoder,FULL,0.5861132116988301,0.4138867817819118,3.8587638231983874,0.7067203837686975,0.0,0.0,-0.6262767190908107,-0.6262767190908107,0.0,0.0,0.7067203837686975,0.0,0.7067203837686975,2.6653953418135643,0.5608154246583581,0.3722490156069398,37.875,5.0,2.9802322387695312e-08,9.945432662963867
PETS_U_BF_EFULL_DAA,42,clean,0,0,decoder,ANTI_ANCHOR,0.7918612770736217,0.2081387338694185,1.3058618120558094,0.1335934844732946,0.99560546875,0.0,-0.7574911145334227,0.0002534710548755,0.7577445662525406,0.5979068478709753,0.0789180787101031,0.1051473276415464,0.0789180787101031,1.5635333620011806,0.7918612770736217,0.6812993586063385,25.0,5.0,7.450580596923828e-09,2.7939677238464355e-09
PETS_U_BF_EAA_DAA,42,clean,0,0,encoder,ANTI_ANCHOR,0.5861132116988301,0.4138867817819118,3.8587638231983874,0.7067203837686975,0.830078125,0.0,-0.6262767190908107,0.0757124796748582,0.7019891725138336,0.6172824227339067,0.3946931409518583,0.4901586677422642,0.3946931409518583,2.6653953418135643,0.5608154246583581,0.3722490156069398,37.875,5.0,2.9802322387695312e-08,4.4703483581542975e-08
PETS_U_BF_EAA_DAA,42,clean,0,0,decoder,ANTI_ANCHOR,0.7848316766321659,0.2151683249976486,1.308666902812547,0.1383936060142332,0.99609375,0.0,-0.7553788995322748,0.0002544051225409,0.7556332824232186,0.5944948072861945,0.08219528374957,0.1086055537015013,0.08219528374957,1.587340321391821,0.7848316766321659,0.6708766631782055,25.0,5.0,7.450580596923828e-09,2.7939677238464355e-09
PETS_U_BF_EFULL_DFULL,123,high_noise,490,0,encoder,FULL,0.5442541670054197,0.4557458385825157,4.05052331960178,1.1616600690576888,0.0,0.0,-0.4071804389483873,-0.4071804389483873,0.0,0.0,1.1616600690576888,0.0,1.1616600690576888,3.319893829524517,0.4953661309555173,0.2970581129193306,35.5625,7.0,5.960464477539064e-08,22.869705200195312
PETS_U_BF_EFULL_DFULL,123,high_noise,490,0,decoder,FULL,0.9606401473283768,0.0393598541704705,2.1365505613794085,0.0499223219143232,0.0,0.0,-0.507435691830441,-0.507435691830441,0.0,0.0,0.0499223219143232,0.0,0.0499223219143232,1.087785966694355,0.9606401473283768,0.9325161473825574,25.0,4.0,1.1175870895385742e-08,1.642618179321289
PETS_U_BF_EAA_DFULL,123,high_noise,490,0,encoder,ANTI_ANCHOR,0.5442541670054197,0.4557458385825157,4.05052331960178,1.1616600690576888,0.800048828125,0.0,-0.4071804389483873,0.0468166222687281,0.4539970552137902,0.30255167487176,0.9253533013834384,0.5492465197195315,0.9253533013834384,3.319893829524517,0.4953661309555173,0.2970581129193306,35.5625,7.0,5.960464477539064e-08,1.1920928955078125e-07
PETS_U_BF_EAA_DFULL,123,high_noise,490,0,decoder,FULL,0.9602630101144314,0.0397369888232788,2.164516259668744,0.0508280602964532,0.0,0.0,-0.5083672796324663,-0.5083672796324663,0.0,0.0,0.0508280602964532,0.0,0.0508280602964532,1.088651306927204,0.9602630101144314,0.9318744149059056,25.0,4.0,1.1175870895385742e-08,1.7332210540771484
PETS_U_BF_EFULL_DAA,123,high_noise,490,0,encoder,FULL,0.5442541670054197,0.4557458385825157,4.05052331960178,1.1616600690576888,0.0,0.0,-0.4071804389483873,-0.4071804389483873,0.0,0.0,1.1616600690576888,0.0,1.1616600690576888,3.319893829524517,0.4953661309555173,0.2970581129193306,35.5625,7.0,5.960464477539064e-08,22.869705200195312
PETS_U_BF_EFULL_DAA,123,high_noise,490,0,decoder,ANTI_ANCHOR,0.9606401473283768,0.0393598541704705,2.1365505613794085,0.0499223219143232,0.960205078125,0.0,-0.507435691830441,0.0039993401362788,0.5114348669382025,0.3211835350961041,0.0404089906332956,0.0252065874977134,0.0404089906332956,1.087785966694355,0.9606401473283768,0.9325161473825574,25.0,4.0,1.1175870895385742e-08,9.313225746154784e-09
PETS_U_BF_EAA_DAA,123,high_noise,490,0,encoder,ANTI_ANCHOR,0.5442541670054197,0.4557458385825157,4.05052331960178,1.1616600690576888,0.800048828125,0.0,-0.4071804389483873,0.0468166222687281,0.4539970552137902,0.30255167487176,0.9253533013834384,0.5492465197195315,0.9253533013834384,3.319893829524517,0.4953661309555173,0.2970581129193306,35.5625,7.0,5.960464477539064e-08,1.1920928955078125e-07
PETS_U_BF_EAA_DAA,123,high_noise,490,0,decoder,ANTI_ANCHOR,0.9602630101144314,0.0397369888232788,2.164516259668744,0.0508280602964532,0.9580078125,0.0,-0.5083672796324663,0.0041040389821387,0.5124711595830718,0.322453644220564,0.0410710078049874,0.0257454368810465,0.0410710078049874,1.088651306927204,0.9602630101144314,0.9318744149059056,25.0,4.0,1.1175870895385742e-08,1.4901161193847656e-08
PETS_U_BF_EFULL_DFULL,123,middle,250,0,encoder,FULL,0.4054846735671162,0.5945153245702386,7.460643975442508,1.7899511683935998,0.0,0.0,-0.3954018713102769,-0.3954018713102769,0.0,0.0,1.7899511683935998,0.0,1.7899511683935998,4.154591705650091,0.398253720253706,0.1968881646171212,32.65625,7.0,7.450580596923828e-08,44.2415771484375
PETS_U_BF_EFULL_DFULL,123,middle,250,0,decoder,FULL,0.9706086907535793,0.0293913022760534,2.130634691086016,0.0371267350554376,0.0,0.0,-0.5961590145621756,-0.5961590145621756,0.0,0.0,0.0371267350554376,0.0,0.0371267350554376,1.06347768753767,0.9706086907535793,0.9510500486940144,25.0,4.0,3.725290298461914e-09,0.7625396251678467
PETS_U_BF_EAA_DFULL,123,middle,250,0,encoder,ANTI_ANCHOR,0.4054846735671162,0.5945153245702386,7.460643975442508,1.7899511683935998,0.778564453125,0.0,-0.3954018713102769,0.0725842782353497,0.4679861424162652,0.3271129260740359,1.4189207323870503,0.8018739379501767,1.4189207323870503,4.154591705650091,0.398253720253706,0.1968881646171212,32.65625,7.0,7.450580596923828e-08,2.384185791015625e-07
PETS_U_BF_EAA_DFULL,123,middle,250,0,decoder,FULL,0.9705901704728604,0.029409826020128,2.138727196273976,0.0367809663644322,0.0,0.0,-0.5976008673225124,-0.5976008673225124,0.0,0.0,0.0367809663644322,0.0,0.0367809663644322,1.0634010694921017,0.9705901704728604,0.9511984754353762,25.0,4.0,3.725290298461914e-09,0.7022327780723572
PETS_U_BF_EFULL_DAA,123,middle,250,0,encoder,FULL,0.4054846735671162,0.5945153245702386,7.460643975442508,1.7899511683935998,0.0,0.0,-0.3954018713102769,-0.3954018713102769,0.0,0.0,1.7899511683935998,0.0,1.7899511683935998,4.154591705650091,0.398253720253706,0.1968881646171212,32.65625,7.0,7.450580596923828e-08,44.2415771484375
PETS_U_BF_EFULL_DAA,123,middle,250,0,decoder,ANTI_ANCHOR,0.9706086907535793,0.0293913022760534,2.130634691086016,0.0371267350554376,0.974853515625,0.0,-0.5961590145621756,0.002446730888425,0.5986055422389285,0.4163097624819238,0.027866989586613,0.021168694788944,0.027866989586613,1.06347768753767,0.9706086907535793,0.9510500486940144,25.0,4.0,3.725290298461914e-09,9.313225746154784e-09
PETS_U_BF_EAA_DAA,123,middle,250,0,encoder,ANTI_ANCHOR,0.4054846735671162,0.5945153245702386,7.460643975442508,1.7899511683935998,0.778564453125,0.0,-0.3954018713102769,0.0725842782353497,0.4679861424162652,0.3271129260740359,1.4189207323870503,0.8018739379501767,1.4189207323870503,4.154591705650091,0.398253720253706,0.1968881646171212,32.65625,7.0,7.450580596923828e-08,2.384185791015625e-07
PETS_U_BF_EAA_DAA,123,middle,250,0,decoder,ANTI_ANCHOR,0.9705901704728604,0.029409826020128,2.138727196273976,0.0367809663644322,0.974609375,0.0,-0.5976008673225124,0.0025507478924979,0.600151415200628,0.4185912494003747,0.0274544458031016,0.0211474452979909,0.0274544458031016,1.0634010694921017,0.9705901704728604,0.9511984754353762,25.0,4.0,3.725290298461914e-09,3.725290298461914e-09
PETS_U_BF_EFULL_DFULL,123,clean,0,0,encoder,FULL,0.5041243024170399,0.4958756901323795,2.559642213920597,0.5066379840936861,0.0,0.0,-0.4640379705228667,-0.4640379705228667,0.0,0.0,0.5066379840936861,0.0,0.5066379840936861,3.595313973724842,0.466077889315784,0.2824191190302372,41.09375,7.0,1.4901161193847656e-08,2.789201259613037
PETS_U_BF_EFULL_DFULL,123,clean,0,0,decoder,FULL,0.8784618023782969,0.1215381941292435,1.410752331677941,0.0780144234031468,0.0,0.0,-0.7419677719796312,-0.7419677719796312,0.0,0.0,0.0780144234031468,0.0,0.0780144234031468,1.2891400419175625,0.8784618023782969,0.8042810931801796,25.0,4.0,3.725290298461914e-09,0.4287112951278686
PETS_U_BF_EAA_DFULL,123,clean,0,0,encoder,ANTI_ANCHOR,0.5041243024170399,0.4958756901323795,2.559642213920597,0.5066379840936861,0.81640625,0.0,-0.4640379705228667,0.0493846467674979,0.51342261048962,0.3485951825001011,0.3963652375605306,0.2656086791074408,0.3963652375605306,3.595313973724842,0.466077889315784,0.2824191190302372,41.09375,7.0,1.4901161193847656e-08,2.9802322387695312e-08
PETS_U_BF_EAA_DFULL,123,clean,0,0,decoder,FULL,0.8759887889027596,0.1240112057421356,1.4107747827511048,0.0794970214428758,0.0,0.0,-0.7418160075710318,-0.7418160075710318,0.0,0.0,0.0794970214428758,0.0,0.0794970214428758,1.2957114949822426,0.8759887889027596,0.8005725769326091,25.0,4.0,3.725290298461914e-09,0.4287811517715454
PETS_U_BF_EFULL_DAA,123,clean,0,0,encoder,FULL,0.5041243024170399,0.4958756901323795,2.559642213920597,0.5066379840936861,0.0,0.0,-0.4640379705228667,-0.4640379705228667,0.0,0.0,0.5066379840936861,0.0,0.5066379840936861,3.595313973724842,0.466077889315784,0.2824191190302372,41.09375,7.0,1.4901161193847656e-08,2.789201259613037
PETS_U_BF_EFULL_DAA,123,clean,0,0,decoder,ANTI_ANCHOR,0.8784618023782969,0.1215381941292435,1.410752331677941,0.0780144234031468,0.998046875,0.0,-0.7419677719796312,5.447713250330312e-05,0.7420221890555609,0.5715704941557097,0.048729498842249,0.0595153988538941,0.048729498842249,1.2891400419175625,0.8784618023782969,0.8042810931801796,25.0,4.0,3.725290298461914e-09,3.725290298461914e-09
PETS_U_BF_EAA_DAA,123,clean,0,0,encoder,ANTI_ANCHOR,0.5041243024170399,0.4958756901323795,2.559642213920597,0.5066379840936861,0.81640625,0.0,-0.4640379705228667,0.0493846467674979,0.51342261048962,0.3485951825001011,0.3963652375605306,0.2656086791074408,0.3963652375605306,3.595313973724842,0.466077889315784,0.2824191190302372,41.09375,7.0,1.4901161193847656e-08,2.9802322387695312e-08
PETS_U_BF_EAA_DAA,123,clean,0,0,decoder,ANTI_ANCHOR,0.8759887889027596,0.1240112057421356,1.4107747827511048,0.0794970214428758,0.998046875,0.0,-0.7418160075710318,5.229774471903315e-05,0.7418682454841132,0.5709469632347381,0.0497142324334163,0.0606152815916054,0.0497142324334163,1.2957114949822426,0.8759887889027596,0.8005725769326091,25.0,4.0,3.725290298461914e-09,3.725290298461914e-09
