system,seed,draw,metric,evaluator_seed,value,runtime_seconds,peak_memory_mb,reuse
PETS_U_BF_EAA_DAA,0,100000,context_fid,0.0,0.7702368782353688,1.4899868965148926,166.65625,False
PETS_U_BF_EAA_DAA,0,100000,context_fid,123.0,0.7896556418002196,1.7681283950805664,166.65625,False
PETS_U_BF_EAA_DAA,0,100000,context_fid,42.0,0.923213186101706,1.5516483783721924,166.65625,False
PETS_U_BF_EAA_DAA,0,100000,correlation_score,,0.077452003955841,0.1432890892028808,0.0,False
PETS_U_BF_EAA_DAA,0,100000,discriminative_score,0.0,0.1518292682926829,58.52459073066712,,False
PETS_U_BF_EAA_DAA,0,100000,discriminative_score,123.0,0.1432926829268292,59.59042525291443,,False
PETS_U_BF_EAA_DAA,0,100000,discriminative_score,42.0,0.1329268292682927,59.64472484588623,,False
PETS_U_BF_EAA_DAA,0,100000,predictive_score,0.0,0.1100793354221423,118.74663352966309,,False
PETS_U_BF_EAA_DAA,0,100000,predictive_score,123.0,0.1213035318210131,115.39077687263487,,False
PETS_U_BF_EAA_DAA,0,100000,predictive_score,42.0,0.1199189147077959,119.71606779098512,,False
PETS_U_BF_EAA_DAA,0,100001,context_fid,0.0,0.8211124036476839,1.5734374523162842,166.65625,False
PETS_U_BF_EAA_DAA,0,100001,context_fid,123.0,0.8375186582066712,1.8125903606414795,166.65625,False
PETS_U_BF_EAA_DAA,0,100001,context_fid,42.0,0.9793989156410834,1.6294348239898682,166.65625,False
PETS_U_BF_EAA_DAA,0,100001,correlation_score,,0.0813485905528068,0.4610803127288818,0.0,False
PETS_U_BF_EAA_DAA,0,100001,discriminative_score,0.0,0.1451219512195122,59.640127420425415,,False
PETS_U_BF_EAA_DAA,0,100001,discriminative_score,123.0,0.1536585365853658,58.47953391075134,,False
PETS_U_BF_EAA_DAA,0,100001,discriminative_score,42.0,0.1463414634146341,59.54146599769592,,False
PETS_U_BF_EAA_DAA,0,100001,predictive_score,0.0,0.1114896290764591,120.94751787185668,,False
PETS_U_BF_EAA_DAA,0,100001,predictive_score,123.0,0.1174399852216083,120.1747510433197,,False
PETS_U_BF_EAA_DAA,0,100001,predictive_score,42.0,0.1216352129727056,116.8207983970642,,False
PETS_U_BF_EAA_DAA,0,100002,context_fid,0.0,0.806540486989469,1.6401238441467283,166.65625,False
PETS_U_BF_EAA_DAA,0,100002,context_fid,123.0,0.8281429572251201,1.8645174503326416,166.65625,False
PETS_U_BF_EAA_DAA,0,100002,context_fid,42.0,0.9618984197968032,1.422102451324463,166.65625,False
PETS_U_BF_EAA_DAA,0,100002,correlation_score,,0.0893305093050003,0.121706485748291,0.0,False
PETS_U_BF_EAA_DAA,0,100002,discriminative_score,0.0,0.1512195121951219,59.44045567512512,,False
PETS_U_BF_EAA_DAA,0,100002,discriminative_score,123.0,0.1640243902439024,59.65995144844055,,False
PETS_U_BF_EAA_DAA,0,100002,discriminative_score,42.0,0.1628048780487805,58.567805767059326,,False
PETS_U_BF_EAA_DAA,0,100002,predictive_score,0.0,0.1107274357891583,116.43227887153624,,False
PETS_U_BF_EAA_DAA,0,100002,predictive_score,123.0,0.1330314072861256,118.77266573905943,,False
PETS_U_BF_EAA_DAA,0,100002,predictive_score,42.0,0.1202048364439178,117.87940621376038,,False
PETS_U_BF_EAA_DAA,0,100003,context_fid,0.0,0.8086768999685918,1.7262403964996338,166.65625,False
PETS_U_BF_EAA_DAA,0,100003,context_fid,123.0,0.830680817363375,1.643285036087036,166.65625,False
PETS_U_BF_EAA_DAA,0,100003,context_fid,42.0,0.9618673943821596,2.047489643096924,166.65625,False
PETS_U_BF_EAA_DAA,0,100003,correlation_score,,0.0841600820422172,0.1116220951080322,0.0,False
PETS_U_BF_EAA_DAA,0,100003,discriminative_score,0.0,0.1518292682926829,59.72873878479004,,False
PETS_U_BF_EAA_DAA,0,100003,discriminative_score,123.0,0.1664634146341463,58.47098875045776,,False
PETS_U_BF_EAA_DAA,0,100003,discriminative_score,42.0,0.1615853658536585,59.67972016334534,,False
PETS_U_BF_EAA_DAA,0,100003,predictive_score,0.0,0.1110168961131421,122.43042421340942,,False
PETS_U_BF_EAA_DAA,0,100003,predictive_score,123.0,0.1378056869230022,115.52519273757936,,False
PETS_U_BF_EAA_DAA,0,100003,predictive_score,42.0,0.1194233084761435,119.89622688293456,,False
PETS_U_BF_EAA_DAA,0,100004,context_fid,0.0,0.8164644947720324,1.9333477020263672,166.65625,False
PETS_U_BF_EAA_DAA,0,100004,context_fid,123.0,0.8312492474910569,1.4977436065673828,166.65625,False
PETS_U_BF_EAA_DAA,0,100004,context_fid,42.0,0.9756917338338916,1.4680204391479492,166.65625,False
PETS_U_BF_EAA_DAA,0,100004,correlation_score,,0.0738157927989959,0.2842550277709961,0.0,False
PETS_U_BF_EAA_DAA,0,100004,discriminative_score,0.0,0.1701219512195122,59.60727024078369,,False
PETS_U_BF_EAA_DAA,0,100004,discriminative_score,123.0,0.1475609756097561,58.62213444709778,,False
PETS_U_BF_EAA_DAA,0,100004,discriminative_score,42.0,0.1475609756097561,59.46362495422363,,False
PETS_U_BF_EAA_DAA,0,100004,predictive_score,0.0,0.1094932523874376,121.12410235404968,,False
PETS_U_BF_EAA_DAA,0,100004,predictive_score,123.0,0.1250888543745532,122.35623860359192,,False
PETS_U_BF_EAA_DAA,0,100004,predictive_score,42.0,0.1195003965567593,116.47586250305176,,False
PETS_U_BF_EAA_DAA,1,100000,context_fid,0.0,0.6880346776746417,1.57865571975708,166.65625,False
PETS_U_BF_EAA_DAA,1,100000,context_fid,123.0,0.6696545413747121,1.9922621250152588,166.65625,False
PETS_U_BF_EAA_DAA,1,100000,context_fid,42.0,0.80748661391389,1.4239568710327148,166.65625,False
PETS_U_BF_EAA_DAA,1,100000,correlation_score,,0.0745337381958961,0.1969454288482666,0.0,False
PETS_U_BF_EAA_DAA,1,100000,discriminative_score,0.0,0.1329268292682927,58.330559492111206,,False
PETS_U_BF_EAA_DAA,1,100000,discriminative_score,123.0,0.0926829268292682,59.59859371185303,,False
PETS_U_BF_EAA_DAA,1,100000,discriminative_score,42.0,0.1286585365853658,59.81194663047791,,False
PETS_U_BF_EAA_DAA,1,100000,predictive_score,0.0,0.1113757344605801,116.56231784820557,,False
PETS_U_BF_EAA_DAA,1,100000,predictive_score,123.0,0.135418099887147,119.81287980079652,,False
PETS_U_BF_EAA_DAA,1,100000,predictive_score,42.0,0.1221545827070258,117.70694994926453,,False
PETS_U_BF_EAA_DAA,1,100001,context_fid,0.0,0.7121307629743125,1.534926414489746,166.65625,False
PETS_U_BF_EAA_DAA,1,100001,context_fid,123.0,0.7000683550438623,1.5625085830688477,166.65625,False
PETS_U_BF_EAA_DAA,1,100001,context_fid,42.0,0.8368983960126248,1.708348274230957,166.65625,False
PETS_U_BF_EAA_DAA,1,100001,correlation_score,,0.0835710540413856,0.1345267295837402,0.0,False
PETS_U_BF_EAA_DAA,1,100001,discriminative_score,0.0,0.1091463414634146,58.56278705596924,,False
PETS_U_BF_EAA_DAA,1,100001,discriminative_score,123.0,0.0920731707317072,59.47016835212708,,False
PETS_U_BF_EAA_DAA,1,100001,discriminative_score,42.0,0.1310975609756097,59.83926820755005,,False
PETS_U_BF_EAA_DAA,1,100001,predictive_score,0.0,0.1102616280741131,120.22300696372986,,False
PETS_U_BF_EAA_DAA,1,100001,predictive_score,123.0,0.1192633899049724,117.6612582206726,,False
PETS_U_BF_EAA_DAA,1,100001,predictive_score,42.0,0.1240290902796914,119.02628636360168,,False
PETS_U_BF_EAA_DAA,1,100002,context_fid,0.0,0.6789172293855237,1.8561041355133057,166.65625,False
PETS_U_BF_EAA_DAA,1,100002,context_fid,123.0,0.668991007941059,1.5290734767913818,166.65625,False
PETS_U_BF_EAA_DAA,1,100002,context_fid,42.0,0.7964956901650767,1.535050392150879,166.65625,False
PETS_U_BF_EAA_DAA,1,100002,correlation_score,,0.0827412605285644,0.3512430191040039,0.0,False
PETS_U_BF_EAA_DAA,1,100002,discriminative_score,0.0,0.1170731707317073,58.49394941329956,,False
PETS_U_BF_EAA_DAA,1,100002,discriminative_score,123.0,0.1390243902439024,59.77164459228516,,False
PETS_U_BF_EAA_DAA,1,100002,discriminative_score,42.0,0.1396341463414634,59.42829251289368,,False
PETS_U_BF_EAA_DAA,1,100002,predictive_score,0.0,0.1134904221116812,120.06656765937804,,False
PETS_U_BF_EAA_DAA,1,100002,predictive_score,123.0,0.1188944843884201,117.97950077056883,,False
PETS_U_BF_EAA_DAA,1,100002,predictive_score,42.0,0.1222755487428912,119.15269231796265,,False
PETS_U_BF_EAA_DAA,1,100003,context_fid,0.0,0.6823971560367847,1.5017075538635254,166.65625,False
PETS_U_BF_EAA_DAA,1,100003,context_fid,123.0,0.6760906229244985,1.4803390502929688,166.65625,False
PETS_U_BF_EAA_DAA,1,100003,context_fid,42.0,0.8028607595777142,1.6856813430786133,166.65625,False
PETS_U_BF_EAA_DAA,1,100003,correlation_score,,0.0842021107673645,0.1319844722747802,0.0,False
PETS_U_BF_EAA_DAA,1,100003,discriminative_score,0.0,0.1219512195121951,59.412654638290405,,False
PETS_U_BF_EAA_DAA,1,100003,discriminative_score,123.0,0.1341463414634146,59.71354293823242,,False
PETS_U_BF_EAA_DAA,1,100003,discriminative_score,42.0,0.1542682926829268,59.75287747383118,,False
PETS_U_BF_EAA_DAA,1,100003,predictive_score,0.0,0.1120778452932427,118.94709825515748,,False
PETS_U_BF_EAA_DAA,1,100003,predictive_score,123.0,0.1187632319729345,117.67101907730104,,False
PETS_U_BF_EAA_DAA,1,100003,predictive_score,42.0,0.1212778491176322,122.39970135688782,,False
PETS_U_BF_EAA_DAA,1,100004,context_fid,0.0,0.7210588939505184,1.5894935131072998,166.65625,False
PETS_U_BF_EAA_DAA,1,100004,context_fid,123.0,0.7008578474448508,1.544776439666748,166.65625,False
PETS_U_BF_EAA_DAA,1,100004,context_fid,42.0,0.8476413928299186,1.6360316276550293,166.65625,False
PETS_U_BF_EAA_DAA,1,100004,correlation_score,,0.0717295035719871,0.1219093799591064,0.0,False
PETS_U_BF_EAA_DAA,1,100004,discriminative_score,0.0,0.1439024390243902,59.67766237258911,,False
PETS_U_BF_EAA_DAA,1,100004,discriminative_score,123.0,0.1097560975609756,58.2833423614502,,False
PETS_U_BF_EAA_DAA,1,100004,discriminative_score,42.0,0.124390243902439,59.53362989425659,,False
PETS_U_BF_EAA_DAA,1,100004,predictive_score,0.0,0.111628149415992,120.0292510986328,,False
PETS_U_BF_EAA_DAA,1,100004,predictive_score,123.0,0.1340580662549655,120.06313800811768,,False
PETS_U_BF_EAA_DAA,1,100004,predictive_score,42.0,0.1233781562032163,118.8034484386444,,False
PETS_U_BF_EAA_DAA,123,100000,context_fid,0.0,0.7919764007838077,2.9307682514190674,166.65625,False
PETS_U_BF_EAA_DAA,123,100000,context_fid,123.0,0.7824247051006077,2.90854287147522,166.65625,False
PETS_U_BF_EAA_DAA,123,100000,context_fid,42.0,0.932418382467928,2.87939715385437,166.65625,False
PETS_U_BF_EAA_DAA,123,100000,correlation_score,,0.0714155808091163,1.5983014106750488,0.0,False
PETS_U_BF_EAA_DAA,123,100000,discriminative_score,0.0,0.1536585365853658,59.44462156295776,,False
PETS_U_BF_EAA_DAA,123,100000,discriminative_score,123.0,0.1036585365853658,59.78309011459351,,False
PETS_U_BF_EAA_DAA,123,100000,discriminative_score,42.0,0.1615853658536585,60.87735104560852,,False
PETS_U_BF_EAA_DAA,123,100000,predictive_score,0.0,0.1084465137146253,122.40718150138856,,False
PETS_U_BF_EAA_DAA,123,100000,predictive_score,123.0,0.1128117660346106,121.65913939476012,,False
PETS_U_BF_EAA_DAA,123,100000,predictive_score,42.0,0.1218168358641378,121.35556626319884,,False
PETS_U_BF_EAA_DAA,123,100001,context_fid,0.0,0.8437001444063423,2.994372606277466,166.65625,False
PETS_U_BF_EAA_DAA,123,100001,context_fid,123.0,0.8410319167265403,2.795629501342773,166.65625,False
PETS_U_BF_EAA_DAA,123,100001,context_fid,42.0,0.993385435597156,3.107383728027344,166.65625,False
PETS_U_BF_EAA_DAA,123,100001,correlation_score,,0.0822500139474868,1.5906157493591309,0.0,False
PETS_U_BF_EAA_DAA,123,100001,discriminative_score,0.0,0.1469512195121951,60.895097494125366,,False
PETS_U_BF_EAA_DAA,123,100001,discriminative_score,123.0,0.1310975609756097,59.616862773895264,,False
PETS_U_BF_EAA_DAA,123,100001,discriminative_score,42.0,0.1567073170731707,59.50935220718384,,False
PETS_U_BF_EAA_DAA,123,100001,predictive_score,0.0,0.106790855881627,121.19522833824158,,False
PETS_U_BF_EAA_DAA,123,100001,predictive_score,123.0,0.1098454587859123,119.9492485523224,,False
PETS_U_BF_EAA_DAA,123,100001,predictive_score,42.0,0.1238363171701166,119.97974514961244,,False
PETS_U_BF_EAA_DAA,123,100002,context_fid,0.0,0.8136433370540157,2.9639742374420166,166.65625,False
PETS_U_BF_EAA_DAA,123,100002,context_fid,123.0,0.8158149225570899,3.0297536849975586,166.65625,False
PETS_U_BF_EAA_DAA,123,100002,context_fid,42.0,0.9611311810302438,2.9572741985321045,166.65625,False
PETS_U_BF_EAA_DAA,123,100002,correlation_score,,0.0775337368249893,1.5807392597198486,0.0,False
PETS_U_BF_EAA_DAA,123,100002,discriminative_score,0.0,0.1445121951219512,60.877588510513306,,False
PETS_U_BF_EAA_DAA,123,100002,discriminative_score,123.0,0.1554878048780488,59.79219675064087,,False
PETS_U_BF_EAA_DAA,123,100002,discriminative_score,42.0,0.1603658536585366,60.53874444961548,,False
PETS_U_BF_EAA_DAA,123,100002,predictive_score,0.0,0.1094384018219898,120.1688678264618,,False
PETS_U_BF_EAA_DAA,123,100002,predictive_score,123.0,0.1088281867937439,120.3622772693634,,False
PETS_U_BF_EAA_DAA,123,100002,predictive_score,42.0,0.1230479640307748,118.86340832710266,,False
PETS_U_BF_EAA_DAA,123,100003,context_fid,0.0,0.8031986705401963,2.968235492706299,166.65625,False
PETS_U_BF_EAA_DAA,123,100003,context_fid,123.0,0.808398061750902,3.030740737915039,166.65625,False
PETS_U_BF_EAA_DAA,123,100003,context_fid,42.0,0.9472634782539924,3.014730215072632,166.65625,False
PETS_U_BF_EAA_DAA,123,100003,correlation_score,,0.0805939063429832,1.5883457660675049,0.0,False
PETS_U_BF_EAA_DAA,123,100003,discriminative_score,0.0,0.1384146341463414,59.46773934364319,,False
PETS_U_BF_EAA_DAA,123,100003,discriminative_score,123.0,0.1536585365853658,60.81303095817566,,False
PETS_U_BF_EAA_DAA,123,100003,discriminative_score,42.0,0.1646341463414634,59.598259925842285,,False
PETS_U_BF_EAA_DAA,123,100003,predictive_score,0.0,0.1078222389405709,117.63213562965392,,False
PETS_U_BF_EAA_DAA,123,100003,predictive_score,123.0,0.1126069092779289,118.75977420806883,,False
PETS_U_BF_EAA_DAA,123,100003,predictive_score,42.0,0.121700128905104,119.9802188873291,,False
PETS_U_BF_EAA_DAA,123,100004,context_fid,0.0,0.84103550264254,2.9368598461151123,166.65625,False
PETS_U_BF_EAA_DAA,123,100004,context_fid,123.0,0.8316567951552297,2.8892438411712646,166.65625,False
PETS_U_BF_EAA_DAA,123,100004,context_fid,42.0,0.991610343821032,3.1993956565856934,166.65625,False
PETS_U_BF_EAA_DAA,123,100004,correlation_score,,0.0670288950204849,1.6214373111724854,0.0,False
PETS_U_BF_EAA_DAA,123,100004,discriminative_score,0.0,0.1603658536585366,59.70507860183716,,False
PETS_U_BF_EAA_DAA,123,100004,discriminative_score,123.0,0.149390243902439,59.35974669456482,,False
PETS_U_BF_EAA_DAA,123,100004,discriminative_score,42.0,0.1512195121951219,60.74719405174256,,False
PETS_U_BF_EAA_DAA,123,100004,predictive_score,0.0,0.1074567439045495,120.10909342765808,,False
PETS_U_BF_EAA_DAA,123,100004,predictive_score,123.0,0.1090182915468176,119.9635453224182,,False
PETS_U_BF_EAA_DAA,123,100004,predictive_score,42.0,0.1219960475336847,120.8852243423462,,False
PETS_U_BF_EAA_DAA,2,100000,context_fid,0.0,0.749455309014324,1.4659037590026855,166.65625,False
PETS_U_BF_EAA_DAA,2,100000,context_fid,123.0,0.7283259934920484,1.5340123176574707,166.65625,False
PETS_U_BF_EAA_DAA,2,100000,context_fid,42.0,0.8914956213180788,1.4918560981750488,166.65625,False
PETS_U_BF_EAA_DAA,2,100000,correlation_score,,0.0760539397597312,0.13226318359375,0.0,False
PETS_U_BF_EAA_DAA,2,100000,discriminative_score,0.0,0.1213414634146341,59.861602783203125,,False
PETS_U_BF_EAA_DAA,2,100000,discriminative_score,123.0,0.0945121951219511,58.872031688690186,,False
PETS_U_BF_EAA_DAA,2,100000,discriminative_score,42.0,0.1274390243902439,59.42579507827759,,False
PETS_U_BF_EAA_DAA,2,100000,predictive_score,0.0,0.1101234272591682,118.91635823249815,,False
PETS_U_BF_EAA_DAA,2,100000,predictive_score,123.0,0.1172565738816047,122.60626006126404,,False
PETS_U_BF_EAA_DAA,2,100000,predictive_score,42.0,0.1203366644604102,119.40311002731325,,False
PETS_U_BF_EAA_DAA,2,100001,context_fid,0.0,0.8059354749464408,1.7543485164642334,166.65625,False
PETS_U_BF_EAA_DAA,2,100001,context_fid,123.0,0.7898529472545635,2.542612314224243,166.65625,False
PETS_U_BF_EAA_DAA,2,100001,context_fid,42.0,0.9655184662799844,1.601083517074585,166.65625,False
PETS_U_BF_EAA_DAA,2,100001,correlation_score,,0.0782580599188804,0.3313791751861572,0.0,False
PETS_U_BF_EAA_DAA,2,100001,discriminative_score,0.0,0.099390243902439,59.428300619125366,,False
PETS_U_BF_EAA_DAA,2,100001,discriminative_score,123.0,0.0969512195121951,59.70686483383179,,False
PETS_U_BF_EAA_DAA,2,100001,discriminative_score,42.0,0.1451219512195122,59.847230434417725,,False
PETS_U_BF_EAA_DAA,2,100001,predictive_score,0.0,0.1103222911467582,120.2523581981659,,False
PETS_U_BF_EAA_DAA,2,100001,predictive_score,123.0,0.1248200264340084,121.12751722335815,,False
PETS_U_BF_EAA_DAA,2,100001,predictive_score,42.0,0.1221252006921531,121.29609036445618,,False
PETS_U_BF_EAA_DAA,2,100002,context_fid,0.0,0.7545103265972322,1.7817835807800293,166.65625,False
PETS_U_BF_EAA_DAA,2,100002,context_fid,123.0,0.7385576048408664,2.41735577583313,166.65625,False
PETS_U_BF_EAA_DAA,2,100002,context_fid,42.0,0.8996123956551823,2.540926456451416,166.65625,False
PETS_U_BF_EAA_DAA,2,100002,correlation_score,,0.0760104283690452,0.3557476997375488,0.0,False
PETS_U_BF_EAA_DAA,2,100002,discriminative_score,0.0,0.1335365853658536,59.99446940422058,,False
PETS_U_BF_EAA_DAA,2,100002,discriminative_score,123.0,0.1323170731707317,59.35649394989014,,False
PETS_U_BF_EAA_DAA,2,100002,discriminative_score,42.0,0.1579268292682927,59.72897434234619,,False
PETS_U_BF_EAA_DAA,2,100002,predictive_score,0.0,0.1130752653434683,119.06871175765993,,False
PETS_U_BF_EAA_DAA,2,100002,predictive_score,123.0,0.1360164224424807,122.58454465866087,,False
PETS_U_BF_EAA_DAA,2,100002,predictive_score,42.0,0.1213617298089957,121.02924752235413,,False
PETS_U_BF_EAA_DAA,2,100003,context_fid,0.0,0.7565183942944784,2.2916431427001958,166.65625,False
PETS_U_BF_EAA_DAA,2,100003,context_fid,123.0,0.7487378532382892,2.5415148735046387,166.65625,False
PETS_U_BF_EAA_DAA,2,100003,context_fid,42.0,0.9051058746533698,2.5796000957489014,166.65625,False
PETS_U_BF_EAA_DAA,2,100003,correlation_score,,0.0717455968260765,1.061072587966919,0.0,False
PETS_U_BF_EAA_DAA,2,100003,discriminative_score,0.0,0.125,59.62934374809265,,False
PETS_U_BF_EAA_DAA,2,100003,discriminative_score,123.0,0.1536585365853658,59.64446258544922,,False
PETS_U_BF_EAA_DAA,2,100003,discriminative_score,42.0,0.1512195121951219,59.49186587333679,,False
PETS_U_BF_EAA_DAA,2,100003,predictive_score,0.0,0.1101663264457784,122.20066618919373,,False
PETS_U_BF_EAA_DAA,2,100003,predictive_score,123.0,0.1191879790949315,122.51919555664062,,False
PETS_U_BF_EAA_DAA,2,100003,predictive_score,42.0,0.1197395825183775,117.78019261360168,,False
PETS_U_BF_EAA_DAA,2,100004,context_fid,0.0,0.8003901538782472,2.873831033706665,166.65625,False
PETS_U_BF_EAA_DAA,2,100004,context_fid,123.0,0.7748667216768286,2.9788317680358887,166.65625,False
PETS_U_BF_EAA_DAA,2,100004,context_fid,42.0,0.955226045091629,3.031745433807373,166.65625,False
PETS_U_BF_EAA_DAA,2,100004,correlation_score,,0.0718970745801925,1.4098403453826904,0.0,False
PETS_U_BF_EAA_DAA,2,100004,discriminative_score,0.0,0.1323170731707317,59.4454071521759,,False
PETS_U_BF_EAA_DAA,2,100004,discriminative_score,123.0,0.098780487804878,59.64606952667236,,False
PETS_U_BF_EAA_DAA,2,100004,discriminative_score,42.0,0.1268292682926829,59.65159869194031,,False
PETS_U_BF_EAA_DAA,2,100004,predictive_score,0.0,0.1092115218157232,120.16496419906616,,False
PETS_U_BF_EAA_DAA,2,100004,predictive_score,123.0,0.1216573423116642,121.07787156105042,,False
PETS_U_BF_EAA_DAA,2,100004,predictive_score,42.0,0.1199903945262121,120.22147798538208,,False
PETS_U_BF_EAA_DAA,42,100000,context_fid,0.0,0.7773055121881377,3.17795991897583,166.65625,False
PETS_U_BF_EAA_DAA,42,100000,context_fid,123.0,0.7830539484779083,2.8721535205841064,166.65625,False
PETS_U_BF_EAA_DAA,42,100000,context_fid,42.0,0.9147563110103264,2.8716206550598145,166.65625,False
PETS_U_BF_EAA_DAA,42,100000,correlation_score,,0.0737518891692161,1.5529215335845947,0.0,False
PETS_U_BF_EAA_DAA,42,100000,discriminative_score,0.0,0.1274390243902439,59.682682275772095,,False
PETS_U_BF_EAA_DAA,42,100000,discriminative_score,123.0,0.1073170731707316,60.72527551651001,,False
PETS_U_BF_EAA_DAA,42,100000,discriminative_score,42.0,0.1140243902439024,59.66445136070252,,False
PETS_U_BF_EAA_DAA,42,100000,predictive_score,0.0,0.1105940175198156,122.5666046142578,,False
PETS_U_BF_EAA_DAA,42,100000,predictive_score,123.0,0.1177598747763113,112.8329005241394,,False
PETS_U_BF_EAA_DAA,42,100000,predictive_score,42.0,0.1206947213975127,122.34573912620544,,False
PETS_U_BF_EAA_DAA,42,100001,context_fid,0.0,0.8196909053268778,2.793365240097046,166.65625,False
PETS_U_BF_EAA_DAA,42,100001,context_fid,123.0,0.825214964603654,2.9186737537384038,166.65625,False
PETS_U_BF_EAA_DAA,42,100001,context_fid,42.0,0.9666243138375674,2.92953896522522,166.65625,False
PETS_U_BF_EAA_DAA,42,100001,correlation_score,,0.0762622877955436,1.582947015762329,0.0,False
PETS_U_BF_EAA_DAA,42,100001,discriminative_score,0.0,0.1378048780487805,59.587127447128296,,False
PETS_U_BF_EAA_DAA,42,100001,discriminative_score,123.0,0.1207317073170731,60.07703709602356,,False
PETS_U_BF_EAA_DAA,42,100001,discriminative_score,42.0,0.1201219512195121,60.65920853614807,,False
PETS_U_BF_EAA_DAA,42,100001,predictive_score,0.0,0.1102792578108164,123.48003602027892,,False
PETS_U_BF_EAA_DAA,42,100001,predictive_score,123.0,0.1107784236596671,121.36521911621094,,False
PETS_U_BF_EAA_DAA,42,100001,predictive_score,42.0,0.1216272810538612,122.79915261268616,,False
PETS_U_BF_EAA_DAA,42,100002,context_fid,0.0,0.7696591423994031,3.00480055809021,166.65625,False
PETS_U_BF_EAA_DAA,42,100002,context_fid,123.0,0.7801869918213589,3.0497117042541504,166.65625,False
PETS_U_BF_EAA_DAA,42,100002,context_fid,42.0,0.9088683586875704,3.1476728916168213,166.65625,False
PETS_U_BF_EAA_DAA,42,100002,correlation_score,,0.0793437659740448,1.601024150848389,0.0,False
PETS_U_BF_EAA_DAA,42,100002,discriminative_score,0.0,0.1408536585365853,59.491490602493286,,False
PETS_U_BF_EAA_DAA,42,100002,discriminative_score,123.0,0.1420731707317073,60.7799129486084,,False
PETS_U_BF_EAA_DAA,42,100002,discriminative_score,42.0,0.1347560975609756,59.73504281044006,,False
PETS_U_BF_EAA_DAA,42,100002,predictive_score,0.0,0.1114949005859671,116.4822416305542,,False
PETS_U_BF_EAA_DAA,42,100002,predictive_score,123.0,0.114008624409962,120.99969959259032,,False
PETS_U_BF_EAA_DAA,42,100002,predictive_score,42.0,0.1207952598765587,121.2136595249176,,False
PETS_U_BF_EAA_DAA,42,100003,context_fid,0.0,0.7729273401194331,3.0606343746185303,166.65625,False
PETS_U_BF_EAA_DAA,42,100003,context_fid,123.0,0.7872024271024378,2.600233554840088,166.65625,False
PETS_U_BF_EAA_DAA,42,100003,context_fid,42.0,0.9106313898795544,2.470249652862549,166.65625,False
PETS_U_BF_EAA_DAA,42,100003,correlation_score,,0.0758083537220954,1.6273870468139648,0.0,False
PETS_U_BF_EAA_DAA,42,100003,discriminative_score,0.0,0.1317073170731707,59.6261727809906,,False
PETS_U_BF_EAA_DAA,42,100003,discriminative_score,123.0,0.1426829268292683,60.61778545379639,,False
PETS_U_BF_EAA_DAA,42,100003,discriminative_score,42.0,0.1426829268292683,60.798322439193726,,False
PETS_U_BF_EAA_DAA,42,100003,predictive_score,0.0,0.1100733673156355,121.22106528282166,,False
PETS_U_BF_EAA_DAA,42,100003,predictive_score,123.0,0.114648864414903,116.6595664024353,,False
PETS_U_BF_EAA_DAA,42,100003,predictive_score,42.0,0.1198616764083908,122.30619955062866,,False
PETS_U_BF_EAA_DAA,42,100004,context_fid,0.0,0.8093572802658218,3.1901345252990723,166.65625,False
PETS_U_BF_EAA_DAA,42,100004,context_fid,123.0,0.8111623726486178,2.99710750579834,166.65625,False
PETS_U_BF_EAA_DAA,42,100004,context_fid,42.0,0.9557765077239304,2.7701127529144287,166.65625,False
PETS_U_BF_EAA_DAA,42,100004,correlation_score,,0.0689167007803917,1.6051089763641355,0.0,False
PETS_U_BF_EAA_DAA,42,100004,discriminative_score,0.0,0.1548780487804878,60.77437877655029,,False
PETS_U_BF_EAA_DAA,42,100004,discriminative_score,123.0,0.1317073170731707,59.81109285354614,,False
PETS_U_BF_EAA_DAA,42,100004,discriminative_score,42.0,0.1378048780487805,59.59270739555359,,False
PETS_U_BF_EAA_DAA,42,100004,predictive_score,0.0,0.1089918140301051,122.20318174362184,,False
PETS_U_BF_EAA_DAA,42,100004,predictive_score,123.0,0.1154172034839575,122.40178442001344,,False
PETS_U_BF_EAA_DAA,42,100004,predictive_score,42.0,0.1194850751664944,116.77239632606506,,False
PETS_U_BF_EAA_DFULL,0,100000,context_fid,0.0,0.8383293887229726,3.56057357788086,166.65625,False
PETS_U_BF_EAA_DFULL,0,100000,context_fid,123.0,0.8546786916628304,3.458763360977173,166.65625,False
PETS_U_BF_EAA_DFULL,0,100000,context_fid,42.0,1.0097301130238896,3.459502696990967,166.65625,False
PETS_U_BF_EAA_DFULL,0,100000,correlation_score,,0.0719241052865982,0.226276159286499,0.0,False
PETS_U_BF_EAA_DFULL,0,100000,discriminative_score,0.0,0.1445121951219512,58.56754446029663,,False
PETS_U_BF_EAA_DFULL,0,100000,discriminative_score,123.0,0.1445121951219512,59.80394458770752,,False
PETS_U_BF_EAA_DFULL,0,100000,discriminative_score,42.0,0.1298780487804878,59.61191821098328,,False
PETS_U_BF_EAA_DFULL,0,100000,predictive_score,0.0,0.1103757091250372,120.3369505405426,,False
PETS_U_BF_EAA_DFULL,0,100000,predictive_score,123.0,0.117717145849383,120.77514791488647,,False
PETS_U_BF_EAA_DFULL,0,100000,predictive_score,42.0,0.119903457809869,117.96132445335388,,False
PETS_U_BF_EAA_DFULL,0,100001,context_fid,0.0,0.8878046160850914,1.462937593460083,166.65625,False
PETS_U_BF_EAA_DFULL,0,100001,context_fid,123.0,0.9006034506486376,1.450209140777588,166.65625,False
PETS_U_BF_EAA_DFULL,0,100001,context_fid,42.0,1.063938503863801,1.545740842819214,166.65625,False
PETS_U_BF_EAA_DFULL,0,100001,correlation_score,,0.0771952793002128,0.1670417785644531,0.0,False
PETS_U_BF_EAA_DFULL,0,100001,discriminative_score,0.0,0.1475609756097561,59.57361721992493,,False
PETS_U_BF_EAA_DFULL,0,100001,discriminative_score,123.0,0.1512195121951219,58.61224722862244,,False
PETS_U_BF_EAA_DFULL,0,100001,discriminative_score,42.0,0.1469512195121951,58.812360763549805,,False
PETS_U_BF_EAA_DFULL,0,100001,predictive_score,0.0,0.1112762376633327,120.50093984603882,,False
PETS_U_BF_EAA_DFULL,0,100001,predictive_score,123.0,0.1250354872922798,120.49640226364136,,False
PETS_U_BF_EAA_DFULL,0,100001,predictive_score,42.0,0.1215472911499091,123.062833070755,,False
PETS_U_BF_EAA_DFULL,0,100002,context_fid,0.0,0.8667744365146874,1.541276216506958,166.65625,False
PETS_U_BF_EAA_DFULL,0,100002,context_fid,123.0,0.886130014509214,1.5232484340667725,166.65625,False
PETS_U_BF_EAA_DFULL,0,100002,context_fid,42.0,1.0395697006784008,1.870741367340088,166.65625,False
PETS_U_BF_EAA_DFULL,0,100002,correlation_score,,0.0828139781951904,0.1415681838989257,0.0,False
PETS_U_BF_EAA_DFULL,0,100002,discriminative_score,0.0,0.15,59.78435301780701,,False
PETS_U_BF_EAA_DFULL,0,100002,discriminative_score,123.0,0.1658536585365854,59.82577991485596,,False
PETS_U_BF_EAA_DFULL,0,100002,discriminative_score,42.0,0.1670731707317073,59.75653791427612,,False
PETS_U_BF_EAA_DFULL,0,100002,predictive_score,0.0,0.1102663367373679,122.09397053718568,,False
PETS_U_BF_EAA_DFULL,0,100002,predictive_score,123.0,0.1130681784738953,118.31919980049132,,False
PETS_U_BF_EAA_DFULL,0,100002,predictive_score,42.0,0.1207811974263677,120.656067609787,,False
PETS_U_BF_EAA_DFULL,0,100003,context_fid,0.0,0.8721154682274044,1.6930170059204102,166.65625,False
PETS_U_BF_EAA_DFULL,0,100003,context_fid,123.0,0.8917499651296019,1.5264217853546145,166.65625,False
PETS_U_BF_EAA_DFULL,0,100003,context_fid,42.0,1.04394211087375,1.4354937076568604,166.65625,False
PETS_U_BF_EAA_DFULL,0,100003,correlation_score,,0.077399268746376,0.1260161399841308,0.0,False
PETS_U_BF_EAA_DFULL,0,100003,discriminative_score,0.0,0.1548780487804878,58.81608605384827,,False
PETS_U_BF_EAA_DFULL,0,100003,discriminative_score,123.0,0.1719512195121951,60.913607358932495,,False
PETS_U_BF_EAA_DFULL,0,100003,discriminative_score,42.0,0.1652439024390244,59.924556255340576,,False
PETS_U_BF_EAA_DFULL,0,100003,predictive_score,0.0,0.1104851140976279,119.51871919631958,,False
PETS_U_BF_EAA_DFULL,0,100003,predictive_score,123.0,0.1184584967545561,119.53231883049013,,False
PETS_U_BF_EAA_DFULL,0,100003,predictive_score,42.0,0.1198807168875646,119.48045110702516,,False
PETS_U_BF_EAA_DFULL,0,100004,context_fid,0.0,0.8863757108981338,1.444643259048462,166.65625,False
PETS_U_BF_EAA_DFULL,0,100004,context_fid,123.0,0.8977406858864763,1.6582908630371094,166.65625,False
PETS_U_BF_EAA_DFULL,0,100004,context_fid,42.0,1.0644278463795105,1.5038418769836426,166.65625,False
PETS_U_BF_EAA_DFULL,0,100004,correlation_score,,0.0686018243432045,0.1301448345184326,0.0,False
PETS_U_BF_EAA_DFULL,0,100004,discriminative_score,0.0,0.1713414634146342,59.67686200141907,,False
PETS_U_BF_EAA_DFULL,0,100004,discriminative_score,123.0,0.1560975609756097,58.6632924079895,,False
PETS_U_BF_EAA_DFULL,0,100004,discriminative_score,42.0,0.1439024390243902,59.66095805168152,,False
PETS_U_BF_EAA_DFULL,0,100004,predictive_score,0.0,0.1090755426948817,120.70973420143127,,False
PETS_U_BF_EAA_DFULL,0,100004,predictive_score,123.0,0.113976006019584,119.58261370658876,,False
PETS_U_BF_EAA_DFULL,0,100004,predictive_score,42.0,0.1207825588394371,118.4082419872284,,False
PETS_U_BF_EAA_DFULL,1,100000,context_fid,0.0,0.7575698052851412,1.4713990688323977,166.65625,False
PETS_U_BF_EAA_DFULL,1,100000,context_fid,123.0,0.7331906914451785,1.432765007019043,166.65625,False
PETS_U_BF_EAA_DFULL,1,100000,context_fid,42.0,0.8891091058453012,2.146257877349853,166.65625,False
PETS_U_BF_EAA_DFULL,1,100000,correlation_score,,0.0719359591603279,0.1306767463684082,0.0,False
PETS_U_BF_EAA_DFULL,1,100000,discriminative_score,0.0,0.1329268292682927,59.92197799682617,,False
PETS_U_BF_EAA_DFULL,1,100000,discriminative_score,123.0,0.0957317073170731,59.83324718475342,,False
PETS_U_BF_EAA_DFULL,1,100000,discriminative_score,42.0,0.1298780487804878,59.61909556388855,,False
PETS_U_BF_EAA_DFULL,1,100000,predictive_score,0.0,0.1117032027063942,117.25216937065125,,False
PETS_U_BF_EAA_DFULL,1,100000,predictive_score,123.0,0.1394244690623054,119.61948466300964,,False
PETS_U_BF_EAA_DFULL,1,100000,predictive_score,42.0,0.1223260048850534,120.78611588478088,,False
PETS_U_BF_EAA_DFULL,1,100001,context_fid,0.0,0.7795767526954994,1.8285226821899412,166.65625,False
PETS_U_BF_EAA_DFULL,1,100001,context_fid,123.0,0.7608674106387423,1.4246599674224854,166.65625,False
PETS_U_BF_EAA_DFULL,1,100001,context_fid,42.0,0.9164058499289354,1.7641832828521729,166.65625,False
PETS_U_BF_EAA_DFULL,1,100001,correlation_score,,0.0808973535895347,0.1418616771697998,0.0,False
PETS_U_BF_EAA_DFULL,1,100001,discriminative_score,0.0,0.1091463414634146,58.52434253692627,,False
PETS_U_BF_EAA_DFULL,1,100001,discriminative_score,123.0,0.0932926829268292,59.77616810798645,,False
PETS_U_BF_EAA_DFULL,1,100001,discriminative_score,42.0,0.1201219512195121,59.95634579658508,,False
PETS_U_BF_EAA_DFULL,1,100001,predictive_score,0.0,0.1098414947259698,121.85450148582458,,False
PETS_U_BF_EAA_DFULL,1,100001,predictive_score,123.0,0.1346007889433167,124.51629996299744,,False
PETS_U_BF_EAA_DFULL,1,100001,predictive_score,42.0,0.1227525367858106,120.71291971206664,,False
PETS_U_BF_EAA_DFULL,1,100002,context_fid,0.0,0.7456887653222966,1.4636423587799072,166.65625,False
PETS_U_BF_EAA_DFULL,1,100002,context_fid,123.0,0.73045206370076,1.539607286453247,166.65625,False
PETS_U_BF_EAA_DFULL,1,100002,context_fid,42.0,0.875604820221805,1.754889726638794,166.65625,False
PETS_U_BF_EAA_DFULL,1,100002,correlation_score,,0.0803900882601738,0.1878473758697509,0.0,False
PETS_U_BF_EAA_DFULL,1,100002,discriminative_score,0.0,0.1091463414634146,59.75729489326477,,False
PETS_U_BF_EAA_DFULL,1,100002,discriminative_score,123.0,0.1390243902439024,58.86391091346741,,False
PETS_U_BF_EAA_DFULL,1,100002,discriminative_score,42.0,0.1402439024390244,59.8083803653717,,False
PETS_U_BF_EAA_DFULL,1,100002,predictive_score,0.0,0.1132984045398188,117.11115503311156,,False
PETS_U_BF_EAA_DFULL,1,100002,predictive_score,123.0,0.1182322519903209,122.02517652511597,,False
PETS_U_BF_EAA_DFULL,1,100002,predictive_score,42.0,0.1227622797277945,119.65617442131042,,False
PETS_U_BF_EAA_DFULL,1,100003,context_fid,0.0,0.7513992626503272,1.516197681427002,166.65625,False
PETS_U_BF_EAA_DFULL,1,100003,context_fid,123.0,0.7394460144212958,1.9324567317962649,166.65625,False
PETS_U_BF_EAA_DFULL,1,100003,context_fid,42.0,0.8853012417761388,2.02746057510376,166.65625,False
PETS_U_BF_EAA_DFULL,1,100003,correlation_score,,0.0817038193345069,0.1263501644134521,0.0,False
PETS_U_BF_EAA_DFULL,1,100003,discriminative_score,0.0,0.123170731707317,59.73899006843567,,False
PETS_U_BF_EAA_DFULL,1,100003,discriminative_score,123.0,0.1396341463414634,59.74005627632141,,False
PETS_U_BF_EAA_DFULL,1,100003,discriminative_score,42.0,0.1371951219512195,59.64539337158203,,False
PETS_U_BF_EAA_DFULL,1,100003,predictive_score,0.0,0.1117002186242643,119.72277092933656,,False
PETS_U_BF_EAA_DFULL,1,100003,predictive_score,123.0,0.1200625922856488,118.54849457740784,,False
PETS_U_BF_EAA_DFULL,1,100003,predictive_score,42.0,0.1215136484029244,119.54163646697998,,False
PETS_U_BF_EAA_DFULL,1,100004,context_fid,0.0,0.7939812400914678,1.7716667652130127,166.65625,False
PETS_U_BF_EAA_DFULL,1,100004,context_fid,123.0,0.7674178175965913,1.7939560413360596,166.65625,False
PETS_U_BF_EAA_DFULL,1,100004,context_fid,42.0,0.933360613307134,1.8048694133758545,166.65625,False
PETS_U_BF_EAA_DFULL,1,100004,correlation_score,,0.0701204240322113,0.1524157524108886,0.0,False
PETS_U_BF_EAA_DFULL,1,100004,discriminative_score,0.0,0.15,59.7211012840271,,False
PETS_U_BF_EAA_DFULL,1,100004,discriminative_score,123.0,0.1115853658536585,59.78054881095886,,False
PETS_U_BF_EAA_DFULL,1,100004,discriminative_score,42.0,0.1225609756097561,59.84512042999268,,False
PETS_U_BF_EAA_DFULL,1,100004,predictive_score,0.0,0.1113991648376213,114.99716305732728,,False
PETS_U_BF_EAA_DFULL,1,100004,predictive_score,123.0,0.1286994380266151,120.86855578422546,,False
PETS_U_BF_EAA_DFULL,1,100004,predictive_score,42.0,0.1207179670800542,119.60662245750429,,False
PETS_U_BF_EAA_DFULL,123,100000,context_fid,0.0,0.8407128042610748,1.4627103805541992,166.65625,False
PETS_U_BF_EAA_DFULL,123,100000,context_fid,123.0,0.8245549944196731,1.7140874862670898,166.65625,False
PETS_U_BF_EAA_DFULL,123,100000,context_fid,42.0,0.9886190365222836,1.5797340869903564,166.65625,False
PETS_U_BF_EAA_DFULL,123,100000,correlation_score,,0.0702698901295661,0.1377174854278564,0.0,False
PETS_U_BF_EAA_DFULL,123,100000,discriminative_score,0.0,0.1664634146341463,59.72112631797791,,False
PETS_U_BF_EAA_DFULL,123,100000,discriminative_score,123.0,0.1146341463414634,59.80098056793213,,False
PETS_U_BF_EAA_DFULL,123,100000,discriminative_score,42.0,0.175609756097561,59.636962890625,,False
PETS_U_BF_EAA_DFULL,123,100000,predictive_score,0.0,0.1085262512451663,123.50920414924622,,False
PETS_U_BF_EAA_DFULL,123,100000,predictive_score,123.0,0.1146465968977281,121.01981115341188,,False
PETS_U_BF_EAA_DFULL,123,100000,predictive_score,42.0,0.1225447044889733,118.56010317802428,,False
PETS_U_BF_EAA_DFULL,123,100001,context_fid,0.0,0.8942617793736358,1.671748399734497,166.65625,False
PETS_U_BF_EAA_DFULL,123,100001,context_fid,123.0,0.8840484874339753,1.5180864334106443,166.65625,False
PETS_U_BF_EAA_DFULL,123,100001,context_fid,42.0,1.0517058044972414,1.5282135009765625,166.65625,False
PETS_U_BF_EAA_DFULL,123,100001,correlation_score,,0.0819343924522399,0.1349012851715088,0.0,False
PETS_U_BF_EAA_DFULL,123,100001,discriminative_score,0.0,0.1463414634146341,59.64137363433838,,False
PETS_U_BF_EAA_DFULL,123,100001,discriminative_score,123.0,0.1408536585365853,59.93641209602356,,False
PETS_U_BF_EAA_DFULL,123,100001,discriminative_score,42.0,0.1658536585365854,59.64770245552063,,False
PETS_U_BF_EAA_DFULL,123,100001,predictive_score,0.0,0.1069716224806143,122.15916419029236,,False
PETS_U_BF_EAA_DFULL,123,100001,predictive_score,123.0,0.1231151043039062,118.71755075454712,,False
PETS_U_BF_EAA_DFULL,123,100001,predictive_score,42.0,0.1242890331955095,122.02528977394104,,False
PETS_U_BF_EAA_DFULL,123,100002,context_fid,0.0,0.8652185293921483,1.6329903602600098,166.65625,False
PETS_U_BF_EAA_DFULL,123,100002,context_fid,123.0,0.8596216924772052,1.682044267654419,166.65625,False
PETS_U_BF_EAA_DFULL,123,100002,context_fid,42.0,1.0200425899390173,1.4693143367767334,166.65625,False
PETS_U_BF_EAA_DFULL,123,100002,correlation_score,,0.0767814442515373,0.1735539436340332,0.0,False
PETS_U_BF_EAA_DFULL,123,100002,discriminative_score,0.0,0.1567073170731707,59.738229751586914,,False
PETS_U_BF_EAA_DFULL,123,100002,discriminative_score,123.0,0.1567073170731707,59.756274938583374,,False
PETS_U_BF_EAA_DFULL,123,100002,discriminative_score,42.0,0.1621951219512195,59.64695620536804,,False
PETS_U_BF_EAA_DFULL,123,100002,predictive_score,0.0,0.109579220989417,119.73288321495056,,False
PETS_U_BF_EAA_DFULL,123,100002,predictive_score,123.0,0.1106282366354207,124.41300129890442,,False
PETS_U_BF_EAA_DFULL,123,100002,predictive_score,42.0,0.1235658727578083,123.36956477165222,,False
PETS_U_BF_EAA_DFULL,123,100003,context_fid,0.0,0.8559873931408152,1.6616148948669434,166.65625,False
PETS_U_BF_EAA_DFULL,123,100003,context_fid,123.0,0.8535831655031629,1.6060466766357422,166.65625,False
PETS_U_BF_EAA_DFULL,123,100003,context_fid,42.0,1.0073729372507043,1.470592737197876,166.65625,False
PETS_U_BF_EAA_DFULL,123,100003,correlation_score,,0.0802261754870414,0.128831148147583,0.0,False
PETS_U_BF_EAA_DFULL,123,100003,discriminative_score,0.0,0.15,59.88865613937378,,False
PETS_U_BF_EAA_DFULL,123,100003,discriminative_score,123.0,0.1664634146341463,59.707651138305664,,False
PETS_U_BF_EAA_DFULL,123,100003,discriminative_score,42.0,0.175,60.00722599029541,,False
PETS_U_BF_EAA_DFULL,123,100003,predictive_score,0.0,0.1079175890122314,118.84527325630188,,False
PETS_U_BF_EAA_DFULL,123,100003,predictive_score,123.0,0.1135983910567119,120.8753752708435,,False
PETS_U_BF_EAA_DFULL,123,100003,predictive_score,42.0,0.1217567763565057,124.6898753643036,,False
PETS_U_BF_EAA_DFULL,123,100004,context_fid,0.0,0.8949098754295552,1.7056519985198977,166.65625,False
PETS_U_BF_EAA_DFULL,123,100004,context_fid,123.0,0.8781132987121826,1.5594780445098877,166.65625,False
PETS_U_BF_EAA_DFULL,123,100004,context_fid,42.0,1.0536015278615398,1.637920379638672,166.65625,False
PETS_U_BF_EAA_DFULL,123,100004,correlation_score,,0.0657602399587631,0.1438679695129394,0.0,False
PETS_U_BF_EAA_DFULL,123,100004,discriminative_score,0.0,0.1682926829268293,59.712305545806885,,False
PETS_U_BF_EAA_DFULL,123,100004,discriminative_score,123.0,0.1640243902439024,58.76603817939758,,False
PETS_U_BF_EAA_DFULL,123,100004,discriminative_score,42.0,0.1615853658536585,59.79056763648987,,False
PETS_U_BF_EAA_DFULL,123,100004,predictive_score,0.0,0.1082646649415437,117.84680318832396,,False
PETS_U_BF_EAA_DFULL,123,100004,predictive_score,123.0,0.1090298283324955,120.77952313423155,,False
PETS_U_BF_EAA_DFULL,123,100004,predictive_score,42.0,0.1218243322068701,118.19732904434204,,False
PETS_U_BF_EAA_DFULL,2,100000,context_fid,0.0,0.8259931666941274,1.5811150074005127,166.65625,False
PETS_U_BF_EAA_DFULL,2,100000,context_fid,123.0,0.7976422631210036,1.8753468990325928,166.65625,False
PETS_U_BF_EAA_DFULL,2,100000,context_fid,42.0,0.9849158034556056,1.491970777511597,166.65625,False
PETS_U_BF_EAA_DFULL,2,100000,correlation_score,,0.075793519616127,0.1408100128173828,0.0,False
PETS_U_BF_EAA_DFULL,2,100000,discriminative_score,0.0,0.1256097560975609,59.68603301048279,,False
PETS_U_BF_EAA_DFULL,2,100000,discriminative_score,123.0,0.0999999999999999,59.88720941543579,,False
PETS_U_BF_EAA_DFULL,2,100000,discriminative_score,42.0,0.1341463414634146,59.85533809661865,,False
PETS_U_BF_EAA_DFULL,2,100000,predictive_score,0.0,0.1100271124350911,121.32071924209596,,False
PETS_U_BF_EAA_DFULL,2,100000,predictive_score,123.0,0.1176355728925955,120.28919291496275,,False
PETS_U_BF_EAA_DFULL,2,100000,predictive_score,42.0,0.1213530816144157,122.59468030929564,,False
PETS_U_BF_EAA_DFULL,2,100001,context_fid,0.0,0.8819977090661448,1.4586758613586426,166.65625,False
PETS_U_BF_EAA_DFULL,2,100001,context_fid,123.0,0.8583951035179784,1.7899794578552246,166.65625,False
PETS_U_BF_EAA_DFULL,2,100001,context_fid,42.0,1.0580581387145336,1.7044484615325928,166.65625,False
PETS_U_BF_EAA_DFULL,2,100001,correlation_score,,0.0793890208005905,0.3355226516723633,0.0,False
PETS_U_BF_EAA_DFULL,2,100001,discriminative_score,0.0,0.1042682926829268,59.62785005569458,,False
PETS_U_BF_EAA_DFULL,2,100001,discriminative_score,123.0,0.0908536585365853,59.75952291488648,,False
PETS_U_BF_EAA_DFULL,2,100001,discriminative_score,42.0,0.1402439024390244,59.680981397628784,,False
PETS_U_BF_EAA_DFULL,2,100001,predictive_score,0.0,0.1097118129291629,122.0287857055664,,False
PETS_U_BF_EAA_DFULL,2,100001,predictive_score,123.0,0.119513666889361,119.59423542022704,,False
PETS_U_BF_EAA_DFULL,2,100001,predictive_score,42.0,0.1223157909862493,120.7100203037262,,False
PETS_U_BF_EAA_DFULL,2,100002,context_fid,0.0,0.8311556261676432,1.6913843154907229,166.65625,False
PETS_U_BF_EAA_DFULL,2,100002,context_fid,123.0,0.8082102557941967,1.473803997039795,166.65625,False
PETS_U_BF_EAA_DFULL,2,100002,context_fid,42.0,0.993563107749973,1.499943494796753,166.65625,False
PETS_U_BF_EAA_DFULL,2,100002,correlation_score,,0.0756981298327446,0.1429550647735595,0.0,False
PETS_U_BF_EAA_DFULL,2,100002,discriminative_score,0.0,0.1396341463414634,59.57487201690674,,False
PETS_U_BF_EAA_DFULL,2,100002,discriminative_score,123.0,0.1225609756097561,58.581523180007935,,False
PETS_U_BF_EAA_DFULL,2,100002,discriminative_score,42.0,0.1554878048780488,59.90721225738525,,False
PETS_U_BF_EAA_DFULL,2,100002,predictive_score,0.0,0.110604089838489,120.85640525817873,,False
PETS_U_BF_EAA_DFULL,2,100002,predictive_score,123.0,0.1207596664389711,121.2992672920227,,False
PETS_U_BF_EAA_DFULL,2,100002,predictive_score,42.0,0.1214144128935004,119.99837946891785,,False
PETS_U_BF_EAA_DFULL,2,100003,context_fid,0.0,0.8336284449565068,1.5057048797607422,166.65625,False
PETS_U_BF_EAA_DFULL,2,100003,context_fid,123.0,0.8187731699071135,1.8201358318328855,166.65625,False
PETS_U_BF_EAA_DFULL,2,100003,context_fid,42.0,0.9996960491473468,1.4925565719604492,166.65625,False
PETS_U_BF_EAA_DFULL,2,100003,correlation_score,,0.0725271552801132,0.1470499038696289,0.0,False
PETS_U_BF_EAA_DFULL,2,100003,discriminative_score,0.0,0.1310975609756097,58.6350154876709,,False
PETS_U_BF_EAA_DFULL,2,100003,discriminative_score,123.0,0.1579268292682927,59.972145795822144,,False
PETS_U_BF_EAA_DFULL,2,100003,discriminative_score,42.0,0.1603658536585366,59.752901792526245,,False
PETS_U_BF_EAA_DFULL,2,100003,predictive_score,0.0,0.109449535233125,118.47380018234252,,False
PETS_U_BF_EAA_DFULL,2,100003,predictive_score,123.0,0.1182096720071967,123.42821311950684,,False
PETS_U_BF_EAA_DFULL,2,100003,predictive_score,42.0,0.1198098162676615,123.40885186195374,,False
PETS_U_BF_EAA_DFULL,2,100004,context_fid,0.0,0.8802363869396909,1.5563721656799316,166.65625,False
PETS_U_BF_EAA_DFULL,2,100004,context_fid,123.0,0.847081100791345,1.5283875465393066,166.65625,False
PETS_U_BF_EAA_DFULL,2,100004,context_fid,42.0,1.0526450456695182,1.6614251136779783,166.65625,False
PETS_U_BF_EAA_DFULL,2,100004,correlation_score,,0.0713782161474227,0.1347172260284423,0.0,False
PETS_U_BF_EAA_DFULL,2,100004,discriminative_score,0.0,0.1317073170731707,58.71661686897278,,False
PETS_U_BF_EAA_DFULL,2,100004,discriminative_score,123.0,0.1103658536585365,59.63447594642639,,False
PETS_U_BF_EAA_DFULL,2,100004,discriminative_score,42.0,0.1463414634146341,59.74132585525513,,False
PETS_U_BF_EAA_DFULL,2,100004,predictive_score,0.0,0.1090667080225102,122.11177706718443,,False
PETS_U_BF_EAA_DFULL,2,100004,predictive_score,123.0,0.1354811739324759,121.99396109580994,,False
PETS_U_BF_EAA_DFULL,2,100004,predictive_score,42.0,0.120300762880106,119.6851041316986,,False
PETS_U_BF_EAA_DFULL,42,100000,context_fid,0.0,0.863791944502833,1.622000217437744,166.65625,False
PETS_U_BF_EAA_DFULL,42,100000,context_fid,123.0,0.8529599282736364,1.463775396347046,166.65625,False
PETS_U_BF_EAA_DFULL,42,100000,context_fid,42.0,1.0059890270525456,1.4493305683135986,166.65625,False
PETS_U_BF_EAA_DFULL,42,100000,correlation_score,,0.0720115974545478,0.1317141056060791,0.0,False
PETS_U_BF_EAA_DFULL,42,100000,discriminative_score,0.0,0.1317073170731707,59.638463258743286,,False
PETS_U_BF_EAA_DFULL,42,100000,discriminative_score,123.0,0.1085365853658536,59.71094465255737,,False
PETS_U_BF_EAA_DFULL,42,100000,discriminative_score,42.0,0.124390243902439,59.69455552101135,,False
PETS_U_BF_EAA_DFULL,42,100000,predictive_score,0.0,0.110178026345693,123.24944424629211,,False
PETS_U_BF_EAA_DFULL,42,100000,predictive_score,123.0,0.1354533053840896,118.70732951164246,,False
PETS_U_BF_EAA_DFULL,42,100000,predictive_score,42.0,0.1207962584899178,118.61783075332642,,False
PETS_U_BF_EAA_DFULL,42,100001,context_fid,0.0,0.9040490088396088,1.458451509475708,166.65625,False
PETS_U_BF_EAA_DFULL,42,100001,context_fid,123.0,0.8928639556516376,1.5640380382537842,166.65625,False
PETS_U_BF_EAA_DFULL,42,100001,context_fid,42.0,1.0547897793556007,1.4439210891723633,166.65625,False
PETS_U_BF_EAA_DFULL,42,100001,correlation_score,,0.076291337609291,0.1230640411376953,0.0,False
PETS_U_BF_EAA_DFULL,42,100001,discriminative_score,0.0,0.1457317073170732,59.61669063568115,,False
PETS_U_BF_EAA_DFULL,42,100001,discriminative_score,123.0,0.1310975609756097,59.67891454696655,,False
PETS_U_BF_EAA_DFULL,42,100001,discriminative_score,42.0,0.1335365853658536,58.66446805000305,,False
PETS_U_BF_EAA_DFULL,42,100001,predictive_score,0.0,0.1096672693765867,122.06325101852416,,False
PETS_U_BF_EAA_DFULL,42,100001,predictive_score,123.0,0.1134656887415985,122.22341752052309,,False
PETS_U_BF_EAA_DFULL,42,100001,predictive_score,42.0,0.1219129803171199,121.14823269844057,,False
PETS_U_BF_EAA_DFULL,42,100002,context_fid,0.0,0.8510157371104836,1.4279828071594238,166.65625,False
PETS_U_BF_EAA_DFULL,42,100002,context_fid,123.0,0.8457887068959534,2.058656692504883,166.65625,False
PETS_U_BF_EAA_DFULL,42,100002,context_fid,42.0,0.994880711959057,1.830296754837036,166.65625,False
PETS_U_BF_EAA_DFULL,42,100002,correlation_score,,0.0776590257883071,0.1286075115203857,0.0,False
PETS_U_BF_EAA_DFULL,42,100002,discriminative_score,0.0,0.1451219512195122,59.72439789772034,,False
PETS_U_BF_EAA_DFULL,42,100002,discriminative_score,123.0,0.1628048780487805,59.76818776130676,,False
PETS_U_BF_EAA_DFULL,42,100002,discriminative_score,42.0,0.1408536585365853,59.66345715522766,,False
PETS_U_BF_EAA_DFULL,42,100002,predictive_score,0.0,0.1098408983389163,123.2789454460144,,False
PETS_U_BF_EAA_DFULL,42,100002,predictive_score,123.0,0.1165483012218828,123.12360787391664,,False
PETS_U_BF_EAA_DFULL,42,100002,predictive_score,42.0,0.1214050728704023,121.88372468948364,,False
PETS_U_BF_EAA_DFULL,42,100003,context_fid,0.0,0.8547028207642655,1.8045616149902344,166.65625,False
PETS_U_BF_EAA_DFULL,42,100003,context_fid,123.0,0.8527780096944912,1.5400817394256592,166.65625,False
PETS_U_BF_EAA_DFULL,42,100003,context_fid,42.0,0.997284056054362,1.622716188430786,166.65625,False
PETS_U_BF_EAA_DFULL,42,100003,correlation_score,,0.0749731287360191,0.1205389499664306,0.0,False
PETS_U_BF_EAA_DFULL,42,100003,discriminative_score,0.0,0.1384146341463414,59.83285737037659,,False
PETS_U_BF_EAA_DFULL,42,100003,discriminative_score,123.0,0.1432926829268292,58.54380679130554,,False
PETS_U_BF_EAA_DFULL,42,100003,discriminative_score,42.0,0.150609756097561,59.60489630699158,,False
PETS_U_BF_EAA_DFULL,42,100003,predictive_score,0.0,0.1095370203215679,122.25735926628111,,False
PETS_U_BF_EAA_DFULL,42,100003,predictive_score,123.0,0.1140089277250808,124.70005822181702,,False
PETS_U_BF_EAA_DFULL,42,100003,predictive_score,42.0,0.1204189535403656,119.70489382743835,,False
PETS_U_BF_EAA_DFULL,42,100004,context_fid,0.0,0.8979863377528736,1.5369627475738523,166.65625,False
PETS_U_BF_EAA_DFULL,42,100004,context_fid,123.0,0.8821170179103286,1.615330696105957,166.65625,False
PETS_U_BF_EAA_DFULL,42,100004,context_fid,42.0,1.048511571840041,1.4340684413909912,166.65625,False
PETS_U_BF_EAA_DFULL,42,100004,correlation_score,,0.0680345445871353,0.1477177143096923,0.0,False
PETS_U_BF_EAA_DFULL,42,100004,discriminative_score,0.0,0.1597560975609756,60.92344379425049,,False
PETS_U_BF_EAA_DFULL,42,100004,discriminative_score,123.0,0.1378048780487805,59.87519145011902,,False
PETS_U_BF_EAA_DFULL,42,100004,discriminative_score,42.0,0.1445121951219512,59.76364707946777,,False
PETS_U_BF_EAA_DFULL,42,100004,predictive_score,0.0,0.1085099692131734,122.3353168964386,,False
PETS_U_BF_EAA_DFULL,42,100004,predictive_score,123.0,0.1177645921038674,121.14840126037598,,False
PETS_U_BF_EAA_DFULL,42,100004,predictive_score,42.0,0.1199343863702324,121.13831281661987,,False
PETS_U_BF_EFULL_DAA,0,100000,context_fid,0.0,0.7090766104721675,1.5991313457489014,166.65625,False
PETS_U_BF_EFULL_DAA,0,100000,context_fid,123.0,0.7115539878237742,1.749349594116211,166.65625,False
PETS_U_BF_EFULL_DAA,0,100000,context_fid,42.0,0.841003557155609,1.5038247108459473,166.65625,False
PETS_U_BF_EFULL_DAA,0,100000,correlation_score,,0.0706953555345535,0.1385788917541504,0.0,False
PETS_U_BF_EFULL_DAA,0,100000,discriminative_score,0.0,0.1426829268292683,59.61896538734436,,False
PETS_U_BF_EFULL_DAA,0,100000,discriminative_score,123.0,0.1274390243902439,59.916528940200806,,False
PETS_U_BF_EFULL_DAA,0,100000,discriminative_score,42.0,0.1341463414634146,58.81386733055115,,False
PETS_U_BF_EFULL_DAA,0,100000,predictive_score,0.0,0.1112527937070808,119.73028945922852,,False
PETS_U_BF_EFULL_DAA,0,100000,predictive_score,123.0,0.1124843904722183,122.1164174079895,,False
PETS_U_BF_EFULL_DAA,0,100000,predictive_score,42.0,0.1224063087856848,122.22681713104248,,False
PETS_U_BF_EFULL_DAA,0,100001,context_fid,0.0,0.7582153463771749,1.5097863674163818,166.65625,False
PETS_U_BF_EFULL_DAA,0,100001,context_fid,123.0,0.760487547214499,1.429872989654541,166.65625,False
PETS_U_BF_EFULL_DAA,0,100001,context_fid,42.0,0.8985755242894857,1.6968517303466797,166.65625,False
PETS_U_BF_EFULL_DAA,0,100001,correlation_score,,0.0785481333732605,0.1295320987701416,0.0,False
PETS_U_BF_EFULL_DAA,0,100001,discriminative_score,0.0,0.1463414634146341,59.89152121543884,,False
PETS_U_BF_EFULL_DAA,0,100001,discriminative_score,123.0,0.1414634146341463,59.6711699962616,,False
PETS_U_BF_EFULL_DAA,0,100001,discriminative_score,42.0,0.1451219512195122,59.71739029884338,,False
PETS_U_BF_EFULL_DAA,0,100001,predictive_score,0.0,0.1109508018766973,121.56159019470216,,False
PETS_U_BF_EFULL_DAA,0,100001,predictive_score,123.0,0.1096005158133266,120.19549798965454,,False
PETS_U_BF_EFULL_DAA,0,100001,predictive_score,42.0,0.121458162275303,121.16768336296082,,False
PETS_U_BF_EFULL_DAA,0,100002,context_fid,0.0,0.7342728909747366,1.880499601364136,166.65625,False
PETS_U_BF_EFULL_DAA,0,100002,context_fid,123.0,0.7418937767431631,1.7687900066375732,166.65625,False
PETS_U_BF_EFULL_DAA,0,100002,context_fid,42.0,0.8688703226255798,1.679638147354126,166.65625,False
PETS_U_BF_EFULL_DAA,0,100002,correlation_score,,0.0832922905683517,0.1477551460266113,0.0,False
PETS_U_BF_EFULL_DAA,0,100002,discriminative_score,0.0,0.1445121951219512,59.7258288860321,,False
PETS_U_BF_EFULL_DAA,0,100002,discriminative_score,123.0,0.1445121951219512,59.84164762496948,,False
PETS_U_BF_EFULL_DAA,0,100002,discriminative_score,42.0,0.1530487804878049,59.66806221008301,,False
PETS_U_BF_EFULL_DAA,0,100002,predictive_score,0.0,0.1111854209957527,117.32072019577026,,False
PETS_U_BF_EFULL_DAA,0,100002,predictive_score,123.0,0.1110888481753136,121.21468710899352,,False
PETS_U_BF_EFULL_DAA,0,100002,predictive_score,42.0,0.1211190034900937,119.75947403907776,,False
PETS_U_BF_EFULL_DAA,0,100003,context_fid,0.0,0.7372392971830846,1.7134740352630615,166.65625,False
PETS_U_BF_EFULL_DAA,0,100003,context_fid,123.0,0.7459293350552904,1.632148027420044,166.65625,False
PETS_U_BF_EFULL_DAA,0,100003,context_fid,42.0,0.872113395186637,1.5302224159240725,166.65625,False
PETS_U_BF_EFULL_DAA,0,100003,correlation_score,,0.0777907893061637,0.246589183807373,0.0,False
PETS_U_BF_EFULL_DAA,0,100003,discriminative_score,0.0,0.1554878048780488,59.726460218429565,,False
PETS_U_BF_EFULL_DAA,0,100003,discriminative_score,123.0,0.1579268292682927,59.78701734542847,,False
PETS_U_BF_EFULL_DAA,0,100003,discriminative_score,42.0,0.1481707317073171,59.74406337738037,,False
PETS_U_BF_EFULL_DAA,0,100003,predictive_score,0.0,0.110221602339152,119.941721200943,,False
PETS_U_BF_EFULL_DAA,0,100003,predictive_score,123.0,0.1093299419367213,122.01316452026369,,False
PETS_U_BF_EFULL_DAA,0,100003,predictive_score,42.0,0.1209689874281139,120.00492548942566,,False
PETS_U_BF_EFULL_DAA,0,100004,context_fid,0.0,0.7513866628261259,1.561129808425903,166.65625,False
PETS_U_BF_EFULL_DAA,0,100004,context_fid,123.0,0.7504480608629377,1.620875120162964,166.65625,False
PETS_U_BF_EFULL_DAA,0,100004,context_fid,42.0,0.892254767951691,1.6530084609985352,166.65625,False
PETS_U_BF_EFULL_DAA,0,100004,correlation_score,,0.0669816583395004,0.1278119087219238,0.0,False
PETS_U_BF_EFULL_DAA,0,100004,discriminative_score,0.0,0.1676829268292683,59.7520911693573,,False
PETS_U_BF_EFULL_DAA,0,100004,discriminative_score,123.0,0.1341463414634146,59.669766664505005,,False
PETS_U_BF_EFULL_DAA,0,100004,discriminative_score,42.0,0.1420731707317073,59.684924364089966,,False
PETS_U_BF_EFULL_DAA,0,100004,predictive_score,0.0,0.1102622624489413,121.95120453834534,,False
PETS_U_BF_EFULL_DAA,0,100004,predictive_score,123.0,0.1111708187513613,123.98729825019836,,False
PETS_U_BF_EFULL_DAA,0,100004,predictive_score,42.0,0.1201797461221758,120.39595699310304,,False
PETS_U_BF_EFULL_DAA,1,100000,context_fid,0.0,0.6557954905838956,1.6754884719848633,166.65625,False
PETS_U_BF_EFULL_DAA,1,100000,context_fid,123.0,0.6467343610338123,1.708991289138794,166.65625,False
PETS_U_BF_EFULL_DAA,1,100000,context_fid,42.0,0.7803727278790413,1.4995052814483645,166.65625,False
PETS_U_BF_EFULL_DAA,1,100000,correlation_score,,0.0955980420112609,0.1315205097198486,0.0,False
PETS_U_BF_EFULL_DAA,1,100000,discriminative_score,0.0,0.1353658536585366,59.691078901290894,,False
PETS_U_BF_EFULL_DAA,1,100000,discriminative_score,123.0,0.0932926829268292,59.6500871181488,,False
PETS_U_BF_EFULL_DAA,1,100000,discriminative_score,42.0,0.1280487804878048,59.5626528263092,,False
PETS_U_BF_EFULL_DAA,1,100000,predictive_score,0.0,0.1110176852871518,122.07207202911376,,False
PETS_U_BF_EFULL_DAA,1,100000,predictive_score,123.0,0.1245717945748765,118.78585767745972,,False
PETS_U_BF_EFULL_DAA,1,100000,predictive_score,42.0,0.1218010100969877,119.79732584953308,,False
PETS_U_BF_EFULL_DAA,1,100001,context_fid,0.0,0.6906345102729735,1.478435754776001,166.65625,False
PETS_U_BF_EFULL_DAA,1,100001,context_fid,123.0,0.6862305578142973,1.820183515548706,166.65625,False
PETS_U_BF_EFULL_DAA,1,100001,context_fid,42.0,0.8216175039282236,1.4835209846496582,166.65625,False
PETS_U_BF_EFULL_DAA,1,100001,correlation_score,,0.1043818145990371,0.1429040431976318,0.0,False
PETS_U_BF_EFULL_DAA,1,100001,discriminative_score,0.0,0.1115853658536585,59.67972326278687,,False
PETS_U_BF_EFULL_DAA,1,100001,discriminative_score,123.0,0.1152439024390243,58.82118964195252,,False
PETS_U_BF_EFULL_DAA,1,100001,discriminative_score,42.0,0.1298780487804878,59.796266317367554,,False
PETS_U_BF_EFULL_DAA,1,100001,predictive_score,0.0,0.1118515281964391,119.8604815006256,,False
PETS_U_BF_EFULL_DAA,1,100001,predictive_score,123.0,0.1620127285987109,121.27232599258424,,False
PETS_U_BF_EFULL_DAA,1,100001,predictive_score,42.0,0.1230179827607571,123.8480350971222,,False
PETS_U_BF_EFULL_DAA,1,100002,context_fid,0.0,0.6616491035999326,1.5987606048583984,166.65625,False
PETS_U_BF_EFULL_DAA,1,100002,context_fid,123.0,0.6603880301699332,1.5251004695892334,166.65625,False
PETS_U_BF_EFULL_DAA,1,100002,context_fid,42.0,0.7850174478092344,1.8206555843353271,166.65625,False
PETS_U_BF_EFULL_DAA,1,100002,correlation_score,,0.1029446572065353,0.1295890808105468,0.0,False
PETS_U_BF_EFULL_DAA,1,100002,discriminative_score,0.0,0.1060975609756097,59.74129390716553,,False
PETS_U_BF_EFULL_DAA,1,100002,discriminative_score,123.0,0.1390243902439024,59.81638836860657,,False
PETS_U_BF_EFULL_DAA,1,100002,discriminative_score,42.0,0.1384146341463414,59.82247924804688,,False
PETS_U_BF_EFULL_DAA,1,100002,predictive_score,0.0,0.1125577829529902,120.17205810546876,,False
PETS_U_BF_EFULL_DAA,1,100002,predictive_score,123.0,0.1231605108100666,116.36200499534608,,False
PETS_U_BF_EFULL_DAA,1,100002,predictive_score,42.0,0.1224364121626422,121.11710953712463,,False
PETS_U_BF_EFULL_DAA,1,100003,context_fid,0.0,0.6605022754346956,1.5615217685699463,166.65625,False
PETS_U_BF_EFULL_DAA,1,100003,context_fid,123.0,0.660790323157371,1.4725537300109863,166.65625,False
PETS_U_BF_EFULL_DAA,1,100003,context_fid,42.0,0.7845324588988732,1.4754395484924316,166.65625,False
PETS_U_BF_EFULL_DAA,1,100003,correlation_score,,0.1038707122206687,0.147078275680542,0.0,False
PETS_U_BF_EFULL_DAA,1,100003,discriminative_score,0.0,0.1329268292682927,59.78133964538574,,False
PETS_U_BF_EFULL_DAA,1,100003,discriminative_score,123.0,0.1359756097560975,59.860225439071655,,False
PETS_U_BF_EFULL_DAA,1,100003,discriminative_score,42.0,0.1439024390243902,59.54961133003235,,False
PETS_U_BF_EFULL_DAA,1,100003,predictive_score,0.0,0.1108320055482181,120.93596839904784,,False
PETS_U_BF_EFULL_DAA,1,100003,predictive_score,123.0,0.1110230143367516,118.946350812912,,False
PETS_U_BF_EFULL_DAA,1,100003,predictive_score,42.0,0.1212805696068244,122.08139657974245,,False
PETS_U_BF_EFULL_DAA,1,100004,context_fid,0.0,0.687647721085211,1.5777623653411863,166.65625,False
PETS_U_BF_EFULL_DAA,1,100004,context_fid,123.0,0.6760784187165305,1.6183559894561768,166.65625,False
PETS_U_BF_EFULL_DAA,1,100004,context_fid,42.0,0.8184935366864088,1.4902124404907229,166.65625,False
PETS_U_BF_EFULL_DAA,1,100004,correlation_score,,0.0928747057914733,0.1166896820068359,0.0,False
PETS_U_BF_EFULL_DAA,1,100004,discriminative_score,0.0,0.1420731707317073,59.811805725097656,,False
PETS_U_BF_EFULL_DAA,1,100004,discriminative_score,123.0,0.097560975609756,58.88328742980957,,False
PETS_U_BF_EFULL_DAA,1,100004,discriminative_score,42.0,0.1359756097560975,59.74694132804871,,False
PETS_U_BF_EFULL_DAA,1,100004,predictive_score,0.0,0.1127496191838872,118.72452235221864,,False
PETS_U_BF_EFULL_DAA,1,100004,predictive_score,123.0,0.1154471709505742,122.35844135284424,,False
PETS_U_BF_EFULL_DAA,1,100004,predictive_score,42.0,0.1231730367071577,119.98708891868591,,False
PETS_U_BF_EFULL_DAA,123,100000,context_fid,0.0,0.816764903686084,1.7524785995483398,166.65625,False
PETS_U_BF_EFULL_DAA,123,100000,context_fid,123.0,0.7974971584376287,1.6094486713409424,166.65625,False
PETS_U_BF_EFULL_DAA,123,100000,context_fid,42.0,0.9569251436014558,1.6408777236938477,166.65625,False
PETS_U_BF_EFULL_DAA,123,100000,correlation_score,,0.079743817448616,0.2061843872070312,0.0,False
PETS_U_BF_EFULL_DAA,123,100000,discriminative_score,0.0,0.1597560975609756,59.695003271102905,,False
PETS_U_BF_EFULL_DAA,123,100000,discriminative_score,123.0,0.1384146341463414,58.76112771034241,,False
PETS_U_BF_EFULL_DAA,123,100000,discriminative_score,42.0,0.1353658536585366,59.65739703178406,,False
PETS_U_BF_EFULL_DAA,123,100000,predictive_score,0.0,0.1108545289798712,120.94650053977966,,False
PETS_U_BF_EFULL_DAA,123,100000,predictive_score,123.0,0.1199089310412091,121.13393545150755,,False
PETS_U_BF_EFULL_DAA,123,100000,predictive_score,42.0,0.122184209254101,118.8885374069214,,False
PETS_U_BF_EFULL_DAA,123,100001,context_fid,0.0,0.8517981615617182,1.548228740692139,166.65625,False
PETS_U_BF_EFULL_DAA,123,100001,context_fid,123.0,0.8372388302947151,1.6285276412963867,166.65625,False
PETS_U_BF_EFULL_DAA,123,100001,context_fid,42.0,0.9965548576412953,1.6499438285827637,166.65625,False
PETS_U_BF_EFULL_DAA,123,100001,correlation_score,,0.0898345559835434,0.1292965412139892,0.0,False
PETS_U_BF_EFULL_DAA,123,100001,discriminative_score,0.0,0.1628048780487805,59.48254370689392,,False
PETS_U_BF_EFULL_DAA,123,100001,discriminative_score,123.0,0.1542682926829268,59.86192679405213,,False
PETS_U_BF_EFULL_DAA,123,100001,discriminative_score,42.0,0.150609756097561,59.649863481521606,,False
PETS_U_BF_EFULL_DAA,123,100001,predictive_score,0.0,0.109448104150033,119.00233459472656,,False
PETS_U_BF_EFULL_DAA,123,100001,predictive_score,123.0,0.1145460104062294,121.16116523742676,,False
PETS_U_BF_EFULL_DAA,123,100001,predictive_score,42.0,0.1227284525143659,119.96041345596312,,False
PETS_U_BF_EFULL_DAA,123,100002,context_fid,0.0,0.8212070885921847,1.5907862186431885,166.65625,False
PETS_U_BF_EFULL_DAA,123,100002,context_fid,123.0,0.8084849342764997,1.4826152324676514,166.65625,False
PETS_U_BF_EFULL_DAA,123,100002,context_fid,42.0,0.961090640783117,1.6169195175170898,166.65625,False
PETS_U_BF_EFULL_DAA,123,100002,correlation_score,,0.0852977707982063,0.1298391819000244,0.0,False
PETS_U_BF_EFULL_DAA,123,100002,discriminative_score,0.0,0.1524390243902439,59.71839642524719,,False
PETS_U_BF_EFULL_DAA,123,100002,discriminative_score,123.0,0.1548780487804878,59.49146294593811,,False
PETS_U_BF_EFULL_DAA,123,100002,discriminative_score,42.0,0.1725609756097561,59.73440384864807,,False
PETS_U_BF_EFULL_DAA,123,100002,predictive_score,0.0,0.1103612945184977,120.25508689880373,,False
PETS_U_BF_EFULL_DAA,123,100002,predictive_score,123.0,0.1162074901903906,118.68359756469728,,False
PETS_U_BF_EFULL_DAA,123,100002,predictive_score,42.0,0.1228804351130747,122.37277054786682,,False
PETS_U_BF_EFULL_DAA,123,100003,context_fid,0.0,0.8303076266017906,1.649916172027588,166.65625,False
PETS_U_BF_EFULL_DAA,123,100003,context_fid,123.0,0.8243833668438513,1.4768261909484863,166.65625,False
PETS_U_BF_EFULL_DAA,123,100003,context_fid,42.0,0.9737969932074332,1.420975685119629,166.65625,False
PETS_U_BF_EFULL_DAA,123,100003,correlation_score,,0.0871243327856063,0.1960370540618896,0.0,False
PETS_U_BF_EFULL_DAA,123,100003,discriminative_score,0.0,0.1524390243902439,59.99181079864502,,False
PETS_U_BF_EFULL_DAA,123,100003,discriminative_score,123.0,0.1536585365853658,59.99665546417236,,False
PETS_U_BF_EFULL_DAA,123,100003,discriminative_score,42.0,0.1701219512195122,59.64798951148987,,False
PETS_U_BF_EFULL_DAA,123,100003,predictive_score,0.0,0.1089771673355244,121.47669124603271,,False
PETS_U_BF_EFULL_DAA,123,100003,predictive_score,123.0,0.1116434565096824,121.7010805606842,,False
PETS_U_BF_EFULL_DAA,123,100003,predictive_score,42.0,0.1206328209018465,115.46743369102478,,False
PETS_U_BF_EFULL_DAA,123,100004,context_fid,0.0,0.8478604639153478,1.661481857299805,166.65625,False
PETS_U_BF_EFULL_DAA,123,100004,context_fid,123.0,0.8284154216855886,2.0206589698791504,166.65625,False
PETS_U_BF_EFULL_DAA,123,100004,context_fid,42.0,0.9944831865108456,1.529499053955078,166.65625,False
PETS_U_BF_EFULL_DAA,123,100004,correlation_score,,0.0735444501042366,0.1362233161926269,0.0,False
PETS_U_BF_EFULL_DAA,123,100004,discriminative_score,0.0,0.176219512195122,58.54760718345642,,False
PETS_U_BF_EFULL_DAA,123,100004,discriminative_score,123.0,0.15,59.60733699798584,,False
PETS_U_BF_EFULL_DAA,123,100004,discriminative_score,42.0,0.149390243902439,58.45748162269592,,False
PETS_U_BF_EFULL_DAA,123,100004,predictive_score,0.0,0.1086794953180287,118.75678443908691,,False
PETS_U_BF_EFULL_DAA,123,100004,predictive_score,123.0,0.1099318128367485,122.16433191299438,,False
PETS_U_BF_EFULL_DAA,123,100004,predictive_score,42.0,0.1212142911008413,120.15270519256592,,False
PETS_U_BF_EFULL_DAA,2,100000,context_fid,0.0,0.7840578510583123,1.606816053390503,166.65625,False
PETS_U_BF_EFULL_DAA,2,100000,context_fid,123.0,0.763050390900318,1.6209535598754885,166.65625,False
PETS_U_BF_EFULL_DAA,2,100000,context_fid,42.0,0.938769672463628,1.7413780689239502,166.65625,False
PETS_U_BF_EFULL_DAA,2,100000,correlation_score,,0.0744094401597976,0.1256539821624755,0.0,False
PETS_U_BF_EFULL_DAA,2,100000,discriminative_score,0.0,0.1402439024390244,58.61039161682129,,False
PETS_U_BF_EFULL_DAA,2,100000,discriminative_score,123.0,0.098170731707317,59.690088987350464,,False
PETS_U_BF_EFULL_DAA,2,100000,discriminative_score,42.0,0.1341463414634146,59.7701199054718,,False
PETS_U_BF_EFULL_DAA,2,100000,predictive_score,0.0,0.1090828920732747,119.88482666015624,,False
PETS_U_BF_EFULL_DAA,2,100000,predictive_score,123.0,0.120496034633561,119.80715298652648,,False
PETS_U_BF_EFULL_DAA,2,100000,predictive_score,42.0,0.1214262608127683,120.8898105621338,,False
PETS_U_BF_EFULL_DAA,2,100001,context_fid,0.0,0.8325351207958588,1.8910894393920896,166.65625,False
PETS_U_BF_EFULL_DAA,2,100001,context_fid,123.0,0.8177810992218557,1.4813711643218994,166.65625,False
PETS_U_BF_EFULL_DAA,2,100001,context_fid,42.0,1.0021418490730918,1.5414361953735352,166.65625,False
PETS_U_BF_EFULL_DAA,2,100001,correlation_score,,0.0818415060639381,0.337399959564209,0.0,False
PETS_U_BF_EFULL_DAA,2,100001,discriminative_score,0.0,0.1225609756097561,59.78464484214783,,False
PETS_U_BF_EFULL_DAA,2,100001,discriminative_score,123.0,0.124390243902439,59.90995335578919,,False
PETS_U_BF_EFULL_DAA,2,100001,discriminative_score,42.0,0.1353658536585366,59.65026473999024,,False
PETS_U_BF_EFULL_DAA,2,100001,predictive_score,0.0,0.1081418591334113,117.32408285140993,,False
PETS_U_BF_EFULL_DAA,2,100001,predictive_score,123.0,0.1179219947784986,121.21521663665771,,False
PETS_U_BF_EFULL_DAA,2,100001,predictive_score,42.0,0.1228436380688435,119.74570608139038,,False
PETS_U_BF_EFULL_DAA,2,100002,context_fid,0.0,0.7790370003694669,1.5453441143035889,166.65625,False
PETS_U_BF_EFULL_DAA,2,100002,context_fid,123.0,0.7662134526714446,1.853879690170288,166.65625,False
PETS_U_BF_EFULL_DAA,2,100002,context_fid,42.0,0.9342751887506888,1.593430519104004,166.65625,False
PETS_U_BF_EFULL_DAA,2,100002,correlation_score,,0.0768522694706916,0.1476716995239257,0.0,False
PETS_U_BF_EFULL_DAA,2,100002,discriminative_score,0.0,0.1359756097560975,59.69738793373108,,False
PETS_U_BF_EFULL_DAA,2,100002,discriminative_score,123.0,0.1182926829268292,58.58865594863892,,False
PETS_U_BF_EFULL_DAA,2,100002,discriminative_score,42.0,0.1268292682926829,59.94450044631958,,False
PETS_U_BF_EFULL_DAA,2,100002,predictive_score,0.0,0.110835091586523,117.88367581367493,,False
PETS_U_BF_EFULL_DAA,2,100002,predictive_score,123.0,0.1152279831067062,120.2401556968689,,False
PETS_U_BF_EFULL_DAA,2,100002,predictive_score,42.0,0.1220661426100377,120.47177171707152,,False
PETS_U_BF_EFULL_DAA,2,100003,context_fid,0.0,0.7819864629920461,1.4967308044433594,166.65625,False
PETS_U_BF_EFULL_DAA,2,100003,context_fid,123.0,0.7751503856669089,1.5737595558166504,166.65625,False
PETS_U_BF_EFULL_DAA,2,100003,context_fid,42.0,0.940352937174662,1.7309975624084473,166.65625,False
PETS_U_BF_EFULL_DAA,2,100003,correlation_score,,0.073170006275177,0.1302211284637451,0.0,False
PETS_U_BF_EFULL_DAA,2,100003,discriminative_score,0.0,0.125,60.13668608665466,,False
PETS_U_BF_EFULL_DAA,2,100003,discriminative_score,123.0,0.1615853658536585,59.61241841316223,,False
PETS_U_BF_EFULL_DAA,2,100003,discriminative_score,42.0,0.1457317073170732,59.90252494812012,,False
PETS_U_BF_EFULL_DAA,2,100003,predictive_score,0.0,0.1080796064902642,117.6839678287506,,False
PETS_U_BF_EFULL_DAA,2,100003,predictive_score,123.0,0.1175338751495473,118.71799612045288,,False
PETS_U_BF_EFULL_DAA,2,100003,predictive_score,42.0,0.120992582920735,119.91528820991516,,False
PETS_U_BF_EFULL_DAA,2,100004,context_fid,0.0,0.835097469305145,1.7444448471069336,166.65625,False
PETS_U_BF_EFULL_DAA,2,100004,context_fid,123.0,0.8107826218206563,1.673572063446045,166.65625,False
PETS_U_BF_EFULL_DAA,2,100004,context_fid,42.0,1.000632944243998,1.5538532733917236,166.65625,False
PETS_U_BF_EFULL_DAA,2,100004,correlation_score,,0.0732446163892746,0.125087022781372,0.0,False
PETS_U_BF_EFULL_DAA,2,100004,discriminative_score,0.0,0.1585365853658537,59.72248935699463,,False
PETS_U_BF_EFULL_DAA,2,100004,discriminative_score,123.0,0.1067073170731707,58.77566576004028,,False
PETS_U_BF_EFULL_DAA,2,100004,discriminative_score,42.0,0.1317073170731707,59.65240097045898,,False
PETS_U_BF_EFULL_DAA,2,100004,predictive_score,0.0,0.1079290117140772,122.4285876750946,,False
PETS_U_BF_EFULL_DAA,2,100004,predictive_score,123.0,0.1160966433262729,118.90824222564696,,False
PETS_U_BF_EFULL_DAA,2,100004,predictive_score,42.0,0.1227448272652509,120.08614420890808,,False
PETS_U_BF_EFULL_DAA,42,100000,context_fid,0.0,0.7790076392389599,1.611497163772583,166.65625,False
PETS_U_BF_EFULL_DAA,42,100000,context_fid,123.0,0.7812743856107579,1.8314497470855715,166.65625,False
PETS_U_BF_EFULL_DAA,42,100000,context_fid,42.0,0.9246573991050132,1.5950846672058103,166.65625,False
PETS_U_BF_EFULL_DAA,42,100000,correlation_score,,0.0838647037744522,0.1278197765350341,0.0,False
PETS_U_BF_EFULL_DAA,42,100000,discriminative_score,0.0,0.1365853658536585,59.69280505180359,,False
PETS_U_BF_EFULL_DAA,42,100000,discriminative_score,123.0,0.1146341463414634,59.769259214401245,,False
PETS_U_BF_EFULL_DAA,42,100000,discriminative_score,42.0,0.1353658536585366,59.63734483718872,,False
PETS_U_BF_EFULL_DAA,42,100000,predictive_score,0.0,0.1130642379534947,120.95424890518188,,False
PETS_U_BF_EFULL_DAA,42,100000,predictive_score,123.0,0.1146473635303664,119.9207923412323,,False
PETS_U_BF_EFULL_DAA,42,100000,predictive_score,42.0,0.1200257456803228,119.93484449386597,,False
PETS_U_BF_EFULL_DAA,42,100001,context_fid,0.0,0.8258993887519104,1.5282282829284668,166.65625,False
PETS_U_BF_EFULL_DAA,42,100001,context_fid,123.0,0.8261770336150653,1.725194215774536,166.65625,False
PETS_U_BF_EFULL_DAA,42,100001,context_fid,42.0,0.9796078569222,1.754345417022705,166.65625,False
PETS_U_BF_EFULL_DAA,42,100001,correlation_score,,0.0886519104242324,0.1306254863739013,0.0,False
PETS_U_BF_EFULL_DAA,42,100001,discriminative_score,0.0,0.1384146341463414,59.739370346069336,,False
PETS_U_BF_EFULL_DAA,42,100001,discriminative_score,123.0,0.1304878048780487,59.599855184555054,,False
PETS_U_BF_EFULL_DAA,42,100001,discriminative_score,42.0,0.1378048780487805,59.757482051849365,,False
PETS_U_BF_EFULL_DAA,42,100001,predictive_score,0.0,0.111342588525531,121.25760221481325,,False
PETS_U_BF_EFULL_DAA,42,100001,predictive_score,123.0,0.1142020687357217,122.4989755153656,,False
PETS_U_BF_EFULL_DAA,42,100001,predictive_score,42.0,0.1212174452903127,120.01513051986694,,False
PETS_U_BF_EFULL_DAA,42,100002,context_fid,0.0,0.7787764887005025,1.9107766151428225,166.65625,False
PETS_U_BF_EFULL_DAA,42,100002,context_fid,123.0,0.7842210627680959,1.544074773788452,166.65625,False
PETS_U_BF_EFULL_DAA,42,100002,context_fid,42.0,0.9242720008803548,1.4953486919403076,166.65625,False
PETS_U_BF_EFULL_DAA,42,100002,correlation_score,,0.0838789194822311,0.2275960445404052,0.0,False
PETS_U_BF_EFULL_DAA,42,100002,discriminative_score,0.0,0.1408536585365853,59.63393592834473,,False
PETS_U_BF_EFULL_DAA,42,100002,discriminative_score,123.0,0.149390243902439,59.7252209186554,,False
PETS_U_BF_EFULL_DAA,42,100002,discriminative_score,42.0,0.148780487804878,59.68731689453125,,False
PETS_U_BF_EFULL_DAA,42,100002,predictive_score,0.0,0.111151690976385,119.66821837425232,,False
PETS_U_BF_EFULL_DAA,42,100002,predictive_score,123.0,0.1109076420020755,121.2954592704773,,False
PETS_U_BF_EFULL_DAA,42,100002,predictive_score,42.0,0.1208652926502509,119.85724687576294,,False
PETS_U_BF_EFULL_DAA,42,100003,context_fid,0.0,0.7834985977537987,1.4894921779632568,166.65625,False
PETS_U_BF_EFULL_DAA,42,100003,context_fid,123.0,0.7952687635426592,1.6727707386016846,166.65625,False
PETS_U_BF_EFULL_DAA,42,100003,context_fid,42.0,0.9307897563933653,1.45782732963562,166.65625,False
PETS_U_BF_EFULL_DAA,42,100003,correlation_score,,0.0845697894692421,0.1310439109802246,0.0,False
PETS_U_BF_EFULL_DAA,42,100003,discriminative_score,0.0,0.1420731707317073,60.86027216911316,,False
PETS_U_BF_EFULL_DAA,42,100003,discriminative_score,123.0,0.1432926829268292,58.736188650131226,,False
PETS_U_BF_EFULL_DAA,42,100003,discriminative_score,42.0,0.1530487804878049,59.94611859321594,,False
PETS_U_BF_EFULL_DAA,42,100003,predictive_score,0.0,0.1104485200316958,121.44585967063904,,False
PETS_U_BF_EFULL_DAA,42,100003,predictive_score,123.0,0.1110020864716716,122.88413977622986,,False
PETS_U_BF_EFULL_DAA,42,100003,predictive_score,42.0,0.1200387165908978,122.54824137687685,,False
PETS_U_BF_EFULL_DAA,42,100004,context_fid,0.0,0.8096866542316956,1.622711420059204,166.65625,False
PETS_U_BF_EFULL_DAA,42,100004,context_fid,123.0,0.808179382224944,1.5095322132110596,166.65625,False
PETS_U_BF_EFULL_DAA,42,100004,context_fid,42.0,0.9631422532116732,1.533097267150879,166.65625,False
PETS_U_BF_EFULL_DAA,42,100004,correlation_score,,0.0766681581735611,0.1308255195617675,0.0,False
PETS_U_BF_EFULL_DAA,42,100004,discriminative_score,0.0,0.1567073170731707,59.86771011352539,,False
PETS_U_BF_EFULL_DAA,42,100004,discriminative_score,123.0,0.1481707317073171,59.75927948951721,,False
PETS_U_BF_EFULL_DAA,42,100004,discriminative_score,42.0,0.1256097560975609,58.572635650634766,,False
PETS_U_BF_EFULL_DAA,42,100004,predictive_score,0.0,0.110230842420151,122.33294796943665,,False
PETS_U_BF_EFULL_DAA,42,100004,predictive_score,123.0,0.1132511502146371,118.78731608390808,,False
PETS_U_BF_EFULL_DAA,42,100004,predictive_score,42.0,0.1197005413346232,119.8048131465912,,False
PETS_U_BF_EFULL_DFULL,0,100000,context_fid,0.0,0.7981567784642593,0.0,0.0,True
PETS_U_BF_EFULL_DFULL,0,100000,context_fid,123.0,0.8001334162352705,0.0,0.0,True
PETS_U_BF_EFULL_DFULL,0,100000,context_fid,42.0,0.9509754821255882,0.0,0.0,True
PETS_U_BF_EFULL_DFULL,0,100000,correlation_score,,0.0734497010707855,0.0,0.0,True
PETS_U_BF_EFULL_DFULL,0,100000,discriminative_score,0.0,0.1432926829268292,0.0,0.0,True
PETS_U_BF_EFULL_DFULL,0,100000,discriminative_score,123.0,0.1207317073170731,0.0,0.0,True
PETS_U_BF_EFULL_DFULL,0,100000,discriminative_score,42.0,0.1530487804878049,0.0,0.0,True
PETS_U_BF_EFULL_DFULL,0,100000,predictive_score,0.0,0.1131150291685116,0.0,0.0,True
PETS_U_BF_EFULL_DFULL,0,100000,predictive_score,123.0,0.1146879994644223,0.0,0.0,True
PETS_U_BF_EFULL_DFULL,0,100000,predictive_score,42.0,0.1209401194259953,0.0,0.0,True
PETS_U_BF_EFULL_DFULL,0,100001,context_fid,0.0,0.7907796175903437,0.0,0.0,True
PETS_U_BF_EFULL_DFULL,0,100001,context_fid,123.0,0.7869992989387954,0.0,0.0,True
PETS_U_BF_EFULL_DFULL,0,100001,context_fid,42.0,0.9384432728087476,0.0,0.0,True
PETS_U_BF_EFULL_DFULL,0,100001,correlation_score,,0.0730700939893722,0.0,0.0,True
PETS_U_BF_EFULL_DFULL,0,100001,discriminative_score,0.0,0.1469512195121951,0.0,0.0,True
PETS_U_BF_EFULL_DFULL,0,100001,discriminative_score,123.0,0.1286585365853658,0.0,0.0,True
PETS_U_BF_EFULL_DFULL,0,100001,discriminative_score,42.0,0.148780487804878,0.0,0.0,True
PETS_U_BF_EFULL_DFULL,0,100001,predictive_score,0.0,0.1104949688519809,0.0,0.0,True
PETS_U_BF_EFULL_DFULL,0,100001,predictive_score,123.0,0.1105780693578708,0.0,0.0,True
PETS_U_BF_EFULL_DFULL,0,100001,predictive_score,42.0,0.1214351839430492,0.0,0.0,True
PETS_U_BF_EFULL_DFULL,0,100002,context_fid,0.0,0.7824303792527787,0.0,0.0,True
PETS_U_BF_EFULL_DFULL,0,100002,context_fid,123.0,0.7893138250458771,0.0,0.0,True
PETS_U_BF_EFULL_DFULL,0,100002,context_fid,42.0,0.9316119451943408,0.0,0.0,True
PETS_U_BF_EFULL_DFULL,0,100002,correlation_score,,0.0642793625593185,0.0,0.0,True
PETS_U_BF_EFULL_DFULL,0,100002,discriminative_score,0.0,0.1426829268292683,0.0,0.0,True
PETS_U_BF_EFULL_DFULL,0,100002,discriminative_score,123.0,0.1347560975609756,0.0,0.0,True
PETS_U_BF_EFULL_DFULL,0,100002,discriminative_score,42.0,0.1481707317073171,0.0,0.0,True
PETS_U_BF_EFULL_DFULL,0,100002,predictive_score,0.0,0.1118407625517647,0.0,0.0,True
PETS_U_BF_EFULL_DFULL,0,100002,predictive_score,123.0,0.1137011691198495,0.0,0.0,True
PETS_U_BF_EFULL_DFULL,0,100002,predictive_score,42.0,0.1214453154752845,0.0,0.0,True
PETS_U_BF_EFULL_DFULL,0,100003,context_fid,0.0,0.8166263408245426,0.0,0.0,True
PETS_U_BF_EFULL_DFULL,0,100003,context_fid,123.0,0.8108499098934067,0.0,0.0,True
PETS_U_BF_EFULL_DFULL,0,100003,context_fid,42.0,0.9666488308838432,0.0,0.0,True
PETS_U_BF_EFULL_DFULL,0,100003,correlation_score,,0.0705629363656044,0.0,0.0,True
PETS_U_BF_EFULL_DFULL,0,100003,discriminative_score,0.0,0.1737804878048781,0.0,0.0,True
PETS_U_BF_EFULL_DFULL,0,100003,discriminative_score,123.0,0.1335365853658536,0.0,0.0,True
PETS_U_BF_EFULL_DFULL,0,100003,discriminative_score,42.0,0.1603658536585366,0.0,0.0,True
PETS_U_BF_EFULL_DFULL,0,100003,predictive_score,0.0,0.109940744749565,0.0,0.0,True
PETS_U_BF_EFULL_DFULL,0,100003,predictive_score,123.0,0.110599210786404,0.0,0.0,True
PETS_U_BF_EFULL_DFULL,0,100003,predictive_score,42.0,0.1205656782576625,0.0,0.0,True
PETS_U_BF_EFULL_DFULL,0,100004,context_fid,0.0,0.8049870892682373,0.0,0.0,True
PETS_U_BF_EFULL_DFULL,0,100004,context_fid,123.0,0.7982720193228947,0.0,0.0,True
PETS_U_BF_EFULL_DFULL,0,100004,context_fid,42.0,0.9506292018049938,0.0,0.0,True
PETS_U_BF_EFULL_DFULL,0,100004,correlation_score,,0.0650054439902305,0.0,0.0,True
PETS_U_BF_EFULL_DFULL,0,100004,discriminative_score,0.0,0.1329268292682927,0.0,0.0,True
PETS_U_BF_EFULL_DFULL,0,100004,discriminative_score,123.0,0.1286585365853658,0.0,0.0,True
PETS_U_BF_EFULL_DFULL,0,100004,discriminative_score,42.0,0.124390243902439,0.0,0.0,True
PETS_U_BF_EFULL_DFULL,0,100004,predictive_score,0.0,0.1116224675515695,0.0,0.0,True
PETS_U_BF_EFULL_DFULL,0,100004,predictive_score,123.0,0.1102629696747499,0.0,0.0,True
PETS_U_BF_EFULL_DFULL,0,100004,predictive_score,42.0,0.1215706264356413,0.0,0.0,True
PETS_U_BF_EFULL_DFULL,1,100000,context_fid,0.0,0.7391823594145276,0.0,0.0,True
PETS_U_BF_EFULL_DFULL,1,100000,context_fid,123.0,0.7328371568918595,0.0,0.0,True
PETS_U_BF_EFULL_DFULL,1,100000,context_fid,42.0,0.8853713074171043,0.0,0.0,True
PETS_U_BF_EFULL_DFULL,1,100000,correlation_score,,0.0975960493087768,0.0,0.0,True
PETS_U_BF_EFULL_DFULL,1,100000,discriminative_score,0.0,0.1225609756097561,0.0,0.0,True
PETS_U_BF_EFULL_DFULL,1,100000,discriminative_score,123.0,0.0945121951219511,0.0,0.0,True
PETS_U_BF_EFULL_DFULL,1,100000,discriminative_score,42.0,0.1158536585365853,0.0,0.0,True
PETS_U_BF_EFULL_DFULL,1,100000,predictive_score,0.0,0.1143686112077375,0.0,0.0,True
PETS_U_BF_EFULL_DFULL,1,100000,predictive_score,123.0,0.1200783106542076,0.0,0.0,True
PETS_U_BF_EFULL_DFULL,1,100000,predictive_score,42.0,0.1211908022432908,0.0,0.0,True
PETS_U_BF_EFULL_DFULL,1,100001,context_fid,0.0,0.7322806550400316,0.0,0.0,True
PETS_U_BF_EFULL_DFULL,1,100001,context_fid,123.0,0.7214082919679465,0.0,0.0,True
PETS_U_BF_EFULL_DFULL,1,100001,context_fid,42.0,0.8703740383152215,0.0,0.0,True
PETS_U_BF_EFULL_DFULL,1,100001,correlation_score,,0.1010181456804275,0.0,0.0,True
PETS_U_BF_EFULL_DFULL,1,100001,discriminative_score,0.0,0.1219512195121951,0.0,0.0,True
PETS_U_BF_EFULL_DFULL,1,100001,discriminative_score,123.0,0.099390243902439,0.0,0.0,True
PETS_U_BF_EFULL_DFULL,1,100001,discriminative_score,42.0,0.1420731707317073,0.0,0.0,True
PETS_U_BF_EFULL_DFULL,1,100001,predictive_score,0.0,0.1116933417597465,0.0,0.0,True
PETS_U_BF_EFULL_DFULL,1,100001,predictive_score,123.0,0.1153624501348531,0.0,0.0,True
PETS_U_BF_EFULL_DFULL,1,100001,predictive_score,42.0,0.1225688653798897,0.0,0.0,True
PETS_U_BF_EFULL_DFULL,1,100002,context_fid,0.0,0.7207530993239224,0.0,0.0,True
PETS_U_BF_EFULL_DFULL,1,100002,context_fid,123.0,0.7156870101032017,0.0,0.0,True
PETS_U_BF_EFULL_DFULL,1,100002,context_fid,42.0,0.8643514029996674,0.0,0.0,True
PETS_U_BF_EFULL_DFULL,1,100002,correlation_score,,0.0909602493047714,0.0,0.0,True
PETS_U_BF_EFULL_DFULL,1,100002,discriminative_score,0.0,0.1280487804878048,0.0,0.0,True
PETS_U_BF_EFULL_DFULL,1,100002,discriminative_score,123.0,0.1134146341463414,0.0,0.0,True
PETS_U_BF_EFULL_DFULL,1,100002,discriminative_score,42.0,0.1341463414634146,0.0,0.0,True
PETS_U_BF_EFULL_DFULL,1,100002,predictive_score,0.0,0.1144045306655243,0.0,0.0,True
PETS_U_BF_EFULL_DFULL,1,100002,predictive_score,123.0,0.1189450931965439,0.0,0.0,True
PETS_U_BF_EFULL_DFULL,1,100002,predictive_score,42.0,0.1228872596680048,0.0,0.0,True
PETS_U_BF_EFULL_DFULL,1,100003,context_fid,0.0,0.7508343485582682,0.0,0.0,True
PETS_U_BF_EFULL_DFULL,1,100003,context_fid,123.0,0.7361718921471234,0.0,0.0,True
PETS_U_BF_EFULL_DFULL,1,100003,context_fid,42.0,0.8930895872868252,0.0,0.0,True
PETS_U_BF_EFULL_DFULL,1,100003,correlation_score,,0.0987202748656272,0.0,0.0,True
PETS_U_BF_EFULL_DFULL,1,100003,discriminative_score,0.0,0.1475609756097561,0.0,0.0,True
PETS_U_BF_EFULL_DFULL,1,100003,discriminative_score,123.0,0.1018292682926829,0.0,0.0,True
PETS_U_BF_EFULL_DFULL,1,100003,discriminative_score,42.0,0.1451219512195122,0.0,0.0,True
PETS_U_BF_EFULL_DFULL,1,100003,predictive_score,0.0,0.1128532961752171,0.0,0.0,True
PETS_U_BF_EFULL_DFULL,1,100003,predictive_score,123.0,0.1142569682647263,0.0,0.0,True
PETS_U_BF_EFULL_DFULL,1,100003,predictive_score,42.0,0.1211799508050717,0.0,0.0,True
PETS_U_BF_EFULL_DFULL,1,100004,context_fid,0.0,0.7408470871112093,0.0,0.0,True
PETS_U_BF_EFULL_DFULL,1,100004,context_fid,123.0,0.7189036617170053,0.0,0.0,True
PETS_U_BF_EFULL_DFULL,1,100004,context_fid,42.0,0.8716083335603604,0.0,0.0,True
PETS_U_BF_EFULL_DFULL,1,100004,correlation_score,,0.0913086980581283,0.0,0.0,True
PETS_U_BF_EFULL_DFULL,1,100004,discriminative_score,0.0,0.124390243902439,0.0,0.0,True
PETS_U_BF_EFULL_DFULL,1,100004,discriminative_score,123.0,0.1152439024390243,0.0,0.0,True
PETS_U_BF_EFULL_DFULL,1,100004,discriminative_score,42.0,0.1152439024390243,0.0,0.0,True
PETS_U_BF_EFULL_DFULL,1,100004,predictive_score,0.0,0.1114904763689992,0.0,0.0,True
PETS_U_BF_EFULL_DFULL,1,100004,predictive_score,123.0,0.1148136548977163,0.0,0.0,True
PETS_U_BF_EFULL_DFULL,1,100004,predictive_score,42.0,0.1215965341893934,0.0,0.0,True
PETS_U_BF_EFULL_DFULL,123,100000,context_fid,0.0,0.8984438474411185,0.0,0.0,True
PETS_U_BF_EFULL_DFULL,123,100000,context_fid,123.0,0.8738548235830866,0.0,0.0,True
PETS_U_BF_EFULL_DFULL,123,100000,context_fid,42.0,1.058053496393338,0.0,0.0,True
PETS_U_BF_EFULL_DFULL,123,100000,correlation_score,,0.0809678062796592,0.0,0.0,True
PETS_U_BF_EFULL_DFULL,123,100000,discriminative_score,0.0,0.175,0.0,0.0,True
PETS_U_BF_EFULL_DFULL,123,100000,discriminative_score,123.0,0.1420731707317073,0.0,0.0,True
PETS_U_BF_EFULL_DFULL,123,100000,discriminative_score,42.0,0.1780487804878049,0.0,0.0,True
PETS_U_BF_EFULL_DFULL,123,100000,predictive_score,0.0,0.1115347707195724,0.0,0.0,True
PETS_U_BF_EFULL_DFULL,123,100000,predictive_score,123.0,0.1158942581364499,0.0,0.0,True
PETS_U_BF_EFULL_DFULL,123,100000,predictive_score,42.0,0.1223177052238497,0.0,0.0,True
PETS_U_BF_EFULL_DFULL,123,100001,context_fid,0.0,0.8794093371143431,0.0,0.0,True
PETS_U_BF_EFULL_DFULL,123,100001,context_fid,123.0,0.8573009904458156,0.0,0.0,True
PETS_U_BF_EFULL_DFULL,123,100001,context_fid,42.0,1.0275462847781434,0.0,0.0,True
PETS_U_BF_EFULL_DFULL,123,100001,correlation_score,,0.0853817909955978,0.0,0.0,True
PETS_U_BF_EFULL_DFULL,123,100001,discriminative_score,0.0,0.1676829268292683,0.0,0.0,True
PETS_U_BF_EFULL_DFULL,123,100001,discriminative_score,123.0,0.1530487804878049,0.0,0.0,True
PETS_U_BF_EFULL_DFULL,123,100001,discriminative_score,42.0,0.1664634146341463,0.0,0.0,True
PETS_U_BF_EFULL_DFULL,123,100001,predictive_score,0.0,0.1096574339371727,0.0,0.0,True
PETS_U_BF_EFULL_DFULL,123,100001,predictive_score,123.0,0.110049516338222,0.0,0.0,True
PETS_U_BF_EFULL_DFULL,123,100001,predictive_score,42.0,0.1219561073789918,0.0,0.0,True
PETS_U_BF_EFULL_DFULL,123,100002,context_fid,0.0,0.8714089173146515,0.0,0.0,True
PETS_U_BF_EFULL_DFULL,123,100002,context_fid,123.0,0.8500812732283991,0.0,0.0,True
PETS_U_BF_EFULL_DFULL,123,100002,context_fid,42.0,1.0199159609132056,0.0,0.0,True
PETS_U_BF_EFULL_DFULL,123,100002,correlation_score,,0.0739242434501648,0.0,0.0,True
PETS_U_BF_EFULL_DFULL,123,100002,discriminative_score,0.0,0.1713414634146342,0.0,0.0,True
PETS_U_BF_EFULL_DFULL,123,100002,discriminative_score,123.0,0.1560975609756097,0.0,0.0,True
PETS_U_BF_EFULL_DFULL,123,100002,discriminative_score,42.0,0.1682926829268293,0.0,0.0,True
PETS_U_BF_EFULL_DFULL,123,100002,predictive_score,0.0,0.1109366289801982,0.0,0.0,True
PETS_U_BF_EFULL_DFULL,123,100002,predictive_score,123.0,0.1185055947930777,0.0,0.0,True
PETS_U_BF_EFULL_DFULL,123,100002,predictive_score,42.0,0.1231584624442803,0.0,0.0,True
PETS_U_BF_EFULL_DFULL,123,100003,context_fid,0.0,0.9172539190808272,0.0,0.0,True
PETS_U_BF_EFULL_DFULL,123,100003,context_fid,123.0,0.8903201766058204,0.0,0.0,True
PETS_U_BF_EFULL_DFULL,123,100003,context_fid,42.0,1.0732991917574703,0.0,0.0,True
PETS_U_BF_EFULL_DFULL,123,100003,correlation_score,,0.0798860341310501,0.0,0.0,True
PETS_U_BF_EFULL_DFULL,123,100003,discriminative_score,0.0,0.1804878048780488,0.0,0.0,True
PETS_U_BF_EFULL_DFULL,123,100003,discriminative_score,123.0,0.1719512195121951,0.0,0.0,True
PETS_U_BF_EFULL_DFULL,123,100003,discriminative_score,42.0,0.1780487804878049,0.0,0.0,True
PETS_U_BF_EFULL_DFULL,123,100003,predictive_score,0.0,0.1090561848577635,0.0,0.0,True
PETS_U_BF_EFULL_DFULL,123,100003,predictive_score,123.0,0.1153964142345103,0.0,0.0,True
PETS_U_BF_EFULL_DFULL,123,100003,predictive_score,42.0,0.1218747734237695,0.0,0.0,True
PETS_U_BF_EFULL_DFULL,123,100004,context_fid,0.0,0.8975967509772411,0.0,0.0,True
PETS_U_BF_EFULL_DFULL,123,100004,context_fid,123.0,0.8676615394501438,0.0,0.0,True
PETS_U_BF_EFULL_DFULL,123,100004,context_fid,42.0,1.045524137047757,0.0,0.0,True
PETS_U_BF_EFULL_DFULL,123,100004,correlation_score,,0.080232597887516,0.0,0.0,True
PETS_U_BF_EFULL_DFULL,123,100004,discriminative_score,0.0,0.1634146341463415,0.0,0.0,True
PETS_U_BF_EFULL_DFULL,123,100004,discriminative_score,123.0,0.1603658536585366,0.0,0.0,True
PETS_U_BF_EFULL_DFULL,123,100004,discriminative_score,42.0,0.1426829268292683,0.0,0.0,True
PETS_U_BF_EFULL_DFULL,123,100004,predictive_score,0.0,0.1099584623875671,0.0,0.0,True
PETS_U_BF_EFULL_DFULL,123,100004,predictive_score,123.0,0.1083974346283866,0.0,0.0,True
PETS_U_BF_EFULL_DFULL,123,100004,predictive_score,42.0,0.1224419454665621,0.0,0.0,True
PETS_U_BF_EFULL_DFULL,2,100000,context_fid,0.0,0.8981848025801287,0.0,0.0,True
PETS_U_BF_EFULL_DFULL,2,100000,context_fid,123.0,0.8743058174121044,0.0,0.0,True
PETS_U_BF_EFULL_DFULL,2,100000,context_fid,42.0,1.0779527452620654,0.0,0.0,True
PETS_U_BF_EFULL_DFULL,2,100000,correlation_score,,0.0804660469293594,0.0,0.0,True
PETS_U_BF_EFULL_DFULL,2,100000,discriminative_score,0.0,0.1475609756097561,0.0,0.0,True
PETS_U_BF_EFULL_DFULL,2,100000,discriminative_score,123.0,0.1121951219512195,0.0,0.0,True
PETS_U_BF_EFULL_DFULL,2,100000,discriminative_score,42.0,0.150609756097561,0.0,0.0,True
PETS_U_BF_EFULL_DFULL,2,100000,predictive_score,0.0,0.1108370601755268,0.0,0.0,True
PETS_U_BF_EFULL_DFULL,2,100000,predictive_score,123.0,0.1217945142288954,0.0,0.0,True
PETS_U_BF_EFULL_DFULL,2,100000,predictive_score,42.0,0.1222207859568698,0.0,0.0,True
PETS_U_BF_EFULL_DFULL,2,100001,context_fid,0.0,0.8988327719027911,0.0,0.0,True
PETS_U_BF_EFULL_DFULL,2,100001,context_fid,123.0,0.8732265371623892,0.0,0.0,True
PETS_U_BF_EFULL_DFULL,2,100001,context_fid,42.0,1.0758467647411027,0.0,0.0,True
PETS_U_BF_EFULL_DFULL,2,100001,correlation_score,,0.0805430859327316,0.0,0.0,True
PETS_U_BF_EFULL_DFULL,2,100001,discriminative_score,0.0,0.1451219512195122,0.0,0.0,True
PETS_U_BF_EFULL_DFULL,2,100001,discriminative_score,123.0,0.1085365853658536,0.0,0.0,True
PETS_U_BF_EFULL_DFULL,2,100001,discriminative_score,42.0,0.1609756097560976,0.0,0.0,True
PETS_U_BF_EFULL_DFULL,2,100001,predictive_score,0.0,0.1079115883312624,0.0,0.0,True
PETS_U_BF_EFULL_DFULL,2,100001,predictive_score,123.0,0.1202263734398911,0.0,0.0,True
PETS_U_BF_EFULL_DFULL,2,100001,predictive_score,42.0,0.1232258766353879,0.0,0.0,True
PETS_U_BF_EFULL_DFULL,2,100002,context_fid,0.0,0.8562555345218676,0.0,0.0,True
PETS_U_BF_EFULL_DFULL,2,100002,context_fid,123.0,0.8393940364868768,0.0,0.0,True
PETS_U_BF_EFULL_DFULL,2,100002,context_fid,42.0,1.0335603299096798,0.0,0.0,True
PETS_U_BF_EFULL_DFULL,2,100002,correlation_score,,0.0733900368213653,0.0,0.0,True
PETS_U_BF_EFULL_DFULL,2,100002,discriminative_score,0.0,0.1390243902439024,0.0,0.0,True
PETS_U_BF_EFULL_DFULL,2,100002,discriminative_score,123.0,0.098170731707317,0.0,0.0,True
PETS_U_BF_EFULL_DFULL,2,100002,discriminative_score,42.0,0.1457317073170732,0.0,0.0,True
PETS_U_BF_EFULL_DFULL,2,100002,predictive_score,0.0,0.1106739546939934,0.0,0.0,True
PETS_U_BF_EFULL_DFULL,2,100002,predictive_score,123.0,0.1165751141616056,0.0,0.0,True
PETS_U_BF_EFULL_DFULL,2,100002,predictive_score,42.0,0.1227496029214307,0.0,0.0,True
PETS_U_BF_EFULL_DFULL,2,100003,context_fid,0.0,0.8870920415047798,0.0,0.0,True
PETS_U_BF_EFULL_DFULL,2,100003,context_fid,123.0,0.8593820483403466,0.0,0.0,True
PETS_U_BF_EFULL_DFULL,2,100003,context_fid,42.0,1.0626821527992512,0.0,0.0,True
PETS_U_BF_EFULL_DFULL,2,100003,correlation_score,,0.0731205642223358,0.0,0.0,True
PETS_U_BF_EFULL_DFULL,2,100003,discriminative_score,0.0,0.15,0.0,0.0,True
PETS_U_BF_EFULL_DFULL,2,100003,discriminative_score,123.0,0.1134146341463414,0.0,0.0,True
PETS_U_BF_EFULL_DFULL,2,100003,discriminative_score,42.0,0.1567073170731707,0.0,0.0,True
PETS_U_BF_EFULL_DFULL,2,100003,predictive_score,0.0,0.1090235996516639,0.0,0.0,True
PETS_U_BF_EFULL_DFULL,2,100003,predictive_score,123.0,0.1180105116654886,0.0,0.0,True
PETS_U_BF_EFULL_DFULL,2,100003,predictive_score,42.0,0.1215107040402472,0.0,0.0,True
PETS_U_BF_EFULL_DFULL,2,100004,context_fid,0.0,0.9146588421249092,0.0,0.0,True
PETS_U_BF_EFULL_DFULL,2,100004,context_fid,123.0,0.8760841525237364,0.0,0.0,True
PETS_U_BF_EFULL_DFULL,2,100004,context_fid,42.0,1.0847143704451845,0.0,0.0,True
PETS_U_BF_EFULL_DFULL,2,100004,correlation_score,,0.0772175043821334,0.0,0.0,True
PETS_U_BF_EFULL_DFULL,2,100004,discriminative_score,0.0,0.1597560975609756,0.0,0.0,True
PETS_U_BF_EFULL_DFULL,2,100004,discriminative_score,123.0,0.0945121951219511,0.0,0.0,True
PETS_U_BF_EFULL_DFULL,2,100004,discriminative_score,42.0,0.1304878048780487,0.0,0.0,True
PETS_U_BF_EFULL_DFULL,2,100004,predictive_score,0.0,0.1094533394484642,0.0,0.0,True
PETS_U_BF_EFULL_DFULL,2,100004,predictive_score,123.0,0.1250836879057715,0.0,0.0,True
PETS_U_BF_EFULL_DFULL,2,100004,predictive_score,42.0,0.1222062463084512,0.0,0.0,True
PETS_U_BF_EFULL_DFULL,42,100000,context_fid,0.0,0.8781545367118873,0.0,0.0,True
PETS_U_BF_EFULL_DFULL,42,100000,context_fid,123.0,0.8636553528302551,0.0,0.0,True
PETS_U_BF_EFULL_DFULL,42,100000,context_fid,42.0,1.0311015375926331,0.0,0.0,True
PETS_U_BF_EFULL_DFULL,42,100000,correlation_score,,0.0849714130163192,0.0,0.0,True
PETS_U_BF_EFULL_DFULL,42,100000,discriminative_score,0.0,0.1439024390243902,0.0,0.0,True
PETS_U_BF_EFULL_DFULL,42,100000,discriminative_score,123.0,0.1030487804878048,0.0,0.0,True
PETS_U_BF_EFULL_DFULL,42,100000,discriminative_score,42.0,0.148780487804878,0.0,0.0,True
PETS_U_BF_EFULL_DFULL,42,100000,predictive_score,0.0,0.1126812775664802,0.0,0.0,True
PETS_U_BF_EFULL_DFULL,42,100000,predictive_score,123.0,0.1179842478627506,0.0,0.0,True
PETS_U_BF_EFULL_DFULL,42,100000,predictive_score,42.0,0.1207091174887864,0.0,0.0,True
PETS_U_BF_EFULL_DFULL,42,100001,context_fid,0.0,0.8887146203116383,0.0,0.0,True
PETS_U_BF_EFULL_DFULL,42,100001,context_fid,123.0,0.8707281473659145,0.0,0.0,True
PETS_U_BF_EFULL_DFULL,42,100001,context_fid,42.0,1.0406403314503552,0.0,0.0,True
PETS_U_BF_EFULL_DFULL,42,100001,correlation_score,,0.0891513302922248,0.0,0.0,True
PETS_U_BF_EFULL_DFULL,42,100001,discriminative_score,0.0,0.1408536585365853,0.0,0.0,True
PETS_U_BF_EFULL_DFULL,42,100001,discriminative_score,123.0,0.1274390243902439,0.0,0.0,True
PETS_U_BF_EFULL_DFULL,42,100001,discriminative_score,42.0,0.1432926829268292,0.0,0.0,True
PETS_U_BF_EFULL_DFULL,42,100001,predictive_score,0.0,0.1108130124648596,0.0,0.0,True
PETS_U_BF_EFULL_DFULL,42,100001,predictive_score,123.0,0.1131923474881659,0.0,0.0,True
PETS_U_BF_EFULL_DFULL,42,100001,predictive_score,42.0,0.1215875761154166,0.0,0.0,True
PETS_U_BF_EFULL_DFULL,42,100002,context_fid,0.0,0.8517932920700577,0.0,0.0,True
PETS_U_BF_EFULL_DFULL,42,100002,context_fid,123.0,0.8394754512530442,0.0,0.0,True
PETS_U_BF_EFULL_DFULL,42,100002,context_fid,42.0,1.0025410956378786,0.0,0.0,True
PETS_U_BF_EFULL_DFULL,42,100002,correlation_score,,0.0772329568862915,0.0,0.0,True
PETS_U_BF_EFULL_DFULL,42,100002,discriminative_score,0.0,0.1640243902439024,0.0,0.0,True
PETS_U_BF_EFULL_DFULL,42,100002,discriminative_score,123.0,0.1341463414634146,0.0,0.0,True
PETS_U_BF_EFULL_DFULL,42,100002,discriminative_score,42.0,0.1445121951219512,0.0,0.0,True
PETS_U_BF_EFULL_DFULL,42,100002,predictive_score,0.0,0.1120242514421079,0.0,0.0,True
PETS_U_BF_EFULL_DFULL,42,100002,predictive_score,123.0,0.1191532903098959,0.0,0.0,True
PETS_U_BF_EFULL_DFULL,42,100002,predictive_score,42.0,0.1214515625470085,0.0,0.0,True
PETS_U_BF_EFULL_DFULL,42,100003,context_fid,0.0,0.8738901220092069,0.0,0.0,True
PETS_U_BF_EFULL_DFULL,42,100003,context_fid,123.0,0.8574736001541108,0.0,0.0,True
PETS_U_BF_EFULL_DFULL,42,100003,context_fid,42.0,1.024660242750285,0.0,0.0,True
PETS_U_BF_EFULL_DFULL,42,100003,correlation_score,,0.0827441737055778,0.0,0.0,True
PETS_U_BF_EFULL_DFULL,42,100003,discriminative_score,0.0,0.1628048780487805,0.0,0.0,True
PETS_U_BF_EFULL_DFULL,42,100003,discriminative_score,123.0,0.1445121951219512,0.0,0.0,True
PETS_U_BF_EFULL_DFULL,42,100003,discriminative_score,42.0,0.1518292682926829,0.0,0.0,True
PETS_U_BF_EFULL_DFULL,42,100003,predictive_score,0.0,0.1097453552974911,0.0,0.0,True
PETS_U_BF_EFULL_DFULL,42,100003,predictive_score,123.0,0.1123999200317484,0.0,0.0,True
PETS_U_BF_EFULL_DFULL,42,100003,predictive_score,42.0,0.1202923361579451,0.0,0.0,True
PETS_U_BF_EFULL_DFULL,42,100004,context_fid,0.0,0.8776346425707526,0.0,0.0,True
PETS_U_BF_EFULL_DFULL,42,100004,context_fid,123.0,0.8541633298875712,0.0,0.0,True
PETS_U_BF_EFULL_DFULL,42,100004,context_fid,42.0,1.0218733932414257,0.0,0.0,True
PETS_U_BF_EFULL_DFULL,42,100004,correlation_score,,0.0823229551315307,0.0,0.0,True
PETS_U_BF_EFULL_DFULL,42,100004,discriminative_score,0.0,0.1359756097560975,0.0,0.0,True
PETS_U_BF_EFULL_DFULL,42,100004,discriminative_score,123.0,0.125,0.0,0.0,True
PETS_U_BF_EFULL_DFULL,42,100004,discriminative_score,42.0,0.1329268292682927,0.0,0.0,True
PETS_U_BF_EFULL_DFULL,42,100004,predictive_score,0.0,0.1096591667965185,0.0,0.0,True
PETS_U_BF_EFULL_DFULL,42,100004,predictive_score,123.0,0.1104262260209907,0.0,0.0,True
PETS_U_BF_EFULL_DFULL,42,100004,predictive_score,42.0,0.1206791006152343,0.0,0.0,True
