system,seed,draw,metric,value,evaluator_sd
PETS_U_BF_EAA_DAA,0,100000,context_fid,0.8277019020457649,0.0832831083180011
PETS_U_BF_EAA_DAA,0,100000,correlation_score,0.077452003955841,
PETS_U_BF_EAA_DAA,0,100000,discriminative_score,0.1426829268292683,0.0094659601806463
PETS_U_BF_EAA_DAA,0,100000,predictive_score,0.1171005939836504,0.006119872954418
PETS_U_BF_EAA_DAA,0,100001,context_fid,0.8793433258318127,0.0870381070923783
PETS_U_BF_EAA_DAA,0,100001,correlation_score,0.0813485905528068,
PETS_U_BF_EAA_DAA,0,100001,discriminative_score,0.1483739837398374,0.0046169986551221
PETS_U_BF_EAA_DAA,0,100001,predictive_score,0.116854942423591,0.0050980314294419
PETS_U_BF_EAA_DAA,0,100002,context_fid,0.8655272880037974,0.0841558848944577
PETS_U_BF_EAA_DAA,0,100002,correlation_score,0.0893305093050003,
PETS_U_BF_EAA_DAA,0,100002,discriminative_score,0.159349593495935,0.0070672108336234
PETS_U_BF_EAA_DAA,0,100002,predictive_score,0.1213212265064006,0.0111938166508608
PETS_U_BF_EAA_DAA,0,100003,context_fid,0.8670750372380421,0.0828265436009649
PETS_U_BF_EAA_DAA,0,100003,correlation_score,0.0841600820422172,
PETS_U_BF_EAA_DAA,0,100003,discriminative_score,0.1599593495934959,0.0074513425934241
PETS_U_BF_EAA_DAA,0,100003,predictive_score,0.1227486305040959,0.0137004800355972
PETS_U_BF_EAA_DAA,0,100004,context_fid,0.874468492032327,0.0879730398409318
PETS_U_BF_EAA_DAA,0,100004,correlation_score,0.0738157927989959,
PETS_U_BF_EAA_DAA,0,100004,discriminative_score,0.1550813008130081,0.0130255853414732
PETS_U_BF_EAA_DAA,0,100004,predictive_score,0.11802750110625,0.0079014407604707
PETS_U_BF_EAA_DAA,1,100000,context_fid,0.7217252776544146,0.0748379078432788
PETS_U_BF_EAA_DAA,1,100000,correlation_score,0.0745337381958961,
PETS_U_BF_EAA_DAA,1,100000,discriminative_score,0.1180894308943089,0.0221059362437327
PETS_U_BF_EAA_DAA,1,100000,predictive_score,0.1229828056849176,0.0120425619700284
PETS_U_BF_EAA_DAA,1,100001,context_fid,0.7496991713435999,0.0757572043335117
PETS_U_BF_EAA_DAA,1,100001,correlation_score,0.0835710540413856,
PETS_U_BF_EAA_DAA,1,100001,discriminative_score,0.1107723577235772,0.0195629421390503
PETS_U_BF_EAA_DAA,1,100001,predictive_score,0.1178513694195923,0.0069915023624294
PETS_U_BF_EAA_DAA,1,100002,context_fid,0.7148013091638865,0.0709232781491158
PETS_U_BF_EAA_DAA,1,100002,correlation_score,0.0827412605285644,
PETS_U_BF_EAA_DAA,1,100002,discriminative_score,0.131910569105691,0.0128531802876116
PETS_U_BF_EAA_DAA,1,100002,predictive_score,0.1182201517476642,0.0044312138138878
PETS_U_BF_EAA_DAA,1,100003,context_fid,0.7204495128463325,0.0714398577884894
PETS_U_BF_EAA_DAA,1,100003,correlation_score,0.0842021107673645,
PETS_U_BF_EAA_DAA,1,100003,discriminative_score,0.1367886178861788,0.0163197586716632
PETS_U_BF_EAA_DAA,1,100003,predictive_score,0.1173729754612698,0.0047549581983825
PETS_U_BF_EAA_DAA,1,100004,context_fid,0.756519378075096,0.0795577573195388
PETS_U_BF_EAA_DAA,1,100004,correlation_score,0.0717295035719871,
PETS_U_BF_EAA_DAA,1,100004,discriminative_score,0.1260162601626016,0.0171311443135817
PETS_U_BF_EAA_DAA,1,100004,predictive_score,0.1230214572913913,0.0112192120015662
PETS_U_BF_EAA_DAA,2,100000,context_fid,0.7897589746081505,0.0887376524168042
PETS_U_BF_EAA_DAA,2,100000,correlation_score,0.0760539397597312,
PETS_U_BF_EAA_DAA,2,100000,discriminative_score,0.114430894308943,0.0175174483141587
PETS_U_BF_EAA_DAA,2,100000,predictive_score,0.1159055552003944,0.0052389399824719
PETS_U_BF_EAA_DAA,2,100001,context_fid,0.8537689628269961,0.0971114080102438
PETS_U_BF_EAA_DAA,2,100001,correlation_score,0.0782580599188804,
PETS_U_BF_EAA_DAA,2,100001,discriminative_score,0.1138211382113821,0.0271347172681326
PETS_U_BF_EAA_DAA,2,100001,predictive_score,0.1190891727576399,0.0077109779748844
PETS_U_BF_EAA_DAA,2,100002,context_fid,0.7975601090310936,0.0887390795352468
PETS_U_BF_EAA_DAA,2,100002,correlation_score,0.0760104283690452,
PETS_U_BF_EAA_DAA,2,100002,discriminative_score,0.141260162601626,0.0144466306048104
PETS_U_BF_EAA_DAA,2,100002,predictive_score,0.1234844725316482,0.0116169574226783
PETS_U_BF_EAA_DAA,2,100003,context_fid,0.8034540407287124,0.088118986092478
PETS_U_BF_EAA_DAA,2,100003,correlation_score,0.0717455968260765,
PETS_U_BF_EAA_DAA,2,100003,discriminative_score,0.1432926829268292,0.0158887978302382
PETS_U_BF_EAA_DAA,2,100003,predictive_score,0.1163646293530291,0.005374968444718
PETS_U_BF_EAA_DAA,2,100004,context_fid,0.8434943068822349,0.0976004476952054
PETS_U_BF_EAA_DAA,2,100004,correlation_score,0.0718970745801925,
PETS_U_BF_EAA_DAA,2,100004,discriminative_score,0.1193089430894309,0.0179886660948581
PETS_U_BF_EAA_DAA,2,100004,predictive_score,0.1169530862178665,0.0067560005383551
PETS_U_BF_EAA_DAA,42,100000,context_fid,0.8250385905587908,0.077750968818461
PETS_U_BF_EAA_DAA,42,100000,correlation_score,0.0737518891692161,
PETS_U_BF_EAA_DAA,42,100000,discriminative_score,0.116260162601626,0.0102455960659581
PETS_U_BF_EAA_DAA,42,100000,predictive_score,0.1163495378978799,0.0051959447927425
PETS_U_BF_EAA_DAA,42,100001,context_fid,0.870510061256033,0.0832831974032192
PETS_U_BF_EAA_DAA,42,100001,correlation_score,0.0762622877955436,
PETS_U_BF_EAA_DAA,42,100001,discriminative_score,0.1262195121951219,0.010037852215338
PETS_U_BF_EAA_DAA,42,100001,predictive_score,0.1142283208414483,0.0064125463588824
PETS_U_BF_EAA_DAA,42,100002,context_fid,0.8195714976361108,0.077512295467207
PETS_U_BF_EAA_DAA,42,100002,correlation_score,0.0793437659740448,
PETS_U_BF_EAA_DAA,42,100002,discriminative_score,0.1392276422764227,0.003920183236176
PETS_U_BF_EAA_DAA,42,100002,predictive_score,0.1154329282908293,0.0048109928177366
PETS_U_BF_EAA_DAA,42,100003,context_fid,0.8235870523671417,0.0757197599495943
PETS_U_BF_EAA_DAA,42,100003,correlation_score,0.0758083537220954,
PETS_U_BF_EAA_DAA,42,100003,discriminative_score,0.1390243902439024,0.0063367712472032
PETS_U_BF_EAA_DAA,42,100003,predictive_score,0.1148613027129765,0.0048976112796643
PETS_U_BF_EAA_DAA,42,100004,context_fid,0.8587653868794566,0.0840189428953578
PETS_U_BF_EAA_DAA,42,100004,correlation_score,0.0689167007803917,
PETS_U_BF_EAA_DAA,42,100004,discriminative_score,0.1414634146341463,0.0120108021973123
PETS_U_BF_EAA_DAA,42,100004,predictive_score,0.1146313642268523,0.0052905850170486
PETS_U_BF_EAA_DAA,123,100000,context_fid,0.8356064961174479,0.0839774655884532
PETS_U_BF_EAA_DAA,123,100000,correlation_score,0.0714155808091163,
PETS_U_BF_EAA_DAA,123,100000,discriminative_score,0.1396341463414634,0.0314068786821363
PETS_U_BF_EAA_DAA,123,100000,predictive_score,0.1143583718711245,0.0068180180995352
PETS_U_BF_EAA_DAA,123,100001,context_fid,0.8927058322433462,0.0872013002101926
PETS_U_BF_EAA_DAA,123,100001,correlation_score,0.0822500139474868,
PETS_U_BF_EAA_DAA,123,100001,discriminative_score,0.1449186991869918,0.0129252951996623
PETS_U_BF_EAA_DAA,123,100001,predictive_score,0.1134908772792187,0.0090886602218288
PETS_U_BF_EAA_DAA,123,100002,context_fid,0.8635298135471164,0.0845322373229978
PETS_U_BF_EAA_DAA,123,100002,correlation_score,0.0775337368249893,
PETS_U_BF_EAA_DAA,123,100002,discriminative_score,0.1534552845528455,0.008119912339609
PETS_U_BF_EAA_DAA,123,100002,predictive_score,0.1137715175488362,0.0080394300229791
PETS_U_BF_EAA_DAA,123,100003,context_fid,0.8529534035150302,0.0817162839658776
PETS_U_BF_EAA_DAA,123,100003,correlation_score,0.0805939063429832,
PETS_U_BF_EAA_DAA,123,100003,discriminative_score,0.1522357723577236,0.0131675319810939
PETS_U_BF_EAA_DAA,123,100003,predictive_score,0.1140430923745346,0.0070495335932353
PETS_U_BF_EAA_DAA,123,100004,context_fid,0.8881008805396006,0.0897643959492884
PETS_U_BF_EAA_DAA,123,100004,correlation_score,0.0670288950204849,
PETS_U_BF_EAA_DAA,123,100004,discriminative_score,0.1536585365853658,0.005880274854264
PETS_U_BF_EAA_DAA,123,100004,predictive_score,0.1128236943283506,0.0079817701828805
PETS_U_BF_EAA_DFULL,0,100000,context_fid,0.9009127311365642,0.0945925043397404
PETS_U_BF_EAA_DFULL,0,100000,correlation_score,0.0719241052865982,
PETS_U_BF_EAA_DFULL,0,100000,discriminative_score,0.1396341463414634,0.0084490283296042
PETS_U_BF_EAA_DFULL,0,100000,predictive_score,0.1159987709280964,0.0049909025263882
PETS_U_BF_EAA_DFULL,0,100001,context_fid,0.9507821901991766,0.0982049694932562
PETS_U_BF_EAA_DFULL,0,100001,correlation_score,0.0771952793002128,
PETS_U_BF_EAA_DFULL,0,100001,discriminative_score,0.1485772357723577,0.002308499327561
PETS_U_BF_EAA_DFULL,0,100001,predictive_score,0.1192863387018405,0.0071528432855222
PETS_U_BF_EAA_DFULL,0,100002,context_fid,0.9308247172341008,0.0946718710499659
PETS_U_BF_EAA_DFULL,0,100002,correlation_score,0.0828139781951904,
PETS_U_BF_EAA_DFULL,0,100002,discriminative_score,0.1609756097560976,0.0095246947267154
PETS_U_BF_EAA_DFULL,0,100002,predictive_score,0.114705237545877,0.0054452314579947
PETS_U_BF_EAA_DFULL,0,100003,context_fid,0.9359358480769188,0.094049949333608
PETS_U_BF_EAA_DFULL,0,100003,correlation_score,0.077399268746376,
PETS_U_BF_EAA_DFULL,0,100003,discriminative_score,0.1640243902439024,0.008601668280284
PETS_U_BF_EAA_DFULL,0,100003,predictive_score,0.1162747759132495,0.0050641697721476
PETS_U_BF_EAA_DFULL,0,100004,context_fid,0.9495147477213736,0.0996797664851419
PETS_U_BF_EAA_DFULL,0,100004,correlation_score,0.0686018243432045,
PETS_U_BF_EAA_DFULL,0,100004,discriminative_score,0.1571138211382114,0.0137477126610454
PETS_U_BF_EAA_DFULL,0,100004,predictive_score,0.1146113691846342,0.0058793130139368
PETS_U_BF_EAA_DFULL,1,100000,context_fid,0.7932898675252069,0.0838724038172731
PETS_U_BF_EAA_DFULL,1,100000,correlation_score,0.0719359591603279,
PETS_U_BF_EAA_DFULL,1,100000,discriminative_score,0.1195121951219512,0.020650846612044
PETS_U_BF_EAA_DFULL,1,100000,predictive_score,0.1244845588845843,0.0139861241457564
PETS_U_BF_EAA_DFULL,1,100001,context_fid,0.818950004421059,0.0849160835047783
PETS_U_BF_EAA_DFULL,1,100001,correlation_score,0.0808973535895347,
PETS_U_BF_EAA_DFULL,1,100001,discriminative_score,0.107520325203252,0.0134883414821439
PETS_U_BF_EAA_DFULL,1,100001,predictive_score,0.1223982734850324,0.0123834482031458
PETS_U_BF_EAA_DFULL,1,100002,context_fid,0.7839152164149539,0.0797701501425748
PETS_U_BF_EAA_DFULL,1,100002,correlation_score,0.0803900882601738,
PETS_U_BF_EAA_DFULL,1,100002,discriminative_score,0.1294715447154471,0.0176127004722682
PETS_U_BF_EAA_DFULL,1,100002,predictive_score,0.1180976454193114,0.0047333732781299
PETS_U_BF_EAA_DFULL,1,100003,context_fid,0.7920488396159205,0.0809797994397029
PETS_U_BF_EAA_DFULL,1,100003,correlation_score,0.0817038193345069,
PETS_U_BF_EAA_DFULL,1,100003,discriminative_score,0.1333333333333333,0.0088851597538188
PETS_U_BF_EAA_DFULL,1,100003,predictive_score,0.1177588197709458,0.0052968270553982
PETS_U_BF_EAA_DFULL,1,100004,context_fid,0.8315865569983977,0.089134015711235
PETS_U_BF_EAA_DFULL,1,100004,correlation_score,0.0701204240322113,
PETS_U_BF_EAA_DFULL,1,100004,discriminative_score,0.1280487804878048,0.0197865618775463
PETS_U_BF_EAA_DFULL,1,100004,predictive_score,0.1202721899814302,0.0086587470814025
PETS_U_BF_EAA_DFULL,2,100000,context_fid,0.8695170777569122,0.1009385597926524
PETS_U_BF_EAA_DFULL,2,100000,correlation_score,0.075793519616127,
PETS_U_BF_EAA_DFULL,2,100000,discriminative_score,0.1199186991869918,0.0177703195076377
PETS_U_BF_EAA_DFULL,2,100000,predictive_score,0.1163385889807007,0.0057733023403887
PETS_U_BF_EAA_DFULL,2,100001,context_fid,0.9328169837662188,0.1091021581672718
PETS_U_BF_EAA_DFULL,2,100001,correlation_score,0.0793890208005905,
PETS_U_BF_EAA_DFULL,2,100001,discriminative_score,0.1117886178861788,0.0255394893558505
PETS_U_BF_EAA_DFULL,2,100001,predictive_score,0.1171804236015911,0.0066180120803622
PETS_U_BF_EAA_DFULL,2,100002,context_fid,0.8776429965706042,0.1010431919392472
PETS_U_BF_EAA_DFULL,2,100002,correlation_score,0.0756981298327446,
PETS_U_BF_EAA_DFULL,2,100002,discriminative_score,0.1392276422764227,0.0164671781305114
PETS_U_BF_EAA_DFULL,2,100002,predictive_score,0.1175927230569868,0.0060611813144756
PETS_U_BF_EAA_DFULL,2,100003,context_fid,0.8840325546703224,0.1004425346413349
PETS_U_BF_EAA_DFULL,2,100003,correlation_score,0.0725271552801132,
PETS_U_BF_EAA_DFULL,2,100003,discriminative_score,0.1497967479674797,0.016239824679218
PETS_U_BF_EAA_DFULL,2,100003,predictive_score,0.1158230078359944,0.0055772735434277
PETS_U_BF_EAA_DFULL,2,100004,context_fid,0.9266541778001848,0.1103634556352127
PETS_U_BF_EAA_DFULL,2,100004,correlation_score,0.0713782161474227,
PETS_U_BF_EAA_DFULL,2,100004,discriminative_score,0.1294715447154471,0.0180917144808729
PETS_U_BF_EAA_DFULL,2,100004,predictive_score,0.1216162149450307,0.0132562744739432
PETS_U_BF_EAA_DFULL,42,100000,context_fid,0.9075802999430048,0.0853963776889125
PETS_U_BF_EAA_DFULL,42,100000,correlation_score,0.0720115974545478,
PETS_U_BF_EAA_DFULL,42,100000,discriminative_score,0.1215447154471544,0.0118445547027101
PETS_U_BF_EAA_DFULL,42,100000,predictive_score,0.1221425300732335,0.0126913067884766
PETS_U_BF_EAA_DFULL,42,100001,context_fid,0.9505675812822824,0.0904321639801345
PETS_U_BF_EAA_DFULL,42,100001,correlation_score,0.076291337609291,
PETS_U_BF_EAA_DFULL,42,100001,discriminative_score,0.1367886178861788,0.007840366472352
PETS_U_BF_EAA_DFULL,42,100001,predictive_score,0.1150153128117684,0.0062682023083904
PETS_U_BF_EAA_DFULL,42,100002,context_fid,0.8972283853218314,0.0846097697341356
PETS_U_BF_EAA_DFULL,42,100002,correlation_score,0.0776590257883071,
PETS_U_BF_EAA_DFULL,42,100002,discriminative_score,0.1495934959349593,0.0116387303270084
PETS_U_BF_EAA_DFULL,42,100002,predictive_score,0.1159314241437338,0.00580671474638
PETS_U_BF_EAA_DFULL,42,100003,context_fid,0.9015882955043728,0.0828805475660254
PETS_U_BF_EAA_DFULL,42,100003,correlation_score,0.0749731287360191,
PETS_U_BF_EAA_DFULL,42,100003,discriminative_score,0.1441056910569106,0.0061380767766428
PETS_U_BF_EAA_DFULL,42,100003,predictive_score,0.1146549671956715,0.005469656560769
PETS_U_BF_EAA_DFULL,42,100004,context_fid,0.942871642501081,0.0918303045357118
PETS_U_BF_EAA_DFULL,42,100004,correlation_score,0.0680345445871353,
PETS_U_BF_EAA_DFULL,42,100004,discriminative_score,0.1473577235772357,0.0112488569935135
PETS_U_BF_EAA_DFULL,42,100004,predictive_score,0.1154029825624244,0.0060673080162706
PETS_U_BF_EAA_DFULL,123,100000,context_fid,0.8846289450676771,0.0904197049612018
PETS_U_BF_EAA_DFULL,123,100000,correlation_score,0.0702698901295661,
PETS_U_BF_EAA_DFULL,123,100000,discriminative_score,0.1522357723577236,0.0328835156247224
PETS_U_BF_EAA_DFULL,123,100000,predictive_score,0.1152391842106226,0.007027988875187
PETS_U_BF_EAA_DFULL,123,100001,context_fid,0.9433386904349508,0.093987506567114
PETS_U_BF_EAA_DFULL,123,100001,correlation_score,0.0819343924522399,
PETS_U_BF_EAA_DFULL,123,100001,discriminative_score,0.1510162601626016,0.0131392653324341
PETS_U_BF_EAA_DFULL,123,100001,predictive_score,0.1181252533266767,0.0096771451393637
PETS_U_BF_EAA_DFULL,123,100002,context_fid,0.9149609372694568,0.0910463971922432
PETS_U_BF_EAA_DFULL,123,100002,correlation_score,0.0767814442515373,
PETS_U_BF_EAA_DFULL,123,100002,discriminative_score,0.1585365853658537,0.0031683856236016
PETS_U_BF_EAA_DFULL,123,100002,predictive_score,0.1145911101275487,0.007790050170475
PETS_U_BF_EAA_DFULL,123,100003,context_fid,0.9056478319648944,0.0881047266705385
PETS_U_BF_EAA_DFULL,123,100003,correlation_score,0.0802261754870414,
PETS_U_BF_EAA_DFULL,123,100003,discriminative_score,0.1638211382113821,0.0127077227905208
PETS_U_BF_EAA_DFULL,123,100003,predictive_score,0.1144242521418164,0.0069564582573603
PETS_U_BF_EAA_DFULL,123,100004,context_fid,0.9422082340010924,0.0968342949846056
PETS_U_BF_EAA_DFULL,123,100004,correlation_score,0.0657602399587631,
PETS_U_BF_EAA_DFULL,123,100004,discriminative_score,0.1646341463414634,0.0033949782700183
PETS_U_BF_EAA_DFULL,123,100004,predictive_score,0.1130396084936364,0.0076174074849715
PETS_U_BF_EFULL_DAA,0,100000,context_fid,0.7538780518171836,0.0754630678543654
PETS_U_BF_EFULL_DAA,0,100000,correlation_score,0.0706953555345535,
PETS_U_BF_EFULL_DAA,0,100000,discriminative_score,0.1347560975609756,0.0076402220037449
PETS_U_BF_EFULL_DAA,0,100000,predictive_score,0.1153811643216613,0.0061150387327697
PETS_U_BF_EFULL_DAA,0,100001,context_fid,0.8057594726270532,0.0803890870007477
PETS_U_BF_EFULL_DAA,0,100001,correlation_score,0.0785481333732605,
PETS_U_BF_EFULL_DAA,0,100001,discriminative_score,0.1443089430894309,0.0025386170725196
PETS_U_BF_EFULL_DAA,0,100001,predictive_score,0.1140031599884423,0.0064914260710614
PETS_U_BF_EFULL_DAA,0,100002,context_fid,0.7816789967811598,0.0756059848944163
PETS_U_BF_EFULL_DAA,0,100002,correlation_score,0.0832922905683517,
PETS_U_BF_EFULL_DAA,0,100002,discriminative_score,0.1473577235772357,0.0049285998589358
PETS_U_BF_EFULL_DAA,0,100002,predictive_score,0.1144644242203867,0.0057632369828094
PETS_U_BF_EFULL_DAA,0,100003,context_fid,0.7850940091416706,0.0754861533679339
PETS_U_BF_EFULL_DAA,0,100003,correlation_score,0.0777907893061637,
PETS_U_BF_EFULL_DAA,0,100003,discriminative_score,0.1538617886178862,0.0050772341450393
PETS_U_BF_EFULL_DAA,0,100003,predictive_score,0.113506843901329,0.0064777661334034
PETS_U_BF_EFULL_DAA,0,100004,context_fid,0.7980298305469181,0.0816025389624082
PETS_U_BF_EFULL_DAA,0,100004,correlation_score,0.0669816583395004,
PETS_U_BF_EFULL_DAA,0,100004,discriminative_score,0.1479674796747967,0.0175280574490653
PETS_U_BF_EFULL_DAA,0,100004,predictive_score,0.1138709424408261,0.0054824375560534
PETS_U_BF_EFULL_DAA,1,100000,context_fid,0.6943008598322497,0.0746779811522718
PETS_U_BF_EFULL_DAA,1,100000,correlation_score,0.0955980420112609,
PETS_U_BF_EFULL_DAA,1,100000,discriminative_score,0.1189024390243902,0.0224784251111789
PETS_U_BF_EFULL_DAA,1,100000,predictive_score,0.119130163319672,0.0071609033317605
PETS_U_BF_EFULL_DAA,1,100001,context_fid,0.7328275240051648,0.0769259000621212
PETS_U_BF_EFULL_DAA,1,100001,correlation_score,0.1043818145990371,
PETS_U_BF_EFULL_DAA,1,100001,discriminative_score,0.1189024390243902,0.0096795779673094
PETS_U_BF_EFULL_DAA,1,100001,predictive_score,0.1322940798519691,0.0263357359757309
PETS_U_BF_EFULL_DAA,1,100002,context_fid,0.7023515271930334,0.071593563956839
PETS_U_BF_EFULL_DAA,1,100002,correlation_score,0.1029446572065353,
PETS_U_BF_EFULL_DAA,1,100002,discriminative_score,0.1278455284552845,0.0188367597465002
PETS_U_BF_EFULL_DAA,1,100002,predictive_score,0.119384901975233,0.0059235331788302
PETS_U_BF_EFULL_DAA,1,100003,context_fid,0.7019416858303132,0.0715258525983396
PETS_U_BF_EFULL_DAA,1,100003,correlation_score,0.1038707122206687,
PETS_U_BF_EFULL_DAA,1,100003,discriminative_score,0.1376016260162601,0.0056655934409619
PETS_U_BF_EFULL_DAA,1,100003,predictive_score,0.114378529830598,0.0059781047074957
PETS_U_BF_EFULL_DAA,1,100004,context_fid,0.7274065588293834,0.0790954508215811
PETS_U_BF_EFULL_DAA,1,100004,correlation_score,0.0928747057914733,
PETS_U_BF_EFULL_DAA,1,100004,discriminative_score,0.1252032520325203,0.0241322739673906
PETS_U_BF_EFULL_DAA,1,100004,predictive_score,0.117123275613873,0.0054100742460574
PETS_U_BF_EFULL_DAA,2,100000,context_fid,0.8286259714740861,0.0959638186835415
PETS_U_BF_EFULL_DAA,2,100000,correlation_score,0.0744094401597976,
PETS_U_BF_EFULL_DAA,2,100000,discriminative_score,0.1241869918699187,0.022736081612691
PETS_U_BF_EFULL_DAA,2,100000,predictive_score,0.1170017291732013,0.0068736683035699
PETS_U_BF_EFULL_DAA,2,100001,context_fid,0.8841526896969354,0.1024475552947485
PETS_U_BF_EFULL_DAA,2,100001,correlation_score,0.0818415060639381,
PETS_U_BF_EFULL_DAA,2,100001,discriminative_score,0.1274390243902439,0.0069254979826832
PETS_U_BF_EFULL_DAA,2,100001,predictive_score,0.1163024973269178,0.007483492163645
PETS_U_BF_EFULL_DAA,2,100002,context_fid,0.8265085472638667,0.0935486376539112
PETS_U_BF_EFULL_DAA,2,100002,correlation_score,0.0768522694706916,
PETS_U_BF_EFULL_DAA,2,100002,discriminative_score,0.1270325203252032,0.0088432154137427
PETS_U_BF_EFULL_DAA,2,100002,predictive_score,0.1160430724344223,0.0056597177254979
PETS_U_BF_EFULL_DAA,2,100003,context_fid,0.8324965952778722,0.0934688496442354
PETS_U_BF_EFULL_DAA,2,100003,correlation_score,0.073170006275177,
PETS_U_BF_EFULL_DAA,2,100003,discriminative_score,0.1441056910569106,0.0183468034087752
PETS_U_BF_EFULL_DAA,2,100003,predictive_score,0.1155353548535155,0.0066844448238961
PETS_U_BF_EFULL_DAA,2,100004,context_fid,0.8821710117899331,0.103308881673417
PETS_U_BF_EFULL_DAA,2,100004,correlation_score,0.0732446163892746,
PETS_U_BF_EFULL_DAA,2,100004,discriminative_score,0.1323170731707317,0.0259200137888198
PETS_U_BF_EFULL_DAA,2,100004,predictive_score,0.1155901607685336,0.0074208820936308
PETS_U_BF_EFULL_DAA,42,100000,context_fid,0.8283131413182435,0.0834442720690949
PETS_U_BF_EFULL_DAA,42,100000,correlation_score,0.0838647037744522,
PETS_U_BF_EFULL_DAA,42,100000,discriminative_score,0.1288617886178862,0.0123365779719459
PETS_U_BF_EFULL_DAA,42,100000,predictive_score,0.115912449054728,0.0036491065338838
PETS_U_BF_EFULL_DAA,42,100001,context_fid,0.8772280930963919,0.0886635849852614
PETS_U_BF_EFULL_DAA,42,100001,correlation_score,0.0886519104242324,
PETS_U_BF_EFULL_DAA,42,100001,discriminative_score,0.1355691056910569,0.0044110842305306
PETS_U_BF_EFULL_DAA,42,100001,predictive_score,0.1155873675171885,0.0050810912771459
PETS_U_BF_EFULL_DAA,42,100002,context_fid,0.8290898507829844,0.0824750999972909
PETS_U_BF_EFULL_DAA,42,100002,correlation_score,0.0838789194822311,
PETS_U_BF_EFULL_DAA,42,100002,discriminative_score,0.1463414634146341,0.0047623473633577
PETS_U_BF_EFULL_DAA,42,100002,predictive_score,0.1143082085429038,0.0056799123205013
PETS_U_BF_EFULL_DAA,42,100003,context_fid,0.8365190392299411,0.0818526742785723
PETS_U_BF_EFULL_DAA,42,100003,correlation_score,0.0845697894692421,
PETS_U_BF_EFULL_DAA,42,100003,discriminative_score,0.1461382113821138,0.0060157108077027
PETS_U_BF_EFULL_DAA,42,100003,predictive_score,0.1138297743647551,0.0053842206145876
PETS_U_BF_EFULL_DAA,42,100004,context_fid,0.8603360965561042,0.0890359329256598
PETS_U_BF_EFULL_DAA,42,100004,correlation_score,0.0766681581735611,
PETS_U_BF_EFULL_DAA,42,100004,discriminative_score,0.1434959349593496,0.0160671985154241
PETS_U_BF_EFULL_DAA,42,100004,predictive_score,0.1143941779898038,0.0048372185968582
PETS_U_BF_EFULL_DAA,123,100000,context_fid,0.8570624019083896,0.0870186008022532
PETS_U_BF_EFULL_DAA,123,100000,correlation_score,0.079743817448616,
PETS_U_BF_EFULL_DAA,123,100000,discriminative_score,0.1445121951219512,0.0132893260473801
PETS_U_BF_EFULL_DAA,123,100000,predictive_score,0.1176492230917271,0.0059933399529629
PETS_U_BF_EFULL_DAA,123,100001,context_fid,0.8951972831659095,0.0880795774251081
PETS_U_BF_EFULL_DAA,123,100001,correlation_score,0.0898345559835434,
PETS_U_BF_EFULL_DAA,123,100001,discriminative_score,0.1558943089430894,0.0062580505359108
PETS_U_BF_EFULL_DAA,123,100001,predictive_score,0.1155741890235428,0.006699610184282
PETS_U_BF_EFULL_DAA,123,100002,context_fid,0.8635942212172671,0.0846736510003448
PETS_U_BF_EFULL_DAA,123,100002,correlation_score,0.0852977707982063,
PETS_U_BF_EFULL_DAA,123,100002,discriminative_score,0.1599593495934959,0.0109812541945041
PETS_U_BF_EFULL_DAA,123,100002,predictive_score,0.1164830732739877,0.0062641184402651
PETS_U_BF_EFULL_DAA,123,100003,context_fid,0.8761626622176917,0.0846056803901527
PETS_U_BF_EFULL_DAA,123,100003,correlation_score,0.0871243327856063,
PETS_U_BF_EFULL_DAA,123,100003,discriminative_score,0.158739837398374,0.0098760411489889
PETS_U_BF_EFULL_DAA,123,100003,predictive_score,0.1137511482490178,0.0061069909419923
PETS_U_BF_EFULL_DAA,123,100004,context_fid,0.8902530240372606,0.0907880636085037
PETS_U_BF_EFULL_DAA,123,100004,correlation_score,0.0735444501042366,
PETS_U_BF_EFULL_DAA,123,100004,discriminative_score,0.1585365853658537,0.0153168983988786
PETS_U_BF_EFULL_DAA,123,100004,predictive_score,0.1132751997518729,0.0069039085580106
PETS_U_BF_EFULL_DFULL,0,100000,context_fid,0.8497552256083726,0.0876648847673778
PETS_U_BF_EFULL_DFULL,0,100000,correlation_score,0.0734497010707855,
PETS_U_BF_EFULL_DFULL,0,100000,discriminative_score,0.1390243902439024,0.0165759478281319
PETS_U_BF_EFULL_DFULL,0,100000,predictive_score,0.1162477160196431,0.0041391480021755
PETS_U_BF_EFULL_DFULL,0,100001,context_fid,0.8387407297792956,0.0863656211532204
PETS_U_BF_EFULL_DFULL,0,100001,correlation_score,0.0730700939893722,
PETS_U_BF_EFULL_DFULL,0,100001,discriminative_score,0.1414634146341463,0.0111270046285943
PETS_U_BF_EFULL_DFULL,0,100001,predictive_score,0.1141694073843003,0.0062924842609869
PETS_U_BF_EFULL_DFULL,0,100002,context_fid,0.834452049830999,0.0842132970899387
PETS_U_BF_EFULL_DFULL,0,100002,correlation_score,0.0642793625593185,
PETS_U_BF_EFULL_DFULL,0,100002,discriminative_score,0.141869918699187,0.0067441707410719
PETS_U_BF_EFULL_DFULL,0,100002,predictive_score,0.1156624157156329,0.0050937928277735
PETS_U_BF_EFULL_DFULL,0,100003,context_fid,0.8647083605339309,0.088330268933965
PETS_U_BF_EFULL_DFULL,0,100003,correlation_score,0.0705629363656044,
PETS_U_BF_EFULL_DFULL,0,100003,discriminative_score,0.1558943089430894,0.0204911921319163
PETS_U_BF_EFULL_DFULL,0,100003,predictive_score,0.1137018779312105,0.0059533360875621
PETS_U_BF_EFULL_DFULL,0,100004,context_fid,0.8512961034653753,0.0860904835647003
PETS_U_BF_EFULL_DFULL,0,100004,correlation_score,0.0650054439902305,
PETS_U_BF_EFULL_DFULL,0,100004,discriminative_score,0.1286585365853658,0.0042682926829268
PETS_U_BF_EFULL_DFULL,0,100004,predictive_score,0.1144853545539869,0.0061735619254196
PETS_U_BF_EFULL_DFULL,1,100000,context_fid,0.7857969412411637,0.0862922719498602
PETS_U_BF_EFULL_DFULL,1,100000,correlation_score,0.0975960493087768,
PETS_U_BF_EFULL_DFULL,1,100000,discriminative_score,0.1109756097560975,0.0146468440847125
PETS_U_BF_EFULL_DFULL,1,100000,predictive_score,0.1185459080350786,0.0036601592822896
PETS_U_BF_EFULL_DFULL,1,100001,context_fid,0.7746876617743998,0.0830449520520467
PETS_U_BF_EFULL_DFULL,1,100001,correlation_score,0.1010181456804275,
PETS_U_BF_EFULL_DFULL,1,100001,discriminative_score,0.1211382113821138,0.0213530746578297
PETS_U_BF_EFULL_DFULL,1,100001,predictive_score,0.1165415524248298,0.0055328080719237
PETS_U_BF_EFULL_DFULL,1,100002,context_fid,0.7669305041422638,0.0844069900282934
PETS_U_BF_EFULL_DFULL,1,100002,correlation_score,0.0909602493047714,
PETS_U_BF_EFULL_DFULL,1,100002,discriminative_score,0.1252032520325203,0.0106547499366513
PETS_U_BF_EFULL_DFULL,1,100002,predictive_score,0.1187456278433577,0.0042448807583632
PETS_U_BF_EFULL_DFULL,1,100003,context_fid,0.7933652759974056,0.0866743941635243
PETS_U_BF_EFULL_DFULL,1,100003,correlation_score,0.0987202748656272,
PETS_U_BF_EFULL_DFULL,1,100003,discriminative_score,0.1315040650406504,0.0257280465935317
PETS_U_BF_EFULL_DFULL,1,100003,predictive_score,0.116096738415005,0.0044577864445946
PETS_U_BF_EFULL_DFULL,1,100004,context_fid,0.777119694129525,0.082561829652846
PETS_U_BF_EFULL_DFULL,1,100004,correlation_score,0.0913086980581283,
PETS_U_BF_EFULL_DFULL,1,100004,discriminative_score,0.1182926829268292,0.0052806427060026
PETS_U_BF_EFULL_DFULL,1,100004,predictive_score,0.1159668884853696,0.0051507826539329
PETS_U_BF_EFULL_DFULL,2,100000,context_fid,0.9501477884180995,0.1113244435359085
PETS_U_BF_EFULL_DFULL,2,100000,correlation_score,0.0804660469293594,
PETS_U_BF_EFULL_DFULL,2,100000,discriminative_score,0.1367886178861788,0.0213530746578297
PETS_U_BF_EFULL_DFULL,2,100000,predictive_score,0.1182841201204307,0.0064528639582561
PETS_U_BF_EFULL_DFULL,2,100001,context_fid,0.9493020246020945,0.110336296190474
PETS_U_BF_EFULL_DFULL,2,100001,correlation_score,0.0805430859327316,
PETS_U_BF_EFULL_DFULL,2,100001,discriminative_score,0.1382113821138211,0.0268938616374359
PETS_U_BF_EFULL_DFULL,2,100001,predictive_score,0.1171212794688472,0.0081156061383133
PETS_U_BF_EFULL_DFULL,2,100002,context_fid,0.9097366336394748,0.1075653677886521
PETS_U_BF_EFULL_DFULL,2,100002,correlation_score,0.0733900368213653,
PETS_U_BF_EFULL_DFULL,2,100002,discriminative_score,0.1276422764227642,0.0257424937897625
PETS_U_BF_EFULL_DFULL,2,100002,predictive_score,0.1166662239256766,0.0060383396534175
PETS_U_BF_EFULL_DFULL,2,100003,context_fid,0.9363854142147926,0.1102502179730114
PETS_U_BF_EFULL_DFULL,2,100003,correlation_score,0.0731205642223358,
PETS_U_BF_EFULL_DFULL,2,100003,discriminative_score,0.140040650406504,0.0233014072964455
PETS_U_BF_EFULL_DFULL,2,100003,predictive_score,0.1161816051191332,0.0064413211664471
PETS_U_BF_EFULL_DFULL,2,100004,context_fid,0.95848578836461,0.1110055983723835
PETS_U_BF_EFULL_DFULL,2,100004,correlation_score,0.0772175043821334,
PETS_U_BF_EFULL_DFULL,2,100004,discriminative_score,0.1282520325203252,0.0326793621402699
PETS_U_BF_EFULL_DFULL,2,100004,predictive_score,0.118914424554229,0.0083188951231753
PETS_U_BF_EFULL_DFULL,42,100000,context_fid,0.9243038090449252,0.0927732326725807
PETS_U_BF_EFULL_DFULL,42,100000,correlation_score,0.0849714130163192,
PETS_U_BF_EFULL_DFULL,42,100000,discriminative_score,0.131910569105691,0.0251137606033796
PETS_U_BF_EFULL_DFULL,42,100000,predictive_score,0.1171248809726724,0.0040823323043776
PETS_U_BF_EFULL_DFULL,42,100001,context_fid,0.933361033042636,0.0933408495911418
PETS_U_BF_EFULL_DFULL,42,100001,correlation_score,0.0891513302922248,
PETS_U_BF_EFULL_DFULL,42,100001,discriminative_score,0.1371951219512195,0.0085365853658536
PETS_U_BF_EFULL_DFULL,42,100001,predictive_score,0.1151976453561474,0.0056602756222178
PETS_U_BF_EFULL_DFULL,42,100002,context_fid,0.8979366129869936,0.0907992601489285
PETS_U_BF_EFULL_DFULL,42,100002,correlation_score,0.0772329568862915,
PETS_U_BF_EFULL_DFULL,42,100002,discriminative_score,0.1475609756097561,0.0151705552495423
PETS_U_BF_EFULL_DFULL,42,100002,predictive_score,0.1175430347663374,0.0049156119511019
PETS_U_BF_EFULL_DFULL,42,100003,context_fid,0.9186746549712008,0.0921525049041705
PETS_U_BF_EFULL_DFULL,42,100003,correlation_score,0.0827441737055778,
PETS_U_BF_EFULL_DFULL,42,100003,discriminative_score,0.1530487804878049,0.0092071151649643
PETS_U_BF_EFULL_DFULL,42,100003,predictive_score,0.1141458704957282,0.0054859783616688
PETS_U_BF_EFULL_DFULL,42,100004,context_fid,0.9178904552332496,0.0908133480132574
PETS_U_BF_EFULL_DFULL,42,100004,correlation_score,0.0823229551315307,
PETS_U_BF_EFULL_DFULL,42,100004,discriminative_score,0.1313008130081301,0.0056655934409619
PETS_U_BF_EFULL_DFULL,42,100004,predictive_score,0.1135881644775812,0.006152895777166
PETS_U_BF_EFULL_DFULL,123,100000,context_fid,0.9434507224725144,0.1000075090497372
PETS_U_BF_EFULL_DFULL,123,100000,correlation_score,0.0809678062796592,
PETS_U_BF_EFULL_DFULL,123,100000,discriminative_score,0.1650406504065041,0.0199487495240894
PETS_U_BF_EFULL_DFULL,123,100000,predictive_score,0.1165822446932907,0.0054242891937726
PETS_U_BF_EFULL_DFULL,123,100001,context_fid,0.921418870779434,0.0925714089211351
PETS_U_BF_EFULL_DFULL,123,100001,correlation_score,0.0853817909955978,
PETS_U_BF_EFULL_DFULL,123,100001,discriminative_score,0.1623983739837398,0.008119912339609
PETS_U_BF_EFULL_DFULL,123,100001,predictive_score,0.1138876858847955,0.0069902075225496
PETS_U_BF_EFULL_DFULL,123,100002,context_fid,0.9138020504854186,0.092513991321717
PETS_U_BF_EFULL_DFULL,123,100002,correlation_score,0.0739242434501648,
PETS_U_BF_EFULL_DFULL,123,100002,discriminative_score,0.1652439024390244,0.0080663149727579
PETS_U_BF_EFULL_DFULL,123,100002,predictive_score,0.1175335620725187,0.0061686253746938
PETS_U_BF_EFULL_DFULL,123,100003,context_fid,0.960291095814706,0.098790075070243
PETS_U_BF_EFULL_DFULL,123,100003,correlation_score,0.0798860341310501,
PETS_U_BF_EFULL_DFULL,123,100003,discriminative_score,0.1768292682926829,0.0043970137505658
PETS_U_BF_EFULL_DFULL,123,100003,predictive_score,0.1154424575053478,0.0064094183194129
PETS_U_BF_EFULL_DFULL,123,100004,context_fid,0.9369274758250472,0.0952310629145396
PETS_U_BF_EFULL_DFULL,123,100004,correlation_score,0.080232597887516,
PETS_U_BF_EFULL_DFULL,123,100004,discriminative_score,0.1554878048780488,0.0111936339943206
PETS_U_BF_EFULL_DFULL,123,100004,predictive_score,0.1135992808275053,0.0076976451175247
